text,unsolicited__no,unsolicited__yes,kind__personal,kind__transactional,kind__promotional,kind__scam,asks_action__no,asks_action__yes,risk__0,risk__1,risk__2,risk__3,risk__4
Ha ha ha good joke. Girls are situation seekers.,0.97,0.03,0.96,0.01,0.01,0.02,0.97,0.03,0.95,0.03,0.01,0.005,0.005
Hi its in durban are you still on this number,0.94,0.06,0.9,0.02,0.01,0.07,0.28,0.72,0.8,0.1,0.06,0.03,0.01
Send me the new number,0.97,0.03,0.95,0.01,0.01,0.03,0.15000000000000002,0.85,0.9,0.06,0.03,0.007,0.003
"Orange customer, you may now claim your FREE CAMERA PHONE upgrade for your loyalty. Call now on 0207 153 9996. Offer ends 14thMarch. T&C's apply. Opt-out availa",0.030000000000000027,0.97,0.01,0.02,0.35,0.62,0.030000000000000027,0.97,0.01,0.15,0.35,0.4,0.09
Ya:)going for restaurant..,0.97,0.03,0.95,0.02,0.02,0.01,0.95,0.05,0.94,0.04,0.01,0.005,0.005
"I'll get there at 3, unless you guys want me to come some time sooner",0.98,0.02,0.97,0.01,0.01,0.01,0.75,0.25,0.95,0.04,0.01,0.0,0.0
"U so lousy, run already come back then half dead... Hee...",0.98,0.02,0.97,0.01,0.01,0.01,0.97,0.03,0.96,0.03,0.01,0.0,0.0
Stop calling everyone saying I might have cancer. My throat hurts to talk. I can't be answering everyones calls. If I get one more call I'm not babysitting on Monday,0.98,0.02,0.97,0.01,0.01,0.01,0.75,0.25,0.93,0.05,0.01,0.005,0.005
"Alright, see you in a bit",0.98,0.02,0.96,0.02,0.01,0.01,0.97,0.03,0.95,0.03,0.01,0.005,0.005
Buy Space Invaders 4 a chance 2 win orig Arcade Game console. Press 0 for Games Arcade (std WAP charge) See o2.co.uk/games 4 Terms + settings. No purchase,0.040000000000000036,0.96,0.01,0.02,0.87,0.1,0.050000000000000044,0.95,0.02,0.55,0.35,0.06,0.02
At home also.,0.97,0.03,0.95,0.02,0.01,0.02,0.97,0.03,0.95,0.03,0.01,0.005,0.005
"Aight, call me once you're close",0.98,0.02,0.97,0.01,0.01,0.01,0.25,0.75,0.93,0.05,0.01,0.005,0.005
Does she usually take fifteen fucking minutes to respond to a yes or no question,0.97,0.03,0.96,0.01,0.01,0.02,0.88,0.12,0.94,0.04,0.01,0.005,0.005
"Arngd marriage is while u r walkin unfortuntly a snake bites u. bt love marriage is dancing in frnt of d snake &amp; sayin Bite me, bite me.",0.92,0.08,0.9,0.01,0.05,0.04,0.97,0.03,0.93,0.05,0.01,0.007,0.003
Be happy there. I will come after noon,0.97,0.03,0.96,0.01,0.01,0.02,0.92,0.08,0.94,0.04,0.01,0.005,0.005
Slept? I thinkThis time ( &lt;#&gt;  pm) is not dangerous,0.97,0.03,0.95,0.02,0.01,0.02,0.92,0.08,0.93,0.05,0.01,0.005,0.005
"Yo my trip got postponed, you still stocked up?",0.96,0.04,0.95,0.01,0.01,0.03,0.75,0.25,0.9,0.06,0.03,0.01,0.0
I take it the post has come then! You must have 1000s of texts now! Happy reading. My one from wiv hello caroline at the end is my favourite. Bless him,0.98,0.02,0.97,0.01,0.01,0.01,0.95,0.05,0.95,0.04,0.01,0.0,0.0
Hello! How r u? Im bored. Inever thought id get bored with the tv but I am. Tell me something exciting has happened there? Anything! =/,0.97,0.03,0.96,0.01,0.01,0.02,0.7,0.3,0.94,0.04,0.01,0.005,0.005
HI BABE IM AT HOME NOW WANNA DO SOMETHING? XX,0.97,0.03,0.96,0.01,0.01,0.02,0.65,0.35,0.93,0.04,0.02,0.007,0.003
10 min later k...,0.97,0.03,0.96,0.02,0.01,0.01,0.92,0.08,0.95,0.03,0.01,0.005,0.005
Where is it. Is there any opening for mca.,0.97,0.03,0.95,0.01,0.02,0.02,0.4,0.6,0.9,0.07,0.02,0.007,0.003
"1) Go to write msg 2) Put on Dictionary mode 3)Cover the screen with hand, 4)Press  &lt;#&gt; . 5)Gently remove Ur hand.. Its interesting..:)",0.88,0.12,0.82,0.01,0.04,0.13,0.44999999999999996,0.55,0.65,0.25,0.08,0.015,0.005
What is important is that you prevent dehydration by giving her enough fluids,0.97,0.03,0.95,0.03,0.01,0.01,0.88,0.12,0.93,0.05,0.01,0.005,0.005
So is there anything specific I should be doing with regards to jaklin or what because idk what the fuck,0.97,0.03,0.95,0.01,0.01,0.03,0.4,0.6,0.9,0.06,0.03,0.007,0.003
Good morning. At the repair shop--the ONLY reason i'm up at this hour.,0.97,0.03,0.95,0.02,0.01,0.02,0.97,0.03,0.95,0.03,0.01,0.005,0.005
Boo what time u get out? U were supposed to take me shopping today. :(,0.98,0.02,0.97,0.01,0.01,0.01,0.44999999999999996,0.55,0.93,0.05,0.01,0.005,0.005
Lol or I could just starve and lose a pound by the end of the day.,0.98,0.02,0.97,0.01,0.01,0.01,0.98,0.02,0.96,0.03,0.005,0.003,0.002
I love to give massages. I use lots of baby oil... What is your fave position?,0.75,0.25,0.72,0.01,0.07,0.2,0.6,0.4,0.6,0.2,0.12,0.06,0.02
Oooh bed ridden ey? What are YOU thinking of?,0.98,0.02,0.97,0.01,0.01,0.01,0.88,0.12,0.95,0.03,0.01,0.005,0.005
Ok no prob,0.97,0.03,0.95,0.02,0.01,0.02,0.97,0.03,0.95,0.03,0.01,0.005,0.005
I.ll post her out l8r. In class,0.98,0.02,0.97,0.01,0.01,0.01,0.95,0.05,0.96,0.03,0.01,0.0,0.0
"What do you do, my dog ? Must I always wait till the end of your day to have word from you ? Did you run out of time on your cell already?",0.98,0.02,0.97,0.01,0.01,0.01,0.8,0.2,0.95,0.03,0.01,0.005,0.005
I dont know what to do to come out of this so only am ask questions like this dont mistake me.,0.97,0.03,0.95,0.01,0.01,0.03,0.95,0.05,0.93,0.04,0.02,0.007,0.003
What i told before i tell. Stupid hear after i wont tell anything to you. You dad called to my brother and spoken. Not with me.,0.97,0.03,0.96,0.01,0.01,0.02,0.94,0.06,0.94,0.04,0.01,0.005,0.005
Is there any movie theatre i can go to and watch unlimited movies and just pay once?,0.97,0.03,0.96,0.01,0.02,0.01,0.88,0.12,0.95,0.04,0.01,0.0,0.0
"Send ur birthdate with month and year, I will tel u ur LIFE PARTNER'S name. and the method of calculation. Reply must.",0.65,0.35,0.6,0.02,0.08,0.3,0.050000000000000044,0.95,0.1,0.4,0.35,0.13,0.02
Alright. I'm out--have a good night!,0.98,0.02,0.97,0.01,0.01,0.01,0.97,0.03,0.96,0.03,0.005,0.003,0.002
Lol no ouch but wish i'd stayed out a bit longer,0.98,0.02,0.97,0.01,0.01,0.01,0.97,0.03,0.96,0.03,0.01,0.0,0.0
"Good afternoon, my boytoy ... How are you feeling today ? Better I hope? Are you being my good boy? Are you my obedient, slave? Do you please your Queen?",0.96,0.04,0.95,0.005,0.02,0.025,0.88,0.12,0.93,0.04,0.02,0.007,0.003
Ok good then i later come find ü... C lucky i told ü to go earlier... Later pple take finish ü no more again...,0.98,0.02,0.97,0.01,0.01,0.01,0.95,0.05,0.96,0.03,0.01,0.0,0.0
How dare you stupid. I wont tell anything to you. Hear after i wont talk to you:-.,0.97,0.03,0.96,0.01,0.01,0.02,0.97,0.03,0.95,0.03,0.01,0.005,0.005
Ok going to sleep. Hope i can meet her.,0.98,0.02,0.97,0.01,0.01,0.01,0.97,0.03,0.96,0.03,0.005,0.003,0.002
U say leh... Of course nothing happen lar. Not say v romantic jus a bit only lor. I thk e nite scenery not so nice leh.,0.98,0.02,0.97,0.01,0.01,0.01,0.97,0.03,0.96,0.03,0.01,0.0,0.0
Honestly i've just made a lovely cup of tea and promptly dropped my keys in it and then burnt my fingers getting them out!,0.98,0.02,0.97,0.01,0.01,0.01,0.98,0.02,0.96,0.03,0.005,0.003,0.002
Did you stitch his trouser,0.97,0.03,0.95,0.02,0.01,0.02,0.88,0.12,0.94,0.04,0.01,0.005,0.005
All was well until slightly disastrous class this pm with my fav darlings! Hope day off ok. Coffee wld be good as can't stay late tomorrow. Same time + place as always?,0.98,0.02,0.97,0.01,0.01,0.01,0.4,0.6,0.93,0.05,0.01,0.005,0.005
Have you heard about that job? I'm going to that wildlife talk again tonight if u want2come. Its that2worzels and a wizzle or whatever it is?!,0.98,0.02,0.97,0.01,0.01,0.01,0.7,0.3,0.95,0.04,0.01,0.0,0.0
On ma way to school. Can you pls send me ashley's number,0.97,0.03,0.96,0.01,0.01,0.02,0.15000000000000002,0.85,0.88,0.07,0.03,0.015,0.005
"If you're still up, maybe leave the credit card so I can get gas when I get back like he told me to",0.97,0.03,0.95,0.01,0.01,0.03,0.4,0.6,0.8,0.12,0.05,0.02,0.01
"Yes..but they said its IT.,",0.97,0.03,0.95,0.02,0.01,0.02,0.95,0.05,0.94,0.04,0.01,0.005,0.005
As in different styles?,0.97,0.03,0.95,0.01,0.01,0.03,0.9,0.1,0.94,0.04,0.01,0.007,0.003
Ok... Then r we meeting later?,0.98,0.02,0.96,0.01,0.01,0.02,0.75,0.25,0.95,0.03,0.01,0.005,0.005
Congratulations ur awarded 500 of CD vouchers or 125gift guaranteed & Free entry 2 100 wkly draw txt MUSIC to 87066 TnCs www.Ldew.com1win150ppmx3age16,0.010000000000000009,0.99,0.005,0.005,0.1,0.89,0.020000000000000018,0.98,0.01,0.05,0.15,0.55,0.24
"What do u reckon as need 2 arrange transport if u can't do it, thanks",0.97,0.03,0.95,0.02,0.01,0.02,0.15000000000000002,0.85,0.9,0.07,0.02,0.007,0.003
PRIVATE! Your 2003 Account Statement for shows 800 un-redeemed S. I. M. points. Call 08718738002 Identifier Code: 48922 Expires 21/11/04,0.020000000000000018,0.98,0.005,0.01,0.06,0.925,0.020000000000000018,0.98,0.005,0.02,0.1,0.5,0.375
"Thanx 4 the time weve spent 2geva, its bin mint! Ur my Baby and all I want is u!xxxx",0.98,0.02,0.97,0.005,0.01,0.015,0.97,0.03,0.96,0.03,0.007,0.002,0.001
"I want to show you the world, princess :) how about europe?",0.96,0.04,0.95,0.01,0.02,0.02,0.88,0.12,0.92,0.05,0.02,0.007,0.003
Another month. I need chocolate weed and alcohol.,0.97,0.03,0.96,0.01,0.01,0.02,0.92,0.08,0.94,0.04,0.01,0.007,0.003
"Sir, I have been late in paying rent for the past few months and had to pay a $ &lt;#&gt;  charge. I felt it would be inconsiderate of me to nag about something you give at great cost to yourself and that's why i didnt speak up. I however am in a recession and wont be able to pay the charge this month hence my askin well ahead of month's end. Can you please help. Thanks",0.97,0.03,0.95,0.01,0.01,0.03,0.09999999999999998,0.9,0.7,0.2,0.06,0.03,0.01
"aight we can pick some up, you open before tonight?",0.97,0.03,0.95,0.02,0.01,0.02,0.4,0.6,0.93,0.05,0.01,0.005,0.005
"Sunshine Hols. To claim ur med holiday send a stamped self address envelope to Drinks on Us UK, PO Box 113, Bray, Wicklow, Eire. Quiz Starts Saturday! Unsub Stop",0.030000000000000027,0.97,0.01,0.01,0.3,0.68,0.09999999999999998,0.9,0.02,0.15,0.35,0.4,0.08
FREE for 1st week! No1 Nokia tone 4 ur mob every week just txt NOKIA to 8007 Get txting and tell ur mates www.getzed.co.uk POBox 36504 W45WQ norm150p/tone 16+,0.030000000000000027,0.97,0.01,0.01,0.85,0.13,0.030000000000000027,0.97,0.01,0.45,0.4,0.12,0.02
I want to tell you how bad I feel that basically the only times I text you lately are when I need drugs,0.97,0.03,0.96,0.01,0.01,0.02,0.95,0.05,0.93,0.04,0.02,0.007,0.003
What can i do? Might accidant tookplace between somewhere ghodbandar rd. Traffic moves slovely. So plz slip &amp; don't worry.,0.97,0.03,0.95,0.02,0.01,0.02,0.88,0.12,0.93,0.05,0.01,0.005,0.005
Want explicit SEX in 30 secs? Ring 02073162414 now! Costs 20p/min,0.020000000000000018,0.98,0.01,0.005,0.6,0.385,0.020000000000000018,0.98,0.01,0.15,0.5,0.3,0.04
Yar lor... How u noe? U used dat route too?,0.98,0.02,0.97,0.01,0.01,0.01,0.92,0.08,0.95,0.03,0.01,0.005,0.005
Anyway holla at me whenever you're around because I need an excuse to go creep on people in sarasota,0.98,0.02,0.97,0.01,0.01,0.01,0.4,0.6,0.93,0.05,0.01,0.005,0.005
S s..first time..dhoni rocks...,0.97,0.03,0.96,0.01,0.02,0.01,0.97,0.03,0.96,0.03,0.01,0.0,0.0
Juz now havent woke up so a bit blur blur... Can? Dad went out liao... I cant cum now oso...,0.98,0.02,0.97,0.01,0.01,0.01,0.88,0.12,0.95,0.03,0.01,0.005,0.005
I've been barred from all B and Q stores for life!?This twat in orange dungerees came up to me and asked if I wanted decking? So I got the first punch in!!,0.95,0.05,0.95,0.01,0.02,0.02,0.97,0.03,0.95,0.03,0.01,0.005,0.005
"I'm back &amp; we're packing the car now, I'll let you know if there's room",0.98,0.02,0.97,0.01,0.01,0.01,0.95,0.05,0.96,0.03,0.01,0.0,0.0
Aslamalaikkum....insha allah tohar beeen muht albi mufti mahfuuz...meaning same here....,0.97,0.03,0.96,0.01,0.01,0.02,0.95,0.05,0.95,0.03,0.01,0.007,0.003
I meant as an apology from me for texting you to get me drugs at  &lt;#&gt; at night,0.97,0.03,0.96,0.01,0.01,0.02,0.95,0.05,0.94,0.04,0.01,0.005,0.005
Have you heard from this week?,0.95,0.05,0.93,0.02,0.02,0.03,0.85,0.15,0.9,0.06,0.03,0.007,0.003
Yup having my lunch buffet now.. U eat already?,0.98,0.02,0.97,0.01,0.01,0.01,0.75,0.25,0.96,0.03,0.005,0.003,0.002
"Sir, Waiting for your mail.",0.94,0.06,0.9,0.06,0.02,0.02,0.44999999999999996,0.55,0.85,0.1,0.04,0.007,0.003
Are you still getting the goods.,0.95,0.05,0.94,0.02,0.02,0.02,0.88,0.12,0.9,0.06,0.03,0.007,0.003
Still at west coast... Haiz... Ü'll take forever to come back...,0.98,0.02,0.97,0.01,0.01,0.01,0.97,0.03,0.96,0.03,0.01,0.0,0.0
Dear how is chechi. Did you talk to her,0.97,0.03,0.95,0.01,0.01,0.03,0.65,0.35,0.93,0.05,0.01,0.005,0.005
"I don't have anybody's number, I still haven't thought up a tactful way to ask alex",0.97,0.03,0.96,0.01,0.01,0.02,0.92,0.08,0.95,0.03,0.01,0.005,0.005
Den wat will e schedule b lk on sun?,0.97,0.03,0.95,0.02,0.01,0.02,0.6,0.4,0.93,0.05,0.01,0.005,0.005
Am also doing in cbe only. But have to pay.,0.97,0.03,0.95,0.02,0.01,0.02,0.95,0.05,0.93,0.04,0.02,0.007,0.003
Only if you promise your getting out as SOON as you can. And you'll text me in the morning to let me know you made it in ok.,0.98,0.02,0.97,0.01,0.01,0.01,0.44999999999999996,0.55,0.9,0.07,0.02,0.007,0.003
Wat so late still early mah. Or we juz go 4 dinner lor. Aiya i dunno...,0.98,0.02,0.97,0.01,0.01,0.01,0.92,0.08,0.95,0.04,0.01,0.0,0.0
Nan sonathaya soladha. Why boss?,0.97,0.03,0.96,0.01,0.01,0.02,0.88,0.12,0.94,0.04,0.01,0.005,0.005
What time you thinkin of goin?,0.97,0.03,0.96,0.01,0.01,0.02,0.75,0.25,0.94,0.04,0.01,0.005,0.005
Probably earlier than that if the station's where I think it is,0.98,0.02,0.96,0.02,0.01,0.01,0.97,0.03,0.95,0.03,0.01,0.005,0.005
Hey we can go jazz power yoga hip hop kb and yogasana,0.97,0.03,0.95,0.02,0.02,0.01,0.88,0.12,0.94,0.04,0.01,0.005,0.005
But am going to college pa. What to do. are else ill come there it self. Pa.,0.97,0.03,0.96,0.01,0.01,0.02,0.75,0.25,0.93,0.05,0.01,0.005,0.005
Good afternoon starshine! How's my boytoy? Does he crave me yet? Ache to fuck me ? *sips cappuccino* I miss you babe *teasing kiss*,0.96,0.04,0.95,0.005,0.01,0.035,0.95,0.05,0.93,0.04,0.02,0.008,0.002
"Thanx. Yup we coming back on sun. Finish dinner going back 2 hotel now. Time flies, we're tog 4 exactly a mth today. Hope we'll haf many more mths to come...",0.98,0.02,0.97,0.01,0.01,0.01,0.97,0.03,0.95,0.03,0.01,0.005,0.005
Going on nothing great.bye,0.97,0.03,0.95,0.01,0.01,0.03,0.97,0.03,0.94,0.04,0.01,0.005,0.005
No you'll just get a headache trying to figure it out. U can trust me to do the math. I promise. O:-),0.98,0.02,0.97,0.01,0.01,0.01,0.95,0.05,0.95,0.03,0.01,0.005,0.005
"Yes, my reg is  Ciao!",0.96,0.04,0.94,0.02,0.01,0.03,0.95,0.05,0.93,0.05,0.015,0.004,0.001
"Good afternon, my love. How are today? I hope your good and maybe have some interviews. I wake and miss you babe. A passionate kiss from across the sea",0.96,0.04,0.94,0.005,0.005,0.05,0.95,0.05,0.9,0.06,0.02,0.015,0.005
Please ask mummy to call father,0.97,0.03,0.95,0.01,0.01,0.03,0.4,0.6,0.9,0.07,0.02,0.007,0.003
URGENT We are trying to contact you Last weekends draw shows u have won a £1000 prize GUARANTEED Call 09064017295 Claim code K52 Valid 12hrs 150p pm,0.010000000000000009,0.99,0.005,0.005,0.02,0.97,0.010000000000000009,0.99,0.005,0.02,0.08,0.45,0.445
"A bit of Ur smile is my hppnss, a drop of Ur tear is my sorrow, a part of Ur heart is my life, a heart like mine wil care for U, forevr as my GOODFRIEND",0.88,0.12,0.8500000000000001,0.010000000000000002,0.060000000000000005,0.08000000000000002,0.97,0.03,0.9,0.07,0.02,0.007,0.003
"Er yeah, i will b there at 15:26, sorry! Just tell me which pub/cafe to sit in and come wen u can",0.98,0.02,0.96,0.01,0.01,0.02,0.4,0.6,0.9,0.06,0.02,0.01,0.01
Darren was saying dat if u meeting da ge den we dun meet 4 dinner. Cos later u leave xy will feel awkward. Den u meet him 4 lunch lor.,0.98,0.02,0.97,0.01,0.01,0.01,0.88,0.12,0.95,0.04,0.01,0.0,0.0
"Dear Matthew please call 09063440451 from a landline, your complimentary 4*Lux Tenerife holiday or £1000 CASH await collection. ppm150 SAE T&Cs Box334 SK38XH.",0.010000000000000009,0.99,0.005,0.005,0.06,0.93,0.010000000000000009,0.99,0.005,0.02,0.08,0.5,0.395
I don't want you to leave. But i'm barely doing what i can to stay sane. fighting with you constantly isn't helping.,0.98,0.02,0.97,0.01,0.01,0.01,0.95,0.05,0.95,0.03,0.01,0.005,0.005
"I can probably come by, everybody's done around  &lt;#&gt;  right?",0.98,0.02,0.97,0.01,0.01,0.01,0.65,0.35,0.95,0.04,0.01,0.0,0.0
So that means you still think of teju,0.97,0.03,0.96,0.01,0.01,0.02,0.95,0.05,0.95,0.03,0.01,0.005,0.005
from www.Applausestore.com MonthlySubscription@50p/msg max6/month T&CsC web age16 2stop txt stop,0.06999999999999995,0.93,0.01,0.06,0.55,0.38,0.4,0.6,0.05,0.25,0.4,0.25,0.05
K.k:)i'm going to tirunelvali this week to see my uncle ..i already spend the amount by taking dress .so only i want money.i will give it on feb 1,0.97,0.03,0.95,0.01,0.01,0.03,0.28,0.72,0.7,0.15,0.1,0.04,0.01
But i have to. I like to have love and arrange.,0.96,0.04,0.95,0.01,0.01,0.03,0.95,0.05,0.94,0.04,0.015,0.004,0.001
You are a winner you have been specially selected to receive £1000 cash or a £2000 award. Speak to a live operator to claim call 087147123779am-7pm. Cost 10p,0.010000000000000009,0.99,0.005,0.005,0.03,0.96,0.010000000000000009,0.99,0.005,0.02,0.08,0.5,0.395
Hi did u decide wot 2 get 4 his bday if not ill prob jus get him a voucher frm virgin or sumfing,0.98,0.02,0.97,0.01,0.01,0.01,0.65,0.35,0.95,0.04,0.005,0.003,0.002
Both :) i shoot big loads so get ready!,0.94,0.06,0.92,0.01,0.03,0.04,0.92,0.08,0.9,0.06,0.03,0.007,0.003
K:)k:)what are detail you want to transfer?acc no enough?,0.97,0.03,0.95,0.01,0.01,0.03,0.4,0.6,0.85,0.08,0.04,0.02,0.01
Summers finally here! Fancy a chat or flirt with sexy singles in yr area? To get MATCHED up just reply SUMMER now. Free 2 Join. OptOut txt STOP Help08714742804,0.020000000000000018,0.98,0.01,0.01,0.55,0.43,0.030000000000000027,0.97,0.01,0.15,0.45,0.32,0.07
"It‘s £6 to get in, is that ok?",0.97,0.03,0.95,0.01,0.02,0.02,0.4,0.6,0.9,0.07,0.02,0.007,0.003
Dont let studying stress you out. L8r.,0.97,0.03,0.96,0.01,0.02,0.01,0.97,0.03,0.96,0.03,0.01,0.0,0.0
Love it! I want to flood that pretty pussy with cum...,0.88,0.12,0.85,0.01,0.03,0.11,0.95,0.05,0.88,0.06,0.04,0.015,0.005
"I can't speak, bcaz mobile have problem. I can listen you but you cann't listen my voice. So i calls you later.",0.97,0.03,0.96,0.01,0.01,0.02,0.95,0.05,0.95,0.03,0.01,0.005,0.005
"Awesome question with a cute answer: Someone asked a boy ""how is ur life?"" . . He smiled &amp; answered: . . ""She is fine!"" Gudnite",0.88,0.12,0.88,0.01,0.07,0.04,0.97,0.03,0.93,0.06,0.01,0.0,0.0
"She said,'' do u mind if I go into the bedroom for a minute ? '' ''OK'', I sed in a sexy mood. She came out 5 minuts latr wid a cake...n My Wife,",0.88,0.12,0.8500000000000001,0.010000000000000002,0.060000000000000005,0.08000000000000002,0.96,0.04,0.9,0.07,0.02,0.007,0.003
No. I.ll meet you in the library,0.97,0.03,0.96,0.01,0.01,0.02,0.92,0.08,0.95,0.03,0.01,0.005,0.005
No. I meant the calculation is the same. That  &lt;#&gt; units at  &lt;#&gt; . This school is really expensive. Have you started practicing your accent. Because its important. And have you decided if you are doing 4years of dental school or if you'll just do the nmde exam.,0.98,0.02,0.97,0.01,0.01,0.01,0.88,0.12,0.95,0.04,0.01,0.0,0.0
Yes. They replied my mail. I'm going to the management office later. Plus will in to bank later also.or on wednesday.,0.98,0.02,0.96,0.01,0.01,0.02,0.97,0.03,0.95,0.03,0.01,0.005,0.005
IM GONNAMISSU SO MUCH!!I WOULD SAY IL SEND U A POSTCARD BUTTHERES ABOUTAS MUCH CHANCE OF MEREMEMBERIN ASTHERE IS OFSI NOT BREAKIN HIS CONTRACT!! LUV Yaxx,0.98,0.02,0.97,0.01,0.01,0.01,0.97,0.03,0.96,0.03,0.005,0.003,0.002
"He will, you guys close?",0.97,0.03,0.96,0.01,0.01,0.02,0.65,0.35,0.95,0.03,0.01,0.005,0.005
"Nah, I'm a perpetual DD",0.97,0.03,0.95,0.01,0.01,0.03,0.97,0.03,0.93,0.05,0.01,0.005,0.005
Ugh its been a long day. I'm exhausted. Just want to cuddle up and take a nap,0.97,0.03,0.96,0.01,0.01,0.02,0.97,0.03,0.95,0.03,0.01,0.007,0.003
How come guoyang go n tell her? Then u told her?,0.98,0.02,0.97,0.01,0.01,0.01,0.88,0.12,0.96,0.03,0.01,0.0,0.0
"I don't know, same thing that's wrong everyso often, he panicks starts goin on bout not bein good enough …",0.97,0.03,0.96,0.01,0.01,0.02,0.96,0.04,0.95,0.03,0.01,0.005,0.005
Ok k..sry i knw 2 siva..tats y i askd..,0.98,0.02,0.97,0.01,0.01,0.01,0.97,0.03,0.96,0.03,0.01,0.0,0.0
Hey you around? I've got enough for a half + the ten I owe you,0.96,0.04,0.94,0.01,0.01,0.04,0.4,0.6,0.85,0.08,0.05,0.015,0.005
I am late. I will be there at,0.97,0.03,0.96,0.02,0.01,0.01,0.96,0.04,0.95,0.03,0.01,0.005,0.005
You please give us connection today itself before  &lt;DECIMAL&gt;  or refund the bill,0.94,0.06,0.9,0.05,0.02,0.03,0.28,0.72,0.72,0.2,0.05,0.02,0.01
"A cute thought for friendship: ""Its not necessary to share every secret with ur close Frnd, but watever u shared should be true""....",0.88,0.12,0.85,0.01,0.07,0.07,0.97,0.03,0.9,0.08,0.015,0.004,0.001
How i noe... Did ü specify da domain as nusstu... Ü still in sch...,0.98,0.02,0.97,0.01,0.01,0.01,0.75,0.25,0.95,0.04,0.01,0.0,0.0
Ok not a problem will get them a taxi. C ing  tomorrow and tuesday. On tuesday think we r all going to the cinema.,0.98,0.02,0.97,0.01,0.01,0.01,0.95,0.05,0.96,0.03,0.005,0.003,0.002
It has issues right now. Ill fix for her by tomorrow.,0.97,0.03,0.95,0.02,0.01,0.02,0.96,0.04,0.94,0.04,0.01,0.005,0.005
That's a shame! Maybe cld meet for few hrs tomo?,0.98,0.02,0.97,0.01,0.01,0.01,0.65,0.35,0.95,0.03,0.01,0.005,0.005
"Better than bb. If he wont use it, his wife will or them doctor",0.97,0.03,0.95,0.01,0.02,0.02,0.95,0.05,0.93,0.05,0.01,0.005,0.005
CHEERS LOU! YEAH WAS A GOODNITE SHAME U NEVA CAME! C YA GAILxx,0.98,0.02,0.97,0.01,0.01,0.01,0.97,0.03,0.96,0.03,0.01,0.0,0.0
.Please charge my mobile when you get up in morning.,0.97,0.03,0.96,0.01,0.01,0.02,0.85,0.15,0.93,0.05,0.01,0.005,0.005
83039 62735=£450 UK Break AccommodationVouchers terms & conditions apply. 2 claim you mustprovide your claim number which is 15541,0.020000000000000018,0.98,0.005,0.005,0.09,0.9,0.15000000000000002,0.85,0.02,0.06,0.17,0.5,0.25
"URGENT! Your mobile number *************** WON a £2000 Bonus Caller prize on 10/06/03! This is the 2nd attempt to reach you! Call 09066368753 ASAP! Box 97N7QP, 150ppm",0.010000000000000009,0.99,0.005,0.005,0.03,0.96,0.010000000000000009,0.99,0.005,0.02,0.08,0.5,0.395
Oops. 4 got that bit.,0.97,0.03,0.96,0.01,0.01,0.02,0.97,0.03,0.96,0.03,0.01,0.0,0.0
Freemsg: 1-month unlimited free calls! Activate SmartCall Txt: CALL to No: 68866. Subscriptn3gbp/wk unlimited calls Help: 08448714184 Stop?txt stop landlineonly,0.030000000000000027,0.97,0.01,0.02,0.5,0.47,0.030000000000000027,0.97,0.01,0.12,0.4,0.37,0.1
PS U no ur a grown up now right?,0.97,0.03,0.95,0.01,0.01,0.03,0.88,0.12,0.9,0.07,0.02,0.01,0.0
After completed degree. There is no use in joining finance.,0.97,0.03,0.95,0.01,0.02,0.02,0.97,0.03,0.95,0.03,0.01,0.005,0.005
"I guess you could be as good an excuse as any, lol.",0.97,0.03,0.95,0.01,0.02,0.02,0.95,0.05,0.94,0.04,0.01,0.005,0.005
"Free msg. Sorry, a service you ordered from 81303 could not be delivered as you do not have sufficient credit. Please top up to receive the service.",0.30000000000000004,0.7,0.03,0.35,0.17,0.45,0.19999999999999996,0.8,0.05,0.2,0.4,0.28,0.07
I will send them to your email. Do you mind  &lt;#&gt;  times per night?,0.97,0.03,0.95,0.01,0.01,0.03,0.75,0.25,0.9,0.07,0.02,0.007,0.003
Hey they r not watching movie tonight so i'll prob b home early...,0.98,0.02,0.97,0.01,0.01,0.01,0.97,0.03,0.96,0.03,0.01,0.0,0.0
"I'm nt goin, got somethin on, unless they meetin 4 dinner lor... Haha, i wonder who will go tis time...",0.98,0.02,0.97,0.01,0.01,0.01,0.95,0.05,0.96,0.03,0.005,0.003,0.002
Hello my little party animal! I just thought I'd buzz you as you were with your friends ...*grins*... Reminding you were loved and send a naughty adoring kiss,0.97,0.03,0.96,0.01,0.01,0.02,0.95,0.05,0.94,0.04,0.01,0.007,0.003
Huh so slow i tot u reach long ago liao... U 2 more days only i 4 more leh...,0.98,0.02,0.97,0.01,0.01,0.01,0.95,0.05,0.95,0.03,0.01,0.005,0.005
"We are hoping to get away by 7, from Langport. You still up for town tonight?",0.98,0.02,0.97,0.01,0.01,0.01,0.4,0.6,0.95,0.04,0.01,0.0,0.0
"TODAY is Sorry day.! If ever i was angry with you, if ever i misbehaved or hurt you? plz plz JUST SLAP URSELF Bcoz, Its ur fault, I'm basically GOOD",0.92,0.08,0.9,0.01,0.03,0.06,0.95,0.05,0.9,0.08,0.015,0.004,0.001
"Can you please ask macho what his price range is, does he want something new or used plus it he only interfued in the blackberry bold  &lt;#&gt;  or any bb",0.97,0.03,0.95,0.01,0.02,0.02,0.19999999999999996,0.8,0.9,0.07,0.02,0.007,0.003
Oh yeah! And my diet just flew out the window,0.97,0.03,0.96,0.01,0.02,0.01,0.97,0.03,0.95,0.04,0.01,0.0,0.0
I will take care of financial problem.i will help:),0.96,0.04,0.94,0.01,0.01,0.04,0.95,0.05,0.92,0.04,0.02,0.015,0.005
"I'm there and I can see you, but you can't see me ? Maybe you should reboot ym ? I seen the buzz",0.97,0.03,0.96,0.01,0.01,0.02,0.65,0.35,0.9,0.07,0.02,0.007,0.003
"Wait that's still not all that clear, were you not sure about me being sarcastic or that that's why x doesn't want to live with us",0.98,0.02,0.96,0.01,0.01,0.02,0.75,0.25,0.95,0.03,0.01,0.005,0.005
"Sorry that took so long, omw now",0.98,0.02,0.97,0.01,0.01,0.01,0.97,0.03,0.96,0.03,0.01,0.0,0.0
Tell them the drug dealer's getting impatient,0.97,0.03,0.95,0.01,0.01,0.03,0.4,0.6,0.85,0.08,0.05,0.015,0.005
If he started searching he will get job in few days.he have great potential and talent.,0.97,0.03,0.96,0.01,0.01,0.02,0.97,0.03,0.95,0.03,0.01,0.005,0.005
I am sorry it hurt you.,0.97,0.03,0.96,0.01,0.01,0.02,0.97,0.03,0.95,0.03,0.01,0.007,0.003
"Em, its olowoyey@ usc.edu have a great time in argentina. Not sad about secretary, everything is a blessing",0.96,0.04,0.95,0.01,0.01,0.03,0.95,0.05,0.93,0.05,0.015,0.004,0.001
FREE entry into our £250 weekly competition just text the word WIN to 80086 NOW. 18 T&C www.txttowin.co.uk,0.020000000000000018,0.98,0.005,0.005,0.55,0.44,0.010000000000000009,0.99,0.005,0.15,0.4,0.35,0.095
"I got another job! The one at the hospital doing data analysis or something, starts on monday! Not sure when my thesis will got finished",0.98,0.02,0.97,0.01,0.01,0.01,0.97,0.03,0.96,0.03,0.005,0.003,0.002
"The guy (kadeem) hasn't been selling since the break, I know one other guy but he's paranoid as fuck and doesn't like selling without me there and I can't be up there til late tonight",0.97,0.03,0.96,0.01,0.01,0.02,0.92,0.08,0.9,0.06,0.03,0.007,0.003
"Ya they are well and fine., BBD(pooja) full pimples..even she become quite black..and ur rite here its too cold, wearing sweatter..",0.98,0.02,0.97,0.01,0.01,0.01,0.97,0.03,0.96,0.03,0.01,0.0,0.0
I thk ü gotta go home by urself. Cos i'll b going out shopping 4 my frens present.,0.98,0.02,0.97,0.01,0.01,0.01,0.92,0.08,0.95,0.04,0.01,0.0,0.0
Ya i knw u vl giv..its ok thanks kano..anyway enjoy wit ur family wit 1st salary..:-);-),0.98,0.02,0.97,0.01,0.01,0.01,0.96,0.04,0.95,0.03,0.01,0.005,0.005
i thought we were doing a king of the hill thing there.,0.97,0.03,0.96,0.01,0.01,0.02,0.95,0.05,0.95,0.03,0.01,0.005,0.005
But i'm really really broke oh. No amount is too small even  &lt;#&gt;,0.96,0.04,0.94,0.01,0.01,0.04,0.4,0.6,0.7,0.15,0.09,0.04,0.02
Yo come over carlos will be here soon,0.98,0.02,0.97,0.01,0.01,0.01,0.4,0.6,0.93,0.05,0.01,0.005,0.005
"Maybe westshore or hyde park village, the place near my house?",0.98,0.02,0.96,0.01,0.01,0.02,0.88,0.12,0.95,0.03,0.01,0.005,0.005
"Aight no rush, I'll ask jay",0.97,0.03,0.96,0.01,0.01,0.02,0.95,0.05,0.94,0.04,0.01,0.005,0.005
No dear i do have free messages without any recharge. Hi hi hi,0.97,0.03,0.95,0.01,0.02,0.02,0.95,0.05,0.93,0.05,0.01,0.005,0.005
Oooh I got plenty of those!,0.97,0.03,0.96,0.01,0.01,0.02,0.97,0.03,0.95,0.03,0.01,0.005,0.005
Call to the number which is available in appointment. And ask to connect the call to waheed fathima.,0.94,0.06,0.9,0.07,0.01,0.02,0.09999999999999998,0.9,0.7000000000000001,0.20000000000000004,0.08000000000000002,0.015000000000000001,0.005000000000000001
"Alright omw, gotta change my order to a half8th",0.97,0.03,0.95,0.02,0.01,0.02,0.95,0.05,0.9,0.06,0.03,0.007,0.003
No screaming means shouting..,0.95,0.05,0.95,0.01,0.01,0.03,0.95,0.05,0.94,0.04,0.01,0.005,0.005
Or ü go buy wif him then i meet ü later can?,0.98,0.02,0.97,0.01,0.01,0.01,0.75,0.25,0.95,0.03,0.01,0.005,0.005
Today is ACCEPT DAY..U Accept me as? Brother Sister Lover Dear1 Best1 Clos1 Lvblefrnd Jstfrnd Cutefrnd Lifpartnr Belovd Swtheart Bstfrnd No rply means enemy,0.75,0.25,0.85,0.01,0.04,0.1,0.15000000000000002,0.85,0.7,0.22,0.06,0.015,0.005
"Brainless Baby Doll..:-D;-), vehicle sariyag drive madoke barolla..",0.97,0.03,0.95,0.01,0.02,0.02,0.95,0.05,0.94,0.04,0.01,0.005,0.005
Usually the body takes care of it buy making sure it doesnt progress. Can we pls continue this talk on saturday.,0.98,0.02,0.96,0.01,0.01,0.02,0.75,0.25,0.93,0.05,0.01,0.005,0.005
"FreeMSG You have been awarded a FREE mini DIGITAL CAMERA, just reply SNAP to collect your prize! (quizclub Opt out? Stop 80122300p/wk SP:RWM Ph:08704050406)",0.020000000000000018,0.98,0.005,0.005,0.15,0.84,0.020000000000000018,0.98,0.01,0.05,0.2,0.55,0.19
"There're some people by mu, I'm at the table by lambda",0.97,0.03,0.96,0.02,0.01,0.01,0.88,0.12,0.94,0.04,0.01,0.005,0.005
Oh oh... Wasted... Den muz chiong on sat n sun liao...,0.98,0.02,0.97,0.01,0.01,0.01,0.97,0.03,0.96,0.03,0.01,0.0,0.0
"hey, looks like I was wrong and one of the kappa guys numbers is still on my phone, if you want I can text him and see if he's around",0.97,0.03,0.96,0.01,0.01,0.02,0.65,0.35,0.9,0.07,0.02,0.007,0.003
"Thank you so much. When we skyped wit kz and sura, we didnt get the pleasure of your company. Hope you are good. We've given you ultimatum oh! We are countin down to aburo. Enjoy! This is the message i sent days ago",0.98,0.02,0.97,0.01,0.01,0.01,0.95,0.05,0.95,0.04,0.01,0.0,0.0
HI DARLIN IM MISSIN U HOPE YOU ARE HAVING A GOOD TIME. WHEN ARE U BACK AND WHAT TIME IF U CAN GIVE ME A CALL AT HOME. JESS XX,0.98,0.02,0.96,0.01,0.01,0.02,0.30000000000000004,0.7,0.9,0.06,0.03,0.007,0.003
Natalie (20/F) is inviting you to be her friend. Reply YES-165 or NO-165 See her: www.SMS.ac/u/natalie2k9 STOP? Send STOP FRND to 62468,0.030000000000000027,0.97,0.01,0.02,0.35,0.62,0.020000000000000018,0.98,0.01,0.12,0.4,0.4,0.07
"Ya, i'm referin to mei's ex wat... No ah, waitin 4 u to treat, somebody shld b rich liao...So gd, den u dun have to work frm tmr onwards...",0.98,0.02,0.97,0.01,0.01,0.01,0.95,0.05,0.96,0.03,0.005,0.003,0.002
Mm not entirely sure i understood that text but hey. Ho. Which weekend?,0.97,0.03,0.96,0.01,0.01,0.02,0.65,0.35,0.95,0.03,0.01,0.005,0.005
What he said is not the matter. My mind saying some other matter is there.,0.97,0.03,0.95,0.01,0.01,0.03,0.95,0.05,0.94,0.04,0.01,0.005,0.005
Remember to ask alex about his pizza,0.97,0.03,0.96,0.02,0.01,0.01,0.75,0.25,0.95,0.04,0.01,0.0,0.0
Cancel cheyyamo?and get some money back?,0.97,0.03,0.95,0.02,0.01,0.02,0.44999999999999996,0.55,0.9,0.07,0.02,0.007,0.003
"Just making dinner, you ?",0.98,0.02,0.97,0.01,0.01,0.01,0.85,0.15,0.95,0.03,0.01,0.005,0.005
Then ü ask dad to pick ü up lar... Ü wan 2 stay until 6 meh...,0.98,0.02,0.97,0.01,0.01,0.01,0.88,0.12,0.95,0.03,0.01,0.005,0.005
"Jolly good! By the way,  will give u tickets for sat eve 7.30. Speak before then x",0.98,0.02,0.97,0.01,0.01,0.01,0.88,0.12,0.95,0.04,0.01,0.0,0.0
Yup ok thanx...,0.98,0.02,0.97,0.01,0.01,0.01,0.98,0.02,0.96,0.03,0.01,0.0,0.0
Huh but i got lesson at 4 lei n i was thinkin of going to sch earlier n i tot of parkin at kent vale...,0.98,0.02,0.97,0.01,0.01,0.01,0.95,0.05,0.96,0.03,0.01,0.0,0.0
Same. Wana plan a trip sometme then,0.98,0.02,0.97,0.01,0.01,0.01,0.75,0.25,0.95,0.03,0.01,0.005,0.005
"I hav almost reached. Call, i m unable to connect u.",0.98,0.02,0.97,0.01,0.01,0.01,0.15000000000000002,0.85,0.93,0.05,0.01,0.005,0.005
Hope you are having a great day.,0.88,0.12,0.85,0.02,0.08,0.05,0.97,0.03,0.9,0.06,0.03,0.01,0.0
You won't believe it but it's true. It's Incredible Txts! Reply G now to learn truly amazing things that will blow your mind. From O2FWD only 18p/txt,0.030000000000000027,0.97,0.01,0.01,0.72,0.26,0.030000000000000027,0.97,0.01,0.25,0.5,0.21,0.03
Or remind me in a few hrs.,0.96,0.04,0.95,0.02,0.01,0.02,0.30000000000000004,0.7,0.93,0.05,0.01,0.005,0.005
Ok.,0.97,0.03,0.95,0.02,0.01,0.02,0.97,0.03,0.95,0.03,0.01,0.005,0.005
"Well the weather in cali's great. But its complexities are great. You need a car to move freely, its taxes are outrageous. But all in all its a great place. The sad part is i missing home.",0.98,0.02,0.97,0.01,0.01,0.01,0.98,0.02,0.96,0.03,0.005,0.003,0.002
Ü no home work to do meh...,0.97,0.03,0.95,0.01,0.01,0.03,0.95,0.05,0.95,0.03,0.01,0.005,0.005
Ew are you one of them?,0.97,0.03,0.96,0.01,0.01,0.02,0.75,0.25,0.95,0.03,0.01,0.005,0.005
Excellent! Are you ready to moan and scream in ecstasy?,0.85,0.15,0.8,0.01,0.1,0.09,0.88,0.12,0.8,0.12,0.06,0.015,0.005
Your brother is a genius,0.96,0.04,0.94,0.01,0.02,0.03,0.97,0.03,0.94,0.04,0.015,0.004,0.001
Thanks 4 your continued support Your question this week will enter u in2 our draw 4 £100 cash. Name the NEW US President? txt ans to 80082,0.030000000000000027,0.97,0.01,0.02,0.35,0.62,0.030000000000000027,0.97,0.010000000000000002,0.12000000000000001,0.35000000000000003,0.42000000000000004,0.10000000000000002
I can make lasagna for you... vodka...,0.97,0.03,0.95,0.01,0.02,0.02,0.92,0.08,0.93,0.05,0.01,0.005,0.005
"My friend, she's studying at warwick, we've planned to go shopping and to concert tmw, but it may be canceled, havn't seen  for ages, yeah we should get together sometime!",0.98,0.02,0.97,0.01,0.01,0.01,0.88,0.12,0.95,0.04,0.01,0.0,0.0
Tiwary to rcb.battle between bang and kochi.,0.95,0.05,0.93,0.02,0.03,0.02,0.95,0.05,0.94,0.04,0.01,0.005,0.005
"Argh my 3g is spotty, anyway the only thing I remember from the research we did was that province and sterling were the only problem-free places we looked at",0.98,0.02,0.97,0.01,0.01,0.01,0.95,0.05,0.95,0.04,0.01,0.0,0.0
"Sorry, left phone upstairs. OK, might be hectic but would be all my birds with one fell swoop. It's a date.",0.98,0.02,0.97,0.01,0.01,0.01,0.95,0.05,0.96,0.03,0.01,0.0,0.0
Then u better go sleep.. Dun disturb u liao.. U wake up then msg me lor..,0.98,0.02,0.97,0.01,0.01,0.01,0.65,0.35,0.95,0.04,0.005,0.003,0.002
"Today's Offer! Claim ur £150 worth of discount vouchers! Text YES to 85023 now! SavaMob, member offers mobile! T Cs 08717898035. £3.00 Sub. 16 . Unsub reply X",0.020000000000000018,0.98,0.005,0.01,0.6,0.385,0.020000000000000018,0.98,0.01,0.15,0.45,0.32,0.07
Double Mins & Double Txt & 1/2 price Linerental on Latest Orange Bluetooth mobiles. Call MobileUpd8 for the very latest offers. 08000839402 or call2optout/LF56,0.030000000000000027,0.97,0.01,0.01,0.88,0.1,0.050000000000000044,0.95,0.02,0.65,0.28,0.04,0.01
Hi i won't b ard 4 christmas. But do enjoy n merry x'mas.,0.97,0.03,0.96,0.01,0.02,0.01,0.97,0.03,0.95,0.04,0.01,0.0,0.0
"Sir, I need AXIS BANK account no and bank address.",0.8,0.2,0.68,0.03,0.02,0.27,0.15000000000000002,0.85,0.05,0.2,0.42,0.26,0.07
"Oh! Shit, I thought that was your trip! Loooooool ... That just makes SO much more sense now ... *grins* and the sofa reference was ... The ""sleep on a couch"" link you sent me ... Wasn't that how you went on your trip ? Oh ... And didn't your babe go with you for that celebration with your rents?",0.98,0.02,0.97,0.01,0.01,0.01,0.88,0.12,0.95,0.03,0.01,0.005,0.005
"Velly good, yes please!",0.97,0.03,0.95,0.01,0.01,0.03,0.95,0.05,0.95,0.03,0.01,0.005,0.005
Gr8. So how do you handle the victoria island traffic. Plus when's the album due,0.97,0.03,0.96,0.01,0.01,0.02,0.75,0.25,0.94,0.04,0.01,0.005,0.005
Dude how do you like the buff wind.,0.97,0.03,0.95,0.01,0.02,0.02,0.75,0.25,0.94,0.04,0.01,0.005,0.005
That seems unnecessarily hostile,0.97,0.03,0.95,0.01,0.01,0.03,0.95,0.05,0.94,0.04,0.015,0.004,0.001
Once free call me sir. I am waiting for you.,0.95,0.05,0.93,0.03,0.01,0.03,0.09999999999999998,0.9,0.82,0.12,0.04,0.015,0.005
SMS SERVICES For your inclusive text credits pls gotto www.comuk.net login 3qxj9 unsubscribe with STOP no extra charge help 08702840625 comuk.220cm2 9AE,0.050000000000000044,0.95,0.01,0.05,0.55,0.39,0.050000000000000044,0.95,0.02,0.2,0.5,0.23,0.05
Hi msg me:)i'm in office..,0.96,0.04,0.95,0.01,0.01,0.03,0.25,0.75,0.9,0.06,0.03,0.007,0.003
Is xy in ur car when u picking me up?,0.98,0.02,0.97,0.01,0.01,0.01,0.75,0.25,0.95,0.03,0.01,0.005,0.005
LOOK AT THE FUCKIN TIME. WHAT THE FUCK YOU THINK IS UP,0.97,0.03,0.96,0.01,0.01,0.02,0.95,0.05,0.95,0.03,0.01,0.005,0.005
Todays Vodafone numbers ending with 4882 are selected to a receive a £350 award. If your number matches call 09064019014 to receive your £350 award.,0.020000000000000018,0.98,0.005,0.005,0.03,0.96,0.020000000000000018,0.98,0.005,0.015,0.05,0.4,0.53
"""Hi its Kate it was lovely to see you tonight and ill phone you tomorrow. I got to sing and a guy gave me his card! xxx""",0.98,0.02,0.97,0.01,0.01,0.01,0.95,0.05,0.95,0.04,0.01,0.0,0.0
"Could you not read me, my Love ? I answered you",0.96,0.04,0.95,0.01,0.01,0.03,0.85,0.15,0.9,0.06,0.03,0.01,0.0
"Free-message: Jamster!Get the crazy frog sound now! For poly text MAD1, for real text MAD2 to 88888. 6 crazy sounds for just 3 GBP/week! 16+only! T&C's apply",0.020000000000000018,0.98,0.005,0.01,0.9,0.085,0.030000000000000027,0.97,0.01,0.45,0.4,0.12,0.02
Want to finally have lunch today?,0.97,0.03,0.95,0.01,0.02,0.02,0.4,0.6,0.9,0.06,0.03,0.007,0.003
Wot about on wed nite I am 3 then but only til 9!,0.98,0.02,0.96,0.01,0.01,0.02,0.85,0.15,0.95,0.03,0.01,0.005,0.005
Don know..wait i will check it.,0.98,0.02,0.96,0.01,0.01,0.02,0.95,0.05,0.95,0.03,0.01,0.005,0.005
I sent them. Do you like?,0.97,0.03,0.95,0.01,0.01,0.03,0.4,0.6,0.93,0.04,0.02,0.007,0.003
What was she looking for?,0.97,0.03,0.95,0.01,0.01,0.03,0.75,0.25,0.95,0.03,0.01,0.005,0.005
"You have come into my life and brought the sun ..Shiny down on me, warming my heart. Putting a constant smile on my face ... Making me feel loved and cared for",0.95,0.05,0.93,0.01,0.02,0.04,0.97,0.03,0.92,0.05,0.02,0.01,0.0
Now got tv 2 watch meh? U no work today?,0.98,0.02,0.96,0.01,0.01,0.02,0.88,0.12,0.95,0.03,0.01,0.005,0.005
I am going to film 2day da. At 6pm. Sorry da.,0.97,0.03,0.96,0.01,0.01,0.02,0.95,0.05,0.95,0.03,0.01,0.005,0.005
Watching tv lor... Y she so funny we bluff her 4 wat. Izzit because she thk it's impossible between us?,0.98,0.02,0.97,0.01,0.01,0.01,0.9,0.1,0.96,0.03,0.005,0.003,0.002
Doing project w frens lor.,0.98,0.02,0.97,0.01,0.01,0.01,0.97,0.03,0.96,0.03,0.01,0.0,0.0
Howz that persons story,0.97,0.03,0.95,0.01,0.01,0.03,0.7,0.3,0.93,0.05,0.015,0.004,0.001
"Open rebtel with firefox. When it loads just put plus sign in the user name place, and it will show you two numbers. The lower number is my number. Once you pick that number the pin will display okay!",0.95,0.05,0.93,0.02,0.01,0.04,0.09999999999999998,0.9,0.55,0.3,0.12,0.02,0.01
FreeMsg: Hey - I'm Buffy. 25 and love to satisfy men. Home alone feeling randy. Reply 2 C my PIX! QlynnBV Help08700621170150p a msg Send stop to stop txts,0.020000000000000018,0.98,0.01,0.005,0.35,0.635,0.030000000000000027,0.97,0.01,0.07,0.35,0.45,0.12
"Hey, a guy I know is breathing down my neck to get him some bud, anyway you'd be able to get a half track to usf tonight?",0.95,0.05,0.93,0.01,0.01,0.05,0.09999999999999998,0.9,0.5499999999999999,0.14999999999999997,0.19999999999999996,0.06999999999999999,0.029999999999999992
"That's fine, have him give me a call if he knows what he wants or has any questions",0.98,0.02,0.97,0.01,0.01,0.01,0.75,0.25,0.95,0.03,0.01,0.005,0.005
"Nothing really, just making sure everybody's up to speed",0.97,0.03,0.96,0.01,0.01,0.02,0.96,0.04,0.95,0.03,0.01,0.005,0.005
Sure but since my parents will be working on Tuesday I don't really need a cover story,0.98,0.02,0.97,0.01,0.01,0.01,0.97,0.03,0.96,0.03,0.01,0.0,0.0
happened here while you were adventuring,0.95,0.05,0.92,0.02,0.03,0.03,0.95,0.05,0.9,0.06,0.03,0.007,0.003
Refused a loan? Secured or Unsecured? Can't get credit? Call free now 0800 195 6669 or text back 'help' & we will!,0.020000000000000018,0.98,0.01,0.01,0.6,0.38,0.020000000000000018,0.98,0.01,0.15,0.5,0.29,0.05
"Almost there, see u in a sec",0.98,0.02,0.97,0.01,0.01,0.01,0.97,0.03,0.96,0.03,0.01,0.0,0.0
No * am working on the ringing u thing but have whole houseful of screaming brats so * am pulling my hair out! Loving u,0.98,0.02,0.97,0.01,0.01,0.01,0.95,0.05,0.95,0.03,0.01,0.005,0.005
No chikku nt yet.. Ya i'm free,0.98,0.02,0.97,0.01,0.01,0.01,0.95,0.05,0.96,0.03,0.01,0.0,0.0
"I'm taking derek &amp; taylor to walmart, if I'm not back by the time you're done just leave the mouse on my desk and I'll text you when priscilla's ready",0.98,0.02,0.97,0.01,0.01,0.01,0.75,0.25,0.95,0.04,0.005,0.003,0.002
I wish things were different. I wonder when i will be able to show you how much i value you. Pls continue the brisk walks no drugs without askin me please and find things to laugh about. I love you dearly.,0.98,0.02,0.97,0.01,0.01,0.01,0.88,0.12,0.95,0.04,0.005,0.003,0.002
"URGENT! Your mobile No *********** WON a £2,000 Bonus Caller Prize on 02/06/03! This is the 2nd attempt to reach YOU! Call 09066362220 ASAP! BOX97N7QP, 150ppm",0.010000000000000009,0.99,0.005,0.005,0.03,0.96,0.010000000000000009,0.99,0.005,0.02,0.08,0.5,0.395
either way works for me. I am  &lt;#&gt;  years old. Hope that doesnt bother you.,0.97,0.03,0.95,0.01,0.01,0.03,0.95,0.05,0.93,0.04,0.02,0.007,0.003
Pls speak with me. I wont ask anything other then you friendship.,0.94,0.06,0.9,0.01,0.01,0.08,0.4,0.6,0.85,0.08,0.05,0.015,0.005
"wow. You're right! I didn't mean to do that. I guess once i gave up on boston men and changed my search location to nyc, something changed. Cuz on my signin page it still says boston.",0.97,0.03,0.96,0.01,0.01,0.02,0.96,0.04,0.95,0.03,0.01,0.005,0.005
Oh ic. I thought you meant mary jane.,0.97,0.03,0.96,0.01,0.01,0.02,0.97,0.03,0.95,0.03,0.01,0.005,0.005
(Bank of Granite issues Strong-Buy) EXPLOSIVE PICK FOR OUR MEMBERS *****UP OVER 300% *********** Nasdaq Symbol CDGT That is a $5.00 per..,0.020000000000000018,0.98,0.01,0.01,0.2,0.78,0.4,0.6,0.03,0.12,0.25,0.45,0.15
ringtoneking 84484,0.28,0.72,0.18,0.07,0.55,0.2,0.44999999999999996,0.55,0.2,0.3,0.4,0.08,0.02
I accidentally deleted the message. Resend please.,0.95,0.05,0.95,0.01,0.01,0.03,0.25,0.75,0.85,0.1,0.03,0.01,0.01
Take care and sleep well.you need to learn to change in life.you only need to get CONVINCED on that.i will wait but no more conversations between us.GET CONVINCED by that time.Your family is over for you in many senses.respect them but not overemphasise.or u have no role in my life.,0.97,0.03,0.96,0.01,0.01,0.02,0.88,0.12,0.9,0.07,0.02,0.007,0.003
Prof: you have passed in all the papers in this sem congrats . . . . Student: Enna kalaachutaarama..!! Prof:???? Gud mrng!,0.94,0.06,0.93,0.01,0.03,0.03,0.97,0.03,0.95,0.04,0.01,0.0,0.0
Also remember the beads don't come off. Ever.,0.96,0.04,0.95,0.01,0.01,0.03,0.92,0.08,0.93,0.05,0.015,0.004,0.001
Are you available for soiree on June 3rd?,0.97,0.03,0.95,0.02,0.02,0.01,0.4,0.6,0.9,0.07,0.02,0.007,0.003
I like dis sweater fr mango but no more my size already so irritating.,0.98,0.02,0.97,0.01,0.01,0.01,0.97,0.03,0.96,0.03,0.01,0.0,0.0
I bought the test yesterday. Its something that lets you know the exact day u ovulate.when will get 2u in about 2 to 3wks. But pls pls dont fret. I know u r worried. Pls relax. Also is there anything in ur past history u need to tell me?,0.98,0.02,0.97,0.01,0.01,0.01,0.65,0.35,0.9,0.07,0.02,0.007,0.003
No way I'm going back there!,0.97,0.03,0.95,0.01,0.02,0.02,0.97,0.03,0.95,0.03,0.01,0.005,0.005
"The gas station is like a block away from my house, you'll drive right by it since armenia ends at swann and you have to take howard",0.98,0.02,0.97,0.01,0.01,0.01,0.95,0.05,0.95,0.03,0.01,0.005,0.005
"Lets use it next week, princess :)",0.97,0.03,0.96,0.01,0.01,0.02,0.95,0.05,0.95,0.03,0.01,0.005,0.005
PRIVATE! Your 2003 Account Statement for 07815296484 shows 800 un-redeemed S.I.M. points. Call 08718738001 Identifier Code 41782 Expires 18/11/04,0.020000000000000018,0.98,0.005,0.01,0.055,0.93,0.020000000000000018,0.98,0.01,0.03,0.16,0.5,0.3
Oh for fuck's sake she's in like tallahassee,0.97,0.03,0.96,0.01,0.01,0.02,0.97,0.03,0.95,0.03,0.01,0.005,0.005
Let me know when you've got the money so carlos can make the call,0.94,0.06,0.9,0.01,0.01,0.08,0.28,0.72,0.72,0.12,0.09,0.05,0.02
Ha! I wouldn't say that I just didn't read anything into way u seemed. I don't like 2 be judgemental....i save that for fridays in the pub!,0.98,0.02,0.97,0.01,0.01,0.01,0.97,0.03,0.95,0.03,0.01,0.005,0.005
"Cool, text me when you're parked",0.98,0.02,0.97,0.01,0.01,0.01,0.4,0.6,0.95,0.04,0.01,0.0,0.0
XCLUSIVE@CLUBSAISAI 2MOROW 28/5 SOIREE SPECIALE ZOUK WITH NICHOLS FROM PARIS.FREE ROSES 2 ALL LADIES !!! info: 07946746291/07880867867,0.09999999999999998,0.9,0.03,0.02,0.88,0.07,0.44999999999999996,0.55,0.1,0.65,0.2,0.04,0.01
Wewa is 130. Iriver 255. All 128 mb.,0.96,0.04,0.95,0.02,0.02,0.01,0.95,0.05,0.95,0.04,0.01,0.0,0.0
Where r e meeting tmr?,0.97,0.03,0.95,0.01,0.01,0.03,0.4,0.6,0.9,0.06,0.03,0.007,0.003
"If e timing can, then i go w u lor...",0.98,0.02,0.97,0.01,0.01,0.01,0.95,0.05,0.96,0.03,0.01,0.0,0.0
"K I'm ready,  &lt;#&gt; ?",0.97,0.03,0.95,0.02,0.01,0.02,0.85,0.15,0.9,0.07,0.02,0.007,0.003
"Hiya, probably coming home * weekend after next",0.97,0.03,0.95,0.01,0.01,0.03,0.95,0.05,0.94,0.04,0.01,0.005,0.005
Yes :)it completely in out of form:)clark also utter waste.,0.97,0.03,0.95,0.01,0.02,0.02,0.97,0.03,0.95,0.03,0.01,0.005,0.005
"I just got home babe, are you still awake ?",0.97,0.03,0.95,0.01,0.01,0.03,0.75,0.25,0.93,0.04,0.02,0.01,0.0
Yeah I don't see why not,0.97,0.03,0.95,0.02,0.01,0.02,0.96,0.04,0.94,0.04,0.01,0.005,0.005
"I thought i'd get him a watch, just cos thats the kind of thing u get4an18th. And he loves so much!",0.98,0.02,0.96,0.01,0.01,0.02,0.95,0.05,0.95,0.03,0.01,0.005,0.005
Then anything special?,0.97,0.03,0.96,0.01,0.01,0.02,0.88,0.12,0.95,0.03,0.01,0.005,0.005
Are you ok. What happen to behave like this,0.97,0.03,0.95,0.01,0.01,0.03,0.8,0.2,0.94,0.03,0.02,0.007,0.003
"I'm in a meeting, call me later at",0.96,0.04,0.94,0.03,0.01,0.02,0.15000000000000002,0.85,0.82,0.12,0.05,0.007,0.003
You dont know you jabo me abi.,0.96,0.04,0.95,0.01,0.01,0.03,0.95,0.05,0.94,0.04,0.01,0.007,0.003
"I do know what u mean,  is the king of not havin credit! I'm goin2bed now. Night night sweet! Only1more sleep!",0.98,0.02,0.97,0.01,0.01,0.01,0.97,0.03,0.96,0.03,0.01,0.0,0.0
"Shit that is really shocking and scary, cant imagine for a second. Def up for night out. Do u think there is somewhere i could crash for night, save on taxi?",0.98,0.02,0.97,0.01,0.01,0.01,0.7,0.3,0.93,0.05,0.01,0.005,0.005
Wat happened to the cruise thing,0.96,0.04,0.93,0.01,0.02,0.04,0.7,0.3,0.9,0.06,0.03,0.01,0.0
When ü login dat time... Dad fetching ü home now?,0.98,0.02,0.97,0.01,0.01,0.01,0.7,0.3,0.95,0.03,0.01,0.005,0.005
Ok no prob. Take ur time.,0.98,0.02,0.97,0.01,0.01,0.01,0.97,0.03,0.96,0.03,0.005,0.003,0.002
"Hack Chat. Get backdoor entry into 121 chat rooms at a fraction of the cost. Reply NEO69 or call 09050280520, to subscribe 25p pm. DPS, Bcm box 8027 Ldn, wc1n3xx",0.020000000000000018,0.98,0.01,0.01,0.55,0.43,0.030000000000000027,0.97,0.01,0.12,0.45,0.35,0.07
Reply to win £100 weekly! What professional sport does Tiger Woods play? Send STOP to 87239 to end service,0.030000000000000027,0.97,0.01,0.01,0.25,0.73,0.050000000000000044,0.95,0.010000000000000002,0.09000000000000001,0.35000000000000003,0.45000000000000007,0.10000000000000002
"Hey, can you tell me blake's address? Carlos wanted me to meet him there but I got lost and he's not answering his phone",0.94,0.06,0.9,0.01,0.01,0.08,0.12,0.88,0.7,0.15,0.1,0.04,0.01
K sure am in my relatives home. Sms me de. Pls:-),0.97,0.03,0.96,0.01,0.01,0.02,0.25,0.75,0.9,0.07,0.02,0.007,0.003
For taking part in our mobile survey yesterday! You can now have 500 texts 2 use however you wish. 2 get txts just send TXT to 80160 T&C www.txt43.com 1.50p,0.040000000000000036,0.96,0.01,0.03,0.35,0.61,0.030000000000000027,0.97,0.01,0.12,0.4,0.42,0.05
Dunno dat's wat he told me. Ok lor...,0.98,0.02,0.97,0.01,0.01,0.01,0.97,0.03,0.96,0.03,0.01,0.0,0.0
Oh ok i didnt know what you meant. Yep i am baby jontin,0.97,0.03,0.96,0.01,0.01,0.02,0.97,0.03,0.95,0.03,0.01,0.007,0.003
A pure hearted person can have a wonderful smile that makes even his/her enemies to feel guilty for being an enemy.. So catch the world with your smile..:) GOODMORNING &amp; HAVE A SMILEY SUNDAY..:),0.92,0.08,0.9,0.01,0.04,0.05,0.97,0.03,0.93,0.05,0.01,0.005,0.005
CERI U REBEL! SWEET DREAMZ ME LITTLE BUDDY!! C YA 2MORO! WHO NEEDS BLOKES,0.97,0.03,0.96,0.01,0.01,0.02,0.96,0.04,0.95,0.03,0.01,0.005,0.005
Or just do that 6times,0.97,0.03,0.95,0.02,0.01,0.02,0.75,0.25,0.9,0.07,0.02,0.007,0.003
"Excellent, I'll see what riley's plans are",0.98,0.02,0.96,0.01,0.01,0.02,0.97,0.03,0.95,0.03,0.01,0.005,0.005
"""SHIT BABE.. THASA BIT MESSED UP.YEH, SHE SHUDVETOLD U. DID URGRAN KNOW?NEWAY, ILLSPEAK 2 U2MORO WEN IM NOT ASLEEP...""",0.98,0.02,0.97,0.01,0.01,0.01,0.95,0.05,0.96,0.03,0.005,0.003,0.002
Msgs r not time pass.They silently say that I am thinking of U right now and also making U think of me at least 4 a moment. Gd nt.swt drms @Shesil,0.92,0.08,0.9,0.01,0.05,0.04,0.95,0.05,0.9,0.07,0.02,0.007,0.003
I am back. Good journey! Let me know if you need any of the receipts. Shall i tell you like the pendent?,0.98,0.02,0.97,0.01,0.01,0.01,0.7,0.3,0.95,0.04,0.005,0.003,0.002
PRIVATE! Your 2003 Account Statement for shows 800 un-redeemed S.I.M. points. Call 08715203685 Identifier Code:4xx26 Expires 13/10/04,0.020000000000000018,0.98,0.005,0.01,0.06,0.925,0.020000000000000018,0.98,0.005,0.02,0.1,0.5,0.375
Reading gud habit.. Nan bari hudgi yorge pataistha ertini kano:-),0.97,0.03,0.96,0.01,0.01,0.02,0.95,0.05,0.95,0.03,0.01,0.005,0.005
"I am late,so call you tomorrow morning.take care sweet dreams....u and me...ummifying...bye.",0.98,0.02,0.97,0.01,0.01,0.01,0.92,0.08,0.95,0.04,0.01,0.0,0.0
"Get 3 Lions England tone, reply lionm 4 mono or lionp 4 poly. 4 more go 2 www.ringtones.co.uk, the original n best. Tones 3GBP network operator rates apply.",0.050000000000000044,0.95,0.01,0.02,0.85,0.12,0.030000000000000027,0.97,0.01,0.45,0.4,0.12,0.02
I think steyn surely get one wicket:),0.98,0.02,0.97,0.01,0.01,0.01,0.97,0.03,0.96,0.03,0.005,0.003,0.002
7 lor... Change 2 suntec... Wat time u coming?,0.98,0.02,0.96,0.01,0.01,0.02,0.44999999999999996,0.55,0.95,0.03,0.01,0.005,0.005
"K, can I pick up another 8th when you're done?",0.97,0.03,0.95,0.01,0.01,0.03,0.4,0.6,0.8,0.12,0.06,0.015,0.005
It does it on its own. Most of the time it fixes my spelling. But sometimes it gets a completely diff word. Go figure,0.97,0.03,0.96,0.01,0.01,0.02,0.97,0.03,0.95,0.03,0.01,0.005,0.005
Can you use foreign stamps for whatever you send them off for?,0.97,0.03,0.95,0.01,0.01,0.03,0.75,0.25,0.94,0.04,0.01,0.005,0.005
U 2.,0.95,0.05,0.93,0.02,0.02,0.03,0.95,0.05,0.94,0.04,0.02,0.0,0.0
Just send a text. We'll skype later.,0.97,0.03,0.95,0.01,0.01,0.03,0.4,0.6,0.9,0.06,0.03,0.007,0.003
You available now? I'm like right around hillsborough &amp;  &lt;#&gt; th,0.97,0.03,0.96,0.01,0.01,0.02,0.4,0.6,0.9,0.06,0.03,0.007,0.003
"Latest News! Police station toilet stolen, cops have nothing to go on!",0.92,0.08,0.9,0.01,0.05,0.04,0.97,0.03,0.93,0.05,0.015,0.004,0.001
You still around? I could use a half-8th,0.96,0.04,0.95,0.01,0.01,0.03,0.44999999999999996,0.55,0.8,0.13,0.05,0.015,0.005
"Yes but i dont care! I need you bad, princess!",0.97,0.03,0.95,0.01,0.01,0.03,0.95,0.05,0.94,0.04,0.01,0.007,0.003
Neshanth..tel me who r u?,0.94,0.06,0.93,0.01,0.01,0.05,0.4,0.6,0.85,0.08,0.05,0.015,0.005
There r many model..sony ericson also der.. &lt;#&gt; ..it luks good bt i forgot modl no,0.97,0.03,0.96,0.01,0.02,0.01,0.95,0.05,0.95,0.04,0.01,0.0,0.0
Dorothy@kiefer.com (Bank of Granite issues Strong-Buy) EXPLOSIVE PICK FOR OUR MEMBERS *****UP OVER 300% *********** Nasdaq Symbol CDGT That is a $5.00 per..,0.020000000000000018,0.98,0.01,0.01,0.2,0.78,0.4,0.6,0.030000000000000002,0.12000000000000001,0.30000000000000004,0.45000000000000007,0.10000000000000002
You have WON a guaranteed £1000 cash or a £2000 prize. To claim yr prize call our customer service representative on 08714712394 between 10am-7pm,0.020000000000000018,0.98,0.005,0.005,0.04,0.95,0.020000000000000018,0.98,0.005,0.02,0.08,0.5,0.395
"Nah I don't think he goes to usf, he lives around here though",0.98,0.02,0.97,0.01,0.01,0.01,0.97,0.03,0.96,0.03,0.01,0.0,0.0
tells u 2 call 09066358152 to claim £5000 prize. U have 2 enter all ur mobile & personal details @ the prompts. Careful!,0.28,0.72,0.28,0.01,0.03,0.68,0.30000000000000004,0.7,0.12,0.06,0.1,0.32,0.4
Rightio. 11.48 it is then. Well arent we all up bright and early this morning.,0.98,0.02,0.97,0.01,0.01,0.01,0.95,0.05,0.96,0.03,0.01,0.0,0.0
How much would it cost to hire a hitman,0.88,0.12,0.85,0.02,0.03,0.1,0.55,0.45,0.72,0.15,0.08,0.04,0.01
Call FREEPHONE 0800 542 0578 now!,0.050000000000000044,0.95,0.03,0.02,0.5,0.45,0.020000000000000018,0.98,0.02,0.15,0.5,0.28,0.05
Full heat pa:-) i have applyed oil pa.,0.98,0.02,0.96,0.01,0.01,0.02,0.97,0.03,0.95,0.03,0.01,0.005,0.005
Ok how you dear. Did you call chechi,0.98,0.02,0.97,0.01,0.01,0.01,0.85,0.15,0.95,0.03,0.01,0.005,0.005
You didnt complete your gist oh.,0.97,0.03,0.96,0.01,0.01,0.02,0.75,0.25,0.93,0.05,0.015,0.004,0.001
Yes. Please leave at  &lt;#&gt; . So that at  &lt;#&gt;  we can leave,0.97,0.03,0.95,0.02,0.01,0.02,0.4,0.6,0.9,0.07,0.02,0.007,0.003
You will recieve your tone within the next 24hrs. For Terms and conditions please see Channel U Teletext Pg 750,0.19999999999999996,0.8,0.02,0.25,0.45,0.28,0.8,0.2,0.2,0.4,0.28,0.1,0.02
Nah im goin 2 the wrks with j wot bout u?,0.98,0.02,0.97,0.01,0.01,0.01,0.75,0.25,0.95,0.03,0.01,0.005,0.005
Been up to ne thing interesting. Did you have a good birthday? When are u wrking nxt? I started uni today.,0.98,0.02,0.97,0.01,0.01,0.01,0.75,0.25,0.95,0.03,0.01,0.005,0.005
Free Msg: Ringtone!From: http://tms. widelive.com/index. wml?id=1b6a5ecef91ff9*37819&first=true18:0430-JUL-05,0.040000000000000036,0.96,0.01,0.03,0.45,0.51,0.15000000000000002,0.85,0.02,0.13,0.5,0.3,0.05
Its not the same here. Still looking for a job. How much do Ta's earn there.,0.98,0.02,0.97,0.01,0.01,0.01,0.75,0.25,0.95,0.03,0.01,0.005,0.005
I'm not driving... Raining! Then i'll get caught at e mrt station lor.,0.98,0.02,0.96,0.01,0.01,0.02,0.95,0.05,0.95,0.03,0.01,0.005,0.005
Not directly behind... Abt 4 rows behind ü...,0.98,0.02,0.97,0.01,0.01,0.01,0.97,0.03,0.96,0.03,0.01,0.0,0.0
Quite ok but a bit ex... U better go eat smth now else i'll feel guilty...,0.98,0.02,0.97,0.01,0.01,0.01,0.88,0.12,0.95,0.04,0.01,0.0,0.0
"Yep, at derek's house now, see you Sunday &lt;3",0.98,0.02,0.97,0.01,0.01,0.01,0.97,0.03,0.96,0.03,0.01,0.0,0.0
You have 1 new voicemail. Please call 08719181513.,0.09999999999999998,0.9,0.01,0.12,0.05,0.82,0.030000000000000027,0.97,0.01,0.06,0.22,0.5,0.21
Just buy a pizza. Meat lovers or supreme. U get to pick.,0.97,0.03,0.96,0.01,0.02,0.01,0.75,0.25,0.9,0.08,0.015,0.003,0.002
Wat makes some people dearer is not just de happiness dat u feel when u meet them but de pain u feel when u miss dem!!!,0.88,0.12,0.85,0.01,0.04,0.1,0.97,0.03,0.9,0.07,0.02,0.007,0.003
Goodmorning sleeping ga.,0.97,0.03,0.95,0.01,0.02,0.02,0.95,0.05,0.95,0.03,0.01,0.005,0.005
Ü all write or wat..,0.97,0.03,0.95,0.01,0.01,0.03,0.75,0.25,0.9,0.06,0.03,0.007,0.003
I have a rather prominent bite mark on my right cheek,0.97,0.03,0.95,0.01,0.01,0.03,0.97,0.03,0.95,0.03,0.01,0.005,0.005
Ok ill tell the company,0.97,0.03,0.95,0.02,0.01,0.02,0.95,0.05,0.94,0.04,0.01,0.005,0.005
Dunno he jus say go lido. Same time 930.,0.98,0.02,0.97,0.01,0.01,0.01,0.95,0.05,0.96,0.03,0.01,0.0,0.0
Was the actual exam harder than NBME,0.97,0.03,0.96,0.01,0.01,0.02,0.75,0.25,0.95,0.03,0.01,0.005,0.005
"Ur balance is now £600. Next question: Complete the landmark, Big, A. Bob, B. Barry or C. Ben ?. Text A, B or C to 83738. Good luck!",0.020000000000000018,0.98,0.01,0.01,0.12,0.86,0.020000000000000018,0.98,0.01,0.05,0.16,0.58,0.2
And do you have any one that can teach me how to ship cars.,0.95,0.05,0.92,0.02,0.03,0.03,0.4,0.6,0.9,0.07,0.02,0.007,0.003
There's someone here that has a year  &lt;#&gt;  toyota camry like mr olayiwola's own. Mileage is  &lt;#&gt; k.its clean but i need to know how much will it sell for. If i can raise the dough for it how soon after landing will it sell. Holla back.,0.97,0.03,0.95,0.01,0.02,0.02,0.15000000000000002,0.85,0.9,0.07,0.02,0.007,0.003
"Hi hope u r both ok, he said he would text and he hasn't, have u seen him, let me down gently please",0.98,0.02,0.97,0.01,0.01,0.01,0.4,0.6,0.93,0.05,0.01,0.005,0.005
"Hello.How u doing?What u been up 2?When will u b moving out of the flat, cos I will need to arrange to pick up the lamp, etc. Take care. Hello caroline!",0.97,0.03,0.96,0.01,0.01,0.02,0.4,0.6,0.9,0.07,0.02,0.007,0.003
Spoons it is then okay?,0.98,0.02,0.97,0.01,0.01,0.01,0.75,0.25,0.95,0.03,0.01,0.005,0.005
"Babe, I need your advice",0.95,0.05,0.94,0.01,0.01,0.04,0.7,0.3,0.9,0.05,0.03,0.015,0.005
I am in tirupur.  call you da.,0.98,0.02,0.97,0.01,0.01,0.01,0.92,0.08,0.95,0.03,0.01,0.005,0.005
Where r we meeting?,0.97,0.03,0.95,0.02,0.01,0.02,0.4,0.6,0.93,0.05,0.01,0.005,0.005
Great! So what attracts you to the brothas?,0.97,0.03,0.95,0.01,0.02,0.02,0.75,0.25,0.92,0.05,0.02,0.01,0.0
Thank you princess! I want to see your nice juicy booty...,0.88,0.12,0.88,0.01,0.03,0.08,0.75,0.25,0.72,0.15,0.09,0.03,0.01
How? Izzit still raining?,0.98,0.02,0.97,0.01,0.01,0.01,0.88,0.12,0.96,0.03,0.005,0.003,0.002
Huh so fast... Dat means u havent finished painting?,0.98,0.02,0.96,0.01,0.01,0.02,0.88,0.12,0.95,0.03,0.01,0.005,0.005
Now am free call me pa.,0.97,0.03,0.96,0.01,0.01,0.02,0.15000000000000002,0.85,0.9,0.06,0.03,0.007,0.003
Captain vijaykanth is doing comedy in captain tv..he is drunken :),0.97,0.03,0.96,0.01,0.02,0.01,0.97,0.03,0.95,0.04,0.01,0.0,0.0
"Good afternoon loverboy ! How goes you day ? Any luck come your way? I think of you, sweetie and send my love across the sea to make you smile and happy",0.94,0.06,0.92,0.01,0.01,0.06,0.95,0.05,0.9,0.06,0.03,0.01,0.0
Oh did you charge camera,0.97,0.03,0.96,0.01,0.01,0.02,0.8,0.2,0.94,0.04,0.01,0.005,0.005
Asking do u knw them or nt? May be ur frnds or classmates?,0.97,0.03,0.95,0.01,0.01,0.03,0.44999999999999996,0.55,0.9,0.06,0.03,0.007,0.003
EASTENDERS TV Quiz. What FLOWER does DOT compare herself to? D= VIOLET E= TULIP F= LILY txt D E or F to 84025 NOW 4 chance 2 WIN £100 Cash WKENT/150P16+,0.030000000000000027,0.97,0.01,0.01,0.45,0.53,0.020000000000000018,0.98,0.01,0.12,0.42,0.38,0.07
I lost 4 pounds since my doc visit last week woot woot! Now I'm gonna celebrate by stuffing my face!,0.98,0.02,0.97,0.01,0.01,0.01,0.97,0.03,0.96,0.03,0.005,0.003,0.002
University of southern california.,0.88,0.12,0.8200000000000001,0.060000000000000005,0.08000000000000002,0.04000000000000001,0.95,0.05,0.88,0.09,0.02,0.007,0.003
"Hmmm... Guess we can go 4 kb n power yoga... Haha, dunno we can tahan power yoga anot... Thk got lo oso, forgot liao...",0.98,0.02,0.97,0.01,0.01,0.01,0.92,0.08,0.95,0.04,0.01,0.0,0.0
"U've been selected to stay in 1 of 250 top British hotels - FOR NOTHING! Holiday valued at £350! Dial 08712300220 to claim - National Rate Call. Bx526, SW73SS",0.020000000000000018,0.98,0.005,0.005,0.12,0.87,0.030000000000000027,0.97,0.01,0.06,0.18,0.5,0.25
In sch but neva mind u eat 1st lor..,0.98,0.02,0.97,0.01,0.01,0.01,0.88,0.12,0.96,0.03,0.005,0.003,0.002
Ur cash-balance is currently 500 pounds - to maximize ur cash-in now send GO to 86688 only 150p/meg. CC: 08718720201 HG/Suite342/2lands Row/W1j6HL,0.020000000000000018,0.98,0.005,0.01,0.12,0.865,0.030000000000000027,0.97,0.01,0.05,0.19,0.5,0.25
"Just sent again. Do you scream and moan in bed, princess?",0.94,0.06,0.92,0.01,0.02,0.05,0.72,0.28,0.85,0.06,0.06,0.02,0.01
Was it something u ate?,0.97,0.03,0.95,0.01,0.01,0.03,0.88,0.12,0.94,0.04,0.01,0.005,0.005
No we sell it all so we'll have tons if coins. Then sell our coins to someone thru paypal. Voila! Money back in life pockets:),0.97,0.03,0.95,0.01,0.01,0.03,0.95,0.05,0.9,0.06,0.03,0.01,0.0
"Haha, that was the first person I was gonna ask",0.98,0.02,0.96,0.01,0.01,0.02,0.97,0.03,0.95,0.03,0.01,0.005,0.005
"For your chance to WIN a FREE Bluetooth Headset then simply reply back with ""ADP""",0.020000000000000018,0.98,0.01,0.01,0.3,0.68,0.020000000000000018,0.98,0.010000000000000002,0.12000000000000001,0.35000000000000003,0.42000000000000004,0.10000000000000002
You are awarded a SiPix Digital Camera! call 09061221061 from landline. Delivery within 28days. T Cs Box177. M221BP. 2yr warranty. 150ppm. 16 . p p£3.99,0.020000000000000018,0.98,0.005,0.005,0.04,0.95,0.020000000000000018,0.98,0.005,0.02,0.08,0.5,0.395
Tmr then ü brin lar... Aiya later i come n c lar... Mayb ü neva set properly ü got da help sheet wif ü...,0.98,0.02,0.97,0.01,0.01,0.01,0.75,0.25,0.95,0.04,0.01,0.0,0.0
From tomorrow onwards eve 6 to 3 work.,0.97,0.03,0.95,0.03,0.01,0.01,0.96,0.04,0.95,0.04,0.01,0.0,0.0
Cos darren say ü considering mah so i ask ü...,0.97,0.03,0.96,0.01,0.01,0.02,0.75,0.25,0.94,0.04,0.01,0.005,0.005
Well welp is sort of a semiobscure internet thing,0.97,0.03,0.95,0.01,0.02,0.02,0.97,0.03,0.95,0.03,0.01,0.005,0.005
"England v Macedonia - dont miss the goals/team news. Txt ur national team to 87077 eg ENGLAND to 87077 Try:WALES, SCOTLAND 4txt/ú1.20 POBOXox36504W45WQ 16+",0.040000000000000036,0.96,0.01,0.02,0.85,0.12,0.030000000000000027,0.97,0.02,0.55,0.35,0.07,0.01
I love your ass! Do you enjoy doggy style? :),0.9,0.1,0.88,0.01,0.03,0.08,0.75,0.25,0.85,0.08,0.05,0.015,0.005
Lol where do u come up with these ideas?,0.98,0.02,0.97,0.01,0.01,0.01,0.92,0.08,0.96,0.03,0.01,0.0,0.0
"Come around  &lt;DECIMAL&gt; pm vikky..i'm otside nw, il come by tht time",0.98,0.02,0.97,0.01,0.01,0.01,0.8,0.2,0.95,0.03,0.01,0.005,0.005
I will come with karnan car. Please wait till 6pm will directly goto doctor.,0.98,0.02,0.97,0.01,0.01,0.01,0.65,0.35,0.9,0.08,0.01,0.005,0.005
"You have won ?1,000 cash or a ?2,000 prize! To claim, call09050000327",0.020000000000000018,0.98,0.01,0.01,0.03,0.95,0.020000000000000018,0.98,0.01,0.02,0.07,0.5,0.4
No. Its not specialisation. Can work but its slave labor. Will look for it this month sha cos no shakara 4 beggar.,0.98,0.02,0.97,0.01,0.01,0.01,0.97,0.03,0.95,0.03,0.01,0.005,0.005
Check audrey's status right now,0.95,0.05,0.93,0.03,0.01,0.03,0.7,0.3,0.9,0.06,0.03,0.007,0.003
You are a great role model. You are giving so much and i really wish each day for a miracle but God as a reason for everything and i must say i wish i knew why but i dont. I've looked up to you since i was young and i still do. Have a great day.,0.96,0.04,0.95,0.01,0.01,0.03,0.97,0.03,0.95,0.03,0.01,0.007,0.003
Anything is valuable in only 2 situations: First- Before getting it... Second- After loosing it...,0.8,0.2,0.75,0.02,0.15,0.08,0.97,0.03,0.9,0.08,0.02,0.0,0.0
I keep ten rs in my shelf:) buy two egg.,0.98,0.02,0.97,0.01,0.01,0.01,0.44999999999999996,0.55,0.92,0.06,0.01,0.005,0.005
Send to someone else :-),0.95,0.05,0.93,0.02,0.02,0.03,0.7,0.3,0.85,0.1,0.04,0.007,0.003
Not from this campus. Are you in the library?,0.97,0.03,0.96,0.01,0.01,0.02,0.75,0.25,0.93,0.05,0.015,0.004,0.001
HAPPY NEW YEAR MY NO.1 MAN,0.96,0.04,0.95,0.01,0.02,0.02,0.97,0.03,0.95,0.04,0.01,0.0,0.0
Kinda. First one gets in at twelve! Aah. Speak tomo,0.98,0.02,0.97,0.01,0.01,0.01,0.95,0.05,0.96,0.03,0.005,0.003,0.002
I am taking you for italian food. How about a pretty dress with no panties? :),0.97,0.03,0.96,0.01,0.01,0.02,0.88,0.12,0.9,0.07,0.02,0.007,0.003
Hi where you. You in home or calicut?,0.97,0.03,0.96,0.01,0.01,0.02,0.75,0.25,0.93,0.05,0.01,0.005,0.005
"All done, all handed in. Don't know if mega shop in asda counts as celebration but thats what i'm doing!",0.98,0.02,0.97,0.01,0.01,0.01,0.97,0.03,0.96,0.03,0.005,0.003,0.002
Tell them no need to investigate about me anywhere.,0.96,0.04,0.95,0.01,0.01,0.03,0.44999999999999996,0.55,0.9,0.06,0.03,0.007,0.003
Great. Hope you are using your connections from mode men also cos you can never know why old friends can lead you to today,0.97,0.03,0.95,0.01,0.01,0.03,0.92,0.08,0.93,0.05,0.01,0.007,0.003
"URGENT! You have won a 1 week FREE membership in our £100,000 Prize Jackpot! Txt the word: CLAIM to No: 81010 T&C www.dbuk.net LCCLTD POBOX 4403LDNW1A7RW18",0.010000000000000009,0.99,0.005,0.005,0.06,0.93,0.010000000000000009,0.99,0.005,0.02,0.1,0.5,0.375
About  &lt;#&gt; bucks. The banks fees are fixed. Better to call the bank and find out.,0.97,0.03,0.95,0.02,0.01,0.02,0.75,0.25,0.9,0.07,0.02,0.007,0.003
You're gonna have to be way more specific than that,0.97,0.03,0.95,0.01,0.01,0.03,0.75,0.25,0.93,0.04,0.02,0.007,0.003
Are you going to wipro interview today?,0.97,0.03,0.96,0.02,0.01,0.01,0.75,0.25,0.93,0.05,0.01,0.005,0.005
I'm leaving my house now.,0.97,0.03,0.96,0.02,0.01,0.01,0.97,0.03,0.95,0.03,0.01,0.005,0.005
Dont think so. It turns off like randomlly within 5min of opening,0.98,0.02,0.96,0.01,0.01,0.02,0.95,0.05,0.95,0.03,0.01,0.005,0.005
"Lemme know when I can swing by and pick up, I'm free basically any time after 1 all this semester",0.97,0.03,0.95,0.02,0.01,0.02,0.4,0.6,0.9,0.07,0.02,0.007,0.003
Get ur 1st RINGTONE FREE NOW! Reply to this msg with TONE. Gr8 TOP 20 tones to your phone every week just £1.50 per wk 2 opt out send STOP 08452810071 16,0.030000000000000027,0.97,0.01,0.01,0.72,0.26,0.020000000000000018,0.98,0.01,0.3,0.45,0.2,0.04
In e msg jus now. U said thanks for gift.,0.97,0.03,0.95,0.01,0.01,0.03,0.95,0.05,0.94,0.04,0.01,0.007,0.003
Your account has been refilled successfully by INR  &lt;DECIMAL&gt; . Your KeralaCircle prepaid account balance is Rs  &lt;DECIMAL&gt; . Your Transaction ID is KR &lt;#&gt; .,0.94,0.06,0.01,0.95,0.02,0.02,0.97,0.03,0.85,0.12,0.02,0.007,0.003
Wanna get laid 2nite? Want real Dogging locations sent direct to ur mobile? Join the UK's largest Dogging Network. Txt PARK to 69696 now! Nyt. ec2a. 3lp £1.50/msg,0.010000000000000009,0.99,0.005,0.005,0.62,0.37,0.020000000000000018,0.98,0.01,0.15,0.5,0.28,0.06
"Its ok, if anybody asks abt me, u tel them..:-P",0.97,0.03,0.96,0.01,0.01,0.02,0.88,0.12,0.95,0.03,0.01,0.005,0.005
India have to take lead:),0.97,0.03,0.96,0.01,0.01,0.02,0.97,0.03,0.96,0.03,0.01,0.0,0.0
"Yeah why not, is the gang all ready",0.97,0.03,0.96,0.01,0.01,0.02,0.75,0.25,0.94,0.04,0.01,0.005,0.005
Your dad is back in ph?,0.97,0.03,0.95,0.01,0.01,0.03,0.8,0.2,0.93,0.04,0.02,0.007,0.003
Pls go ahead with watts. I just wanted to be sure. Do have a great weekend. Abiola,0.97,0.03,0.95,0.02,0.01,0.02,0.75,0.25,0.9,0.07,0.02,0.007,0.003
Thank god they are in bed!,0.97,0.03,0.96,0.01,0.01,0.02,0.97,0.03,0.95,0.03,0.01,0.005,0.005
LMAO where's your fish memory when I need it?,0.97,0.03,0.96,0.01,0.01,0.02,0.95,0.05,0.95,0.03,0.01,0.005,0.005
You stayin out of trouble stranger!!saw Dave the other day hes sorted now!still with me bloke when u gona get a girl MR!ur mum still Thinks we will get 2GETHA!,0.98,0.02,0.97,0.01,0.01,0.01,0.92,0.08,0.95,0.03,0.01,0.005,0.005
No. To be nosy I guess. Idk am I over reacting if I'm freaked?,0.97,0.03,0.96,0.01,0.01,0.02,0.88,0.12,0.94,0.04,0.01,0.005,0.005
Just seeing your missed call my dear brother. Do have a gr8 day.,0.97,0.03,0.96,0.01,0.01,0.02,0.95,0.05,0.95,0.03,0.01,0.005,0.005
K.i did't see you.:)k:)where are you now?,0.97,0.03,0.96,0.01,0.01,0.02,0.5,0.5,0.93,0.04,0.02,0.007,0.003
"Happy new year to u and ur family...may this new year bring happiness , stability and tranquility to ur vibrant colourful life:):)",0.95,0.05,0.94,0.01,0.03,0.02,0.97,0.03,0.95,0.04,0.01,0.0,0.0
Then why you came to hostel.,0.97,0.03,0.96,0.01,0.01,0.02,0.92,0.08,0.95,0.03,0.01,0.005,0.005
"U need my presnts always bcz U cant mis love. ""jeevithathile irulinae neekunna prakasamanu sneham"" prakasam ennal prabha 'That mns prabha is'LOVE' Got it. Dont mis me....",0.96,0.04,0.95,0.01,0.02,0.02,0.95,0.05,0.93,0.05,0.01,0.005,0.005
A link to your picture has been sent. You can also use http://alto18.co.uk/wave/wave.asp?o=44345,0.19999999999999996,0.8,0.04,0.22,0.19,0.55,0.15000000000000002,0.85,0.03,0.12,0.5,0.3,0.05
cool. We will have fun practicing making babies!,0.97,0.03,0.96,0.01,0.01,0.02,0.96,0.04,0.95,0.03,0.01,0.005,0.005
There are some nice pubs near here or there is Frankie n Bennys near the warner cinema?,0.98,0.02,0.97,0.01,0.01,0.01,0.88,0.12,0.95,0.04,0.01,0.0,0.0
I'm going 4 lunch now wif my family then aft dat i go str 2 orchard lor.,0.98,0.02,0.97,0.01,0.01,0.01,0.97,0.03,0.96,0.03,0.005,0.003,0.002
No current and food here. I am alone also,0.97,0.03,0.95,0.01,0.01,0.03,0.92,0.08,0.9,0.06,0.02,0.015,0.005
Host-based IDPS for linux systems.,0.75,0.25,0.7,0.05,0.2,0.05,0.92,0.08,0.8,0.15,0.04,0.007,0.003
I'm gonna rip out my uterus.,0.97,0.03,0.95,0.01,0.01,0.03,0.97,0.03,0.94,0.04,0.01,0.005,0.005
It so happens that there r 2waxsto do wat you want. She can come and ill get her medical insurance. And she'll be able to deliver and have basic care. I'm currently shopping for the right medical insurance for her. So just give me til friday morning. Thats when i.ll see the major person that can guide me to the right insurance.,0.98,0.02,0.97,0.01,0.01,0.01,0.88,0.12,0.93,0.05,0.01,0.005,0.005
"You are guaranteed the latest Nokia Phone, a 40GB iPod MP3 player or a £500 prize! Txt word: COLLECT to No: 83355! IBHltd LdnW15H 150p/Mtmsgrcvd18+",0.010000000000000009,0.99,0.005,0.005,0.06,0.93,0.020000000000000018,0.98,0.005,0.02,0.1,0.5,0.375
Just sleeping..and surfing,0.97,0.03,0.95,0.01,0.02,0.02,0.97,0.03,0.95,0.03,0.01,0.005,0.005
Already am squatting is the new way of walking,0.97,0.03,0.96,0.01,0.01,0.02,0.97,0.03,0.96,0.03,0.01,0.0,0.0
This weekend is fine (an excuse not to do too much decorating),0.98,0.02,0.97,0.01,0.01,0.01,0.95,0.05,0.96,0.03,0.01,0.0,0.0
Actually I decided I was too hungry so I haven't left yet :V,0.98,0.02,0.97,0.01,0.01,0.01,0.97,0.03,0.96,0.03,0.005,0.003,0.002
Hey... are you going to quit soon? Xuhui and i working till end of the month,0.98,0.02,0.97,0.01,0.01,0.01,0.65,0.35,0.95,0.03,0.01,0.005,0.005
Love it! Daddy will make you scream with pleasure! I am going to slap your ass with my dick!,0.92,0.08,0.9,0.01,0.04,0.05,0.95,0.05,0.88,0.07,0.03,0.015,0.005
"WIN: We have a winner! Mr. T. Foley won an iPod! More exciting prizes soon, so keep an eye on ur mobile or visit www.win-82050.co.uk",0.020000000000000018,0.98,0.01,0.01,0.12,0.86,0.15000000000000002,0.85,0.02,0.08,0.25,0.5,0.15
HELLO PEACH! MY CAKE TASTS LUSH!,0.97,0.03,0.95,0.01,0.02,0.02,0.97,0.03,0.95,0.03,0.01,0.005,0.005
Usually the person is unconscious that's in children but in adults they may just behave abnormally. I.ll call you now,0.98,0.02,0.97,0.01,0.01,0.01,0.9,0.1,0.94,0.04,0.01,0.005,0.005
Dont know supports ass and srt i thnk. I think ps3 can play through usb too,0.98,0.02,0.97,0.01,0.01,0.01,0.97,0.03,0.96,0.03,0.01,0.0,0.0
Send his number and give reply tomorrow morning for why you said that to him like that ok,0.97,0.03,0.95,0.01,0.01,0.03,0.15000000000000002,0.85,0.85,0.09,0.04,0.015,0.005
Reason is if the team budget is available at last they buy the unsold players for at base rate..,0.96,0.04,0.95,0.01,0.02,0.02,0.96,0.04,0.94,0.04,0.01,0.005,0.005
Sorry for the delay. Yes masters,0.97,0.03,0.95,0.02,0.01,0.02,0.95,0.05,0.94,0.04,0.01,0.005,0.005
Nooooooo I'm gonna be bored to death all day. Cable and internet outage.,0.98,0.02,0.97,0.01,0.01,0.01,0.97,0.03,0.96,0.03,0.01,0.0,0.0
"URGENT! Your Mobile No 07808726822 was awarded a £2,000 Bonus Caller Prize on 02/09/03! This is our 2nd attempt to contact YOU! Call 0871-872-9758 BOX95QU",0.010000000000000009,0.99,0.005,0.005,0.02,0.97,0.010000000000000009,0.99,0.005,0.015,0.05,0.5,0.43
Double your mins & txts on Orange or 1/2 price linerental - Motorola and SonyEricsson with B/Tooth FREE-Nokia FREE Call MobileUpd8 on 08000839402 or2optout/HV9D,0.020000000000000018,0.98,0.01,0.01,0.8,0.18,0.040000000000000036,0.96,0.02,0.45,0.4,0.11,0.02
"You are everywhere dirt, on the floor, the windows, even on my shirt. And sometimes when i open my mouth, you are all that comes flowing out. I dream of my world without you, then half my chores are out too. A time of joy for me, lots of tv shows i.ll see. But i guess like all things you just must exist, like rain, hail and mist, and when my time here is done, you and i become one.",0.96,0.04,0.95,0.01,0.02,0.02,0.97,0.03,0.95,0.04,0.01,0.0,0.0
"Abeg, make profit. But its a start. Are you using it to get sponsors for the next event?",0.97,0.03,0.95,0.01,0.02,0.02,0.8,0.2,0.93,0.05,0.01,0.005,0.005
If you still havent collected the dough pls let me know so i can go to the place i sent it to get the control number,0.97,0.03,0.95,0.01,0.01,0.03,0.15000000000000002,0.85,0.85,0.09,0.03,0.02,0.01
Hard LIVE 121 chat just 60p/min. Choose your girl and connect LIVE. Call 09094646899 now! Cheap Chat UK's biggest live service. VU BCM1896WC1N3XX,0.020000000000000018,0.98,0.01,0.01,0.75,0.23,0.030000000000000027,0.97,0.01,0.15,0.55,0.25,0.04
What time is ur flight tmr?,0.97,0.03,0.95,0.02,0.01,0.02,0.4,0.6,0.93,0.04,0.02,0.007,0.003
Ok cool. See ya then.,0.98,0.02,0.97,0.01,0.01,0.01,0.97,0.03,0.96,0.03,0.005,0.003,0.002
The Xmas story is peace.. The Xmas msg is love.. The Xmas miracle is jesus.. Hav a blessed month ahead &amp; wish U Merry Xmas...,0.85,0.15,0.8500000000000001,0.010000000000000002,0.060000000000000005,0.08000000000000002,0.97,0.03,0.9,0.08,0.015,0.004,0.001
Nvm it's ok...,0.97,0.03,0.95,0.02,0.01,0.02,0.97,0.03,0.95,0.03,0.01,0.005,0.005
I though we shd go out n have some fun so bar in town or something – sound ok?,0.98,0.02,0.97,0.01,0.01,0.01,0.4,0.6,0.95,0.04,0.01,0.0,0.0
Thanks love. But am i doing torch or bold.,0.98,0.02,0.96,0.01,0.01,0.02,0.7,0.3,0.95,0.03,0.01,0.005,0.005
Dai i downloaded but there is only exe file which i can only run that exe after installing.,0.97,0.03,0.95,0.02,0.01,0.02,0.88,0.12,0.9,0.06,0.03,0.007,0.003
Hey come online! Use msn... We are all there,0.97,0.03,0.96,0.01,0.01,0.02,0.25,0.75,0.85,0.1,0.04,0.007,0.003
We will meet soon princess! Ttyl!,0.97,0.03,0.96,0.01,0.01,0.02,0.95,0.05,0.94,0.04,0.01,0.007,0.003
PRIVATE! Your 2003 Account Statement for 07753741225 shows 800 un-redeemed S. I. M. points. Call 08715203677 Identifier Code: 42478 Expires 24/10/04,0.020000000000000018,0.98,0.005,0.01,0.035,0.95,0.020000000000000018,0.98,0.005,0.02,0.1,0.5,0.375
At 7 we will go ok na.,0.97,0.03,0.96,0.02,0.01,0.01,0.88,0.12,0.95,0.04,0.01,0.0,0.0
Be sure to check your yahoo email. We sent photos yesterday,0.9,0.1,0.85,0.05,0.03,0.07,0.25,0.75,0.55,0.25,0.15,0.04,0.01
It didnt work again oh. Ok goodnight then. I.ll fix and have it ready by the time you wake up. You are very dearly missed have a good night sleep.,0.98,0.02,0.97,0.01,0.01,0.01,0.97,0.03,0.96,0.03,0.01,0.0,0.0
"""Hey j! r u feeling any better, hopeSo hunny. i amnow feelin ill & ithink i may have tonsolitusaswell! damn iam layin in bedreal bored. lotsof luv me xxxx""",0.98,0.02,0.97,0.01,0.01,0.01,0.92,0.08,0.95,0.03,0.01,0.005,0.005
Monthly password for wap. mobsi.com is 391784. Use your wap phone not PC.,0.30000000000000004,0.7,0.04,0.33,0.45,0.18,0.38,0.62,0.08,0.3,0.45,0.14,0.03
"The affidavit says  &lt;#&gt;  E Twiggs St, division g, courtroom  &lt;#&gt; , &lt;TIME&gt;  AM. I'll double check and text you again tomorrow",0.97,0.03,0.95,0.03,0.01,0.01,0.95,0.05,0.93,0.05,0.01,0.005,0.005
Don no da:)whats you plan?,0.97,0.03,0.95,0.01,0.01,0.03,0.75,0.25,0.93,0.05,0.015,0.004,0.001
Oh... Lk tt den we take e one tt ends at cine lor... Dun wan yogasana oso can...,0.98,0.02,0.97,0.01,0.01,0.01,0.95,0.05,0.96,0.03,0.005,0.003,0.002
Oh that was a forwarded message. I thought you send that to me,0.97,0.03,0.96,0.01,0.01,0.02,0.95,0.05,0.94,0.04,0.01,0.005,0.005
Oh k :)why you got job then whats up?,0.98,0.02,0.97,0.01,0.01,0.01,0.88,0.12,0.95,0.03,0.01,0.005,0.005
"Ya, told..she was asking wats matter?",0.98,0.02,0.96,0.01,0.01,0.02,0.88,0.12,0.95,0.03,0.01,0.005,0.005
Try to do something dear. You read something for exams,0.97,0.03,0.96,0.01,0.01,0.02,0.88,0.12,0.94,0.04,0.01,0.005,0.005
Sounds like you have many talents! would you like to go on a dinner date next week?,0.96,0.04,0.95,0.01,0.01,0.03,0.7,0.3,0.9,0.06,0.02,0.015,0.005
"Ups which is 3days also, and the shipping company that takes 2wks. The other way is usps which takes a week but when it gets to lag you may have to bribe nipost to get your stuff.",0.97,0.03,0.95,0.02,0.01,0.02,0.95,0.05,0.93,0.05,0.01,0.005,0.005
I wud never mind if u dont miss me or if u dont need me.. But u wil really hurt me wen u need me &amp; u dont tell me......... Take care:-),0.96,0.04,0.95,0.01,0.02,0.02,0.95,0.05,0.94,0.04,0.01,0.005,0.005
I wil be there with in  &lt;#&gt;  minutes. Got any space,0.97,0.03,0.95,0.02,0.01,0.02,0.7,0.3,0.9,0.07,0.02,0.007,0.003
Not planned yet :)going to join company on jan 5 only.don know what will happen after that.,0.98,0.02,0.97,0.01,0.01,0.01,0.97,0.03,0.96,0.03,0.01,0.0,0.0
Sorry i missed your call. Can you please call back.,0.97,0.03,0.95,0.01,0.01,0.03,0.050000000000000044,0.95,0.85,0.08,0.05,0.015,0.005
"K, my roommate also wants a dubsack and another friend may also want some so plan on bringing extra, I'll tell you when they know for sure",0.97,0.03,0.95,0.01,0.01,0.03,0.4,0.6,0.7,0.2,0.07,0.02,0.01
What happened to our yo date?,0.97,0.03,0.95,0.01,0.01,0.03,0.75,0.25,0.9,0.06,0.03,0.007,0.003
"Just checked out, heading out to drop off my stuff now",0.98,0.02,0.97,0.02,0.005,0.005,0.97,0.03,0.96,0.03,0.007,0.002,0.001
Anything lor. Juz both of us lor.,0.98,0.02,0.97,0.01,0.01,0.01,0.95,0.05,0.95,0.03,0.01,0.005,0.005
No need for the drug anymore.,0.94,0.06,0.92,0.02,0.02,0.04,0.95,0.05,0.9,0.06,0.03,0.007,0.003
Hey next sun 1030 there's a basic yoga course... at bugis... We can go for that... Pilates intro next sat.... Tell me what time you r free,0.98,0.02,0.97,0.01,0.015,0.005,0.25,0.75,0.95,0.04,0.01,0.0,0.0
"accordingly. I repeat, just text the word ok on your mobile phone and send",0.35,0.65,0.25,0.05,0.3,0.4,0.09999999999999998,0.9,0.1,0.2,0.4,0.25,0.05
As a registered optin subscriber ur draw 4 £100 gift voucher will be entered on receipt of a correct ans to 80062 Whats No1 in the BBC charts,0.030000000000000027,0.97,0.01,0.01,0.15,0.83,0.050000000000000044,0.95,0.01,0.07,0.27,0.5,0.15
Anyway seriously hit me up when you're back because otherwise I have to light up with armand and he always has shit and/or is vomiting,0.97,0.03,0.96,0.01,0.01,0.02,0.4,0.6,0.9,0.07,0.02,0.007,0.003
I re-met alex nichols from middle school and it turns out he's dealing!,0.97,0.03,0.96,0.01,0.01,0.02,0.96,0.04,0.93,0.04,0.02,0.007,0.003
Ok... Let u noe when i leave my house.,0.98,0.02,0.97,0.01,0.01,0.01,0.95,0.05,0.96,0.03,0.01,0.0,0.0
Umma my life and vava umma love you lot dear,0.97,0.03,0.96,0.01,0.01,0.02,0.97,0.03,0.95,0.03,0.01,0.005,0.005
You getting back any time soon?,0.97,0.03,0.95,0.01,0.01,0.03,0.65,0.35,0.9,0.06,0.03,0.01,0.0
FreeMsg: Fancy a flirt? Reply DATE now & join the UKs fastest growing mobile dating service. Msgs rcvd just 25p to optout txt stop to 83021. Reply DATE now!,0.020000000000000018,0.98,0.01,0.01,0.72,0.26,0.020000000000000018,0.98,0.01,0.15,0.5,0.29,0.05
Wanna have a laugh? Try CHIT-CHAT on your mobile now! Logon by txting the word: CHAT and send it to No: 8883 CM PO Box 4217 London W1A 6ZF 16+ 118p/msg rcvd,0.030000000000000027,0.97,0.01,0.01,0.72,0.26,0.030000000000000027,0.97,0.01,0.3,0.5,0.17,0.02
"January Male Sale! Hot Gay chat now cheaper, call 08709222922. National rate from 1.5p/min cheap to 7.8p/min peak! To stop texts call 08712460324 (10p/min)",0.020000000000000018,0.98,0.01,0.01,0.75,0.23,0.040000000000000036,0.96,0.01,0.3,0.5,0.16,0.03
Hey anyway i have to :-),0.96,0.04,0.95,0.01,0.01,0.03,0.95,0.05,0.95,0.03,0.01,0.005,0.005
Bognor it is! Should be splendid at this time of year.,0.98,0.02,0.96,0.01,0.02,0.01,0.97,0.03,0.95,0.04,0.01,0.0,0.0
Hasn't that been the pattern recently crap weekends?,0.98,0.02,0.97,0.01,0.01,0.01,0.95,0.05,0.96,0.03,0.01,0.0,0.0
Hey company elama po mudyadhu.,0.96,0.04,0.95,0.01,0.02,0.02,0.92,0.08,0.93,0.05,0.01,0.005,0.005
"Sorry sir, i will call you tomorrow.  senthil.hsbc",0.96,0.04,0.92,0.05,0.01,0.02,0.96,0.04,0.93,0.05,0.015,0.004,0.001
"You have been specially selected to receive a ""3000 award! Call 08712402050 BEFORE the lines close. Cost 10ppm. 16+. T&Cs apply. AG Promo",0.020000000000000018,0.98,0.005,0.005,0.08,0.91,0.020000000000000018,0.98,0.005,0.03,0.12,0.55,0.295
I have no idea where you are,0.97,0.03,0.95,0.02,0.01,0.02,0.92,0.08,0.93,0.04,0.02,0.007,0.003
"that would be good … I'll phone you tomo lunchtime, shall I, to organise something?",0.98,0.02,0.97,0.01,0.01,0.01,0.75,0.25,0.95,0.04,0.01,0.0,0.0
Aight what time you want me to come up?,0.97,0.03,0.96,0.01,0.01,0.02,0.4,0.6,0.95,0.03,0.01,0.005,0.005
Great. Have a safe trip. Dont panic surrender all.,0.97,0.03,0.96,0.01,0.01,0.02,0.95,0.05,0.95,0.03,0.01,0.005,0.005
Loosu go to hospital. De dont let it careless.,0.97,0.03,0.95,0.02,0.01,0.02,0.65,0.35,0.9,0.07,0.02,0.007,0.003
And how's your husband.,0.97,0.03,0.96,0.01,0.01,0.02,0.88,0.12,0.93,0.04,0.02,0.007,0.003
"It,,s a taxt massage....tie-pos argh ok! Lool!",0.97,0.03,0.95,0.01,0.01,0.03,0.97,0.03,0.95,0.03,0.01,0.005,0.005
Dude got a haircut. Now its breezy up there,0.97,0.03,0.96,0.01,0.01,0.02,0.97,0.03,0.96,0.02,0.01,0.005,0.005
I doubt you could handle 5 times per night in any case...,0.95,0.05,0.93,0.01,0.02,0.04,0.95,0.05,0.9,0.06,0.03,0.007,0.003
No i am not having not any movies in my laptop,0.97,0.03,0.95,0.02,0.01,0.02,0.95,0.05,0.94,0.04,0.01,0.005,0.005
"We know TAJ MAHAL as symbol of love. But the other lesser known facts 1. Mumtaz was Shahjahan's 4th wife, out of his 7 wifes. 2. Shahjahan killed Mumtaz's husband to marry her. 3. Mumtaz died in her  &lt;#&gt; th delivery. 4. He then married Mumtaz's sister. Question arises where the Hell is the LOVE?:-| -The Great Hari-",0.85,0.15,0.85,0.02,0.08,0.05,0.97,0.03,0.9,0.08,0.02,0.0,0.0
Hey whats up? U sleeping all morning?,0.97,0.03,0.96,0.01,0.01,0.02,0.88,0.12,0.95,0.03,0.01,0.007,0.003
Thank you princess! You are so sexy...,0.96,0.04,0.95,0.01,0.02,0.02,0.97,0.03,0.94,0.04,0.01,0.007,0.003
At WHAT TIME should i come tomorrow,0.97,0.03,0.95,0.02,0.01,0.02,0.25,0.75,0.9,0.06,0.03,0.007,0.003
"Hey... Thk we juz go accordin to wat we discussed yest lor, except no kb on sun... Cos there's nt much lesson to go if we attend kb on sat...",0.98,0.02,0.97,0.01,0.01,0.01,0.92,0.08,0.95,0.04,0.01,0.0,0.0
Hurry home. Soup is DONE!,0.98,0.02,0.97,0.01,0.01,0.01,0.88,0.12,0.95,0.04,0.01,0.0,0.0
Can you call me plz. Your number shows out of coveragd area. I have urgnt call in vasai &amp; have to reach before 4'o clock so call me plz,0.97,0.03,0.95,0.01,0.01,0.03,0.09999999999999998,0.9,0.75,0.15,0.07,0.02,0.01
I've reached home n i bathe liao... U can call me now...,0.98,0.02,0.97,0.01,0.01,0.01,0.4,0.6,0.95,0.03,0.01,0.005,0.005
If i start sending blackberry torch to nigeria will you find buyer for me?like 4a month. And tell dad not to buy bb from anyone oh.,0.97,0.03,0.95,0.01,0.02,0.02,0.4,0.6,0.8,0.15,0.04,0.01,0.0
"Yeah, in fact he just asked if we needed anything like an hour ago. When and how much?",0.98,0.02,0.97,0.01,0.01,0.01,0.6,0.4,0.93,0.05,0.01,0.005,0.005
"""Aww you must be nearly dead!Well Jez isComing over toDo some workAnd that whillTake forever!""",0.97,0.03,0.96,0.01,0.01,0.02,0.95,0.05,0.95,0.03,0.01,0.005,0.005
Fine am simply sitting.,0.98,0.02,0.96,0.01,0.01,0.02,0.97,0.03,0.95,0.03,0.01,0.005,0.005
"Ok, be careful ! Don't text and drive !",0.98,0.02,0.97,0.01,0.01,0.01,0.95,0.05,0.96,0.03,0.005,0.003,0.002
You have 1 new message. Please call 08718738034.,0.040000000000000036,0.96,0.02,0.05,0.08,0.85,0.030000000000000027,0.97,0.01,0.05,0.24,0.5,0.2
I'm ok. Will do my part tomorrow,0.97,0.03,0.95,0.02,0.01,0.02,0.96,0.04,0.94,0.04,0.01,0.005,0.005
Talk With Yourself Atleast Once In A Day...!!! Otherwise You Will Miss Your Best FRIEND In This WORLD...!!! -Shakespeare- SHESIL  &lt;#&gt;,0.8,0.2,0.85,0.02,0.08,0.05,0.95,0.05,0.85,0.12,0.02,0.007,0.003
Happy birthday to you....dear.with lots of love.rakhesh NRI,0.95,0.05,0.93,0.01,0.02,0.04,0.97,0.03,0.94,0.04,0.01,0.007,0.003
"That day ü say ü cut ur hair at paragon, is it called hair sense? Do ü noe how much is a hair cut?",0.98,0.02,0.97,0.01,0.01,0.01,0.7,0.3,0.93,0.05,0.01,0.005,0.005
"Men always needs a beautiful, intelligent, caring, loving, adjustable, cooperative wife. But the law allows only one wife....",0.85,0.15,0.8500000000000001,0.010000000000000002,0.060000000000000005,0.08000000000000002,0.97,0.03,0.9,0.08,0.015,0.004,0.001
Will you be here for food,0.97,0.03,0.96,0.01,0.01,0.02,0.4,0.6,0.94,0.04,0.01,0.005,0.005
Are you the cutest girl in the world or what,0.94,0.06,0.92,0.01,0.02,0.05,0.88,0.12,0.9,0.06,0.03,0.01,0.0
Id onluy matters when getting on from offcampus,0.97,0.03,0.95,0.02,0.01,0.02,0.95,0.05,0.94,0.04,0.01,0.005,0.005
Dear Subscriber ur draw 4 £100 gift voucher will b entered on receipt of a correct ans. When was Elvis Presleys Birthday? TXT answer to 80062,0.020000000000000018,0.98,0.01,0.01,0.12,0.86,0.020000000000000018,0.98,0.01,0.06,0.25,0.53,0.15
You got called a tool?,0.97,0.03,0.95,0.01,0.01,0.03,0.88,0.12,0.93,0.05,0.015,0.004,0.001
If you have belive me. Come to my home.,0.96,0.04,0.94,0.01,0.01,0.04,0.44999999999999996,0.55,0.8,0.12,0.06,0.015,0.005
Ic. There are a lotta childporn cars then.,0.97,0.03,0.95,0.01,0.01,0.03,0.97,0.03,0.94,0.04,0.01,0.005,0.005
Teach me apps da. When you come to college.,0.97,0.03,0.96,0.01,0.01,0.02,0.75,0.25,0.94,0.04,0.01,0.005,0.005
"Nope. Since ayo travelled, he has forgotten his guy",0.97,0.03,0.96,0.01,0.01,0.02,0.95,0.05,0.95,0.03,0.01,0.005,0.005
Do you want a new Video phone? 600 anytime any network mins 400 Inclusive Video calls AND downloads 5 per week Free delTOMORROW call 08002888812 or reply NOW,0.030000000000000027,0.97,0.01,0.01,0.85,0.13,0.020000000000000018,0.98,0.01,0.55,0.35,0.08,0.01
All e best 4 ur exam later.,0.97,0.03,0.96,0.01,0.01,0.02,0.97,0.03,0.95,0.03,0.01,0.005,0.005
Prepare to be pleasured :),0.9,0.1,0.85,0.01,0.08,0.06,0.95,0.05,0.85,0.09,0.04,0.015,0.005
Yes baby! We can study all the positions of the kama sutra ;),0.96,0.04,0.95,0.01,0.02,0.02,0.95,0.05,0.94,0.04,0.01,0.007,0.003
U have a Secret Admirer who is looking 2 make contact with U-find out who they R*reveal who thinks UR so special-call on 09065171142-stopsms-08,0.010000000000000009,0.99,0.005,0.005,0.06,0.93,0.010000000000000009,0.99,0.005,0.02,0.15,0.65,0.175
"Aldrine, rakhesh ex RTM here.pls call.urgent.",0.94,0.06,0.9,0.02,0.01,0.07,0.050000000000000044,0.95,0.55,0.25,0.15,0.04,0.01
Your unique user ID is 1172. For removal send STOP to 87239 customer services 08708034412,0.15000000000000002,0.85,0.02,0.15,0.5,0.33,0.30000000000000004,0.7,0.05,0.25,0.5,0.17,0.03
Ok. How many should i buy.,0.97,0.03,0.95,0.02,0.01,0.02,0.75,0.25,0.9,0.07,0.02,0.007,0.003
"St andre, virgil's cream",0.95,0.05,0.9,0.04,0.04,0.02,0.9,0.1,0.9,0.07,0.02,0.007,0.003
Yup. Wun believe wat? U really neva c e msg i sent shuhui?,0.98,0.02,0.97,0.01,0.01,0.01,0.88,0.12,0.95,0.03,0.01,0.005,0.005
"I can't keep going through this. It was never my intention to run you out, but if you choose to do that rather than keep the room clean so *I* don't have to say no to visitors, then maybe that's the best choice. Yes, I wanted you to be embarassed, so maybe you'd feel for once how I feel when i have a friend who wants to drop buy and i have to say no, as happened this morning. I've tried everything. I don't know what else to do.",0.98,0.02,0.97,0.01,0.01,0.01,0.92,0.08,0.96,0.03,0.005,0.003,0.002
Hmm .. Bits and pieces lol ... *sighs* ...,0.97,0.03,0.96,0.01,0.01,0.02,0.97,0.03,0.95,0.03,0.01,0.005,0.005
Sent me de webadres for geting salary slip,0.96,0.04,0.94,0.03,0.01,0.02,0.09999999999999998,0.9,0.75,0.15,0.07,0.02,0.01
Taka lor. Wat time u wan 2 come n look 4 us?,0.98,0.02,0.97,0.01,0.01,0.01,0.4,0.6,0.95,0.04,0.01,0.0,0.0
"Sounds good, keep me posted",0.97,0.03,0.95,0.02,0.01,0.02,0.88,0.12,0.94,0.04,0.01,0.005,0.005
Sleeping nt feeling well,0.98,0.02,0.97,0.01,0.01,0.01,0.97,0.03,0.96,0.03,0.01,0.0,0.0
"awesome, how do I deal with the gate? Charles told me last night but, uh, yeah",0.98,0.02,0.96,0.01,0.01,0.02,0.4,0.6,0.93,0.05,0.01,0.005,0.005
K.then any other special?,0.97,0.03,0.95,0.01,0.02,0.02,0.65,0.35,0.93,0.05,0.015,0.003,0.002
Dear U've been invited to XCHAT. This is our final attempt to contact u! Txt CHAT to 86688 150p/MsgrcvdHG/Suite342/2Lands/Row/W1J6HL LDN 18 yrs,0.020000000000000018,0.98,0.01,0.01,0.45,0.53,0.020000000000000018,0.98,0.010000000000000002,0.12000000000000001,0.35000000000000003,0.42000000000000004,0.10000000000000002
is your hamster dead? Hey so tmr i meet you at 1pm orchard mrt?,0.98,0.02,0.97,0.01,0.01,0.01,0.4,0.6,0.93,0.05,0.01,0.005,0.005
DO U WANT 2 MEET UP 2MORRO,0.97,0.03,0.95,0.01,0.02,0.02,0.4,0.6,0.9,0.06,0.03,0.007,0.003
"Well, i'm glad you didn't find it totally disagreeable ... Lol",0.98,0.02,0.97,0.01,0.01,0.01,0.97,0.03,0.96,0.03,0.01,0.0,0.0
wamma get laid?want real doggin locations sent direct to your mobile? join the UKs largest dogging network. txt dogs to 69696 now!nyt. ec2a. 3lp £1.50/msg.,0.020000000000000018,0.98,0.01,0.005,0.6,0.385,0.030000000000000027,0.97,0.01,0.15,0.4,0.35,0.09
Thats cool princess! I will cover your face in hot sticky cum :),0.95,0.05,0.93,0.01,0.02,0.04,0.97,0.03,0.9,0.06,0.03,0.007,0.003
Well if I'm that desperate I'll just call armand again,0.97,0.03,0.96,0.01,0.01,0.02,0.96,0.04,0.95,0.03,0.01,0.005,0.005
I'm always on yahoo messenger now. Just send the message to me and i.ll get it you may have to send it in the mobile mode sha but i.ll get it. And will reply.,0.97,0.03,0.96,0.01,0.01,0.02,0.4,0.6,0.9,0.07,0.02,0.007,0.003
I will come tomorrow di,0.97,0.03,0.96,0.02,0.01,0.01,0.95,0.05,0.95,0.03,0.01,0.005,0.005
What i mean is do they come chase you out when its over or is it stated you can watch as many movies as you want.,0.97,0.03,0.96,0.01,0.01,0.02,0.75,0.25,0.95,0.03,0.01,0.005,0.005
Now i'm going for lunch.,0.97,0.03,0.95,0.02,0.01,0.02,0.97,0.03,0.95,0.03,0.01,0.005,0.005
"Isn't frnd a necesity in life? imagine urself witout a frnd.. hw'd u feel at ur colleg? wat'll u do wth ur cell? wat abt functions? thnk abt events espe'll cared, missed &amp; irritated u? 4wrd it to all those dear-loving frnds wthout whom u cant live.. I jst did it.. Takecare..:) GOODMORNING",0.88,0.12,0.9,0.01,0.03,0.06,0.28,0.72,0.7,0.24,0.04,0.015,0.005
I thk 50 shd be ok he said plus minus 10.. Did ü leave a line in between paragraphs?,0.98,0.02,0.97,0.01,0.01,0.01,0.75,0.25,0.95,0.03,0.01,0.005,0.005
No problem baby. Is this is a good time to talk? I called and left a message.,0.98,0.02,0.97,0.01,0.01,0.01,0.65,0.35,0.95,0.03,0.01,0.005,0.005
Am on the uworld site. Am i buying the qbank only or am i buying it with the self assessment also?,0.97,0.03,0.96,0.02,0.01,0.01,0.4,0.6,0.9,0.07,0.02,0.007,0.003
Yes. I come to nyc for audiitions and am trying to relocate.,0.98,0.02,0.96,0.01,0.01,0.02,0.97,0.03,0.95,0.03,0.01,0.007,0.003
I think i've fixed it can you send a test message?,0.97,0.03,0.95,0.02,0.01,0.02,0.15000000000000002,0.85,0.9,0.07,0.02,0.007,0.003
ok....take care.umma to you too...,0.98,0.02,0.97,0.01,0.01,0.01,0.97,0.03,0.96,0.03,0.005,0.003,0.002
"I think we're going to finn's now, come",0.98,0.02,0.97,0.01,0.01,0.01,0.75,0.25,0.95,0.03,0.01,0.005,0.005
Me sef dey laugh you. Meanwhile how's my darling anjie!,0.98,0.02,0.97,0.01,0.01,0.01,0.9,0.1,0.95,0.03,0.01,0.005,0.005
She's borderline but yeah whatever.,0.97,0.03,0.96,0.01,0.01,0.02,0.97,0.03,0.95,0.03,0.01,0.005,0.005
None of that's happening til you get here though,0.97,0.03,0.96,0.01,0.01,0.02,0.88,0.12,0.92,0.05,0.02,0.007,0.003
Then she buying today? Ü no need to c meh...,0.98,0.02,0.97,0.01,0.01,0.01,0.88,0.12,0.96,0.03,0.01,0.0,0.0
Someone has contacted our dating service and entered your phone because they fancy you! To find out who it is call from a landline 09111032124 . PoBox12n146tf150p,0.020000000000000018,0.98,0.01,0.01,0.15,0.83,0.030000000000000027,0.97,0.01,0.06,0.18,0.5,0.25
Are you up for the challenge? I know i am :),0.95,0.05,0.93,0.01,0.04,0.02,0.8,0.2,0.9,0.07,0.02,0.007,0.003
Nope... C ü then...,0.97,0.03,0.95,0.01,0.01,0.03,0.95,0.05,0.94,0.04,0.01,0.005,0.005
Don't necessarily expect it to be done before you get back though because I'm just now headin out,0.98,0.02,0.97,0.01,0.01,0.01,0.95,0.05,0.95,0.03,0.01,0.005,0.005
Yup next stop.,0.98,0.02,0.96,0.02,0.01,0.01,0.96,0.04,0.95,0.03,0.01,0.005,0.005
Ya even those cookies have jelly on them,0.98,0.02,0.96,0.01,0.02,0.01,0.97,0.03,0.95,0.03,0.01,0.005,0.005
I'll be in sch fr 4-6... I dun haf da book in sch... It's at home...,0.98,0.02,0.97,0.01,0.01,0.01,0.95,0.05,0.96,0.03,0.01,0.0,0.0
", how's things? Just a quick question.",0.95,0.05,0.93,0.01,0.01,0.05,0.85,0.15,0.85,0.08,0.05,0.015,0.005
Where at were hungry too,0.97,0.03,0.95,0.01,0.01,0.03,0.75,0.25,0.93,0.05,0.015,0.004,0.001
Dear we got  &lt;#&gt;  dollars hi hi,0.94,0.06,0.9,0.03,0.02,0.05,0.95,0.05,0.88,0.07,0.03,0.015,0.005
Then get some cash together and I'll text jason,0.97,0.03,0.96,0.01,0.01,0.02,0.55,0.45,0.9,0.06,0.03,0.007,0.003
Im just wondering what your doing right now?,0.97,0.03,0.95,0.01,0.01,0.03,0.7,0.3,0.93,0.04,0.02,0.01,0.0
"And that is the problem. You walk around in ""julianaland"" oblivious to what is going on around you. I say the same things constantly and they go in one ear and out the other while you go off doing whatever you want to do. It's not that you don't know why I'm upset--it's that you don't listen when i tell you WHAT is going to upset me. Then you want to be surprised when I'm mad.",0.98,0.02,0.97,0.01,0.01,0.01,0.95,0.05,0.95,0.03,0.01,0.005,0.005
I not free today i haf 2 pick my parents up tonite...,0.98,0.02,0.97,0.01,0.01,0.01,0.97,0.03,0.96,0.03,0.01,0.0,0.0
Ill be at yours in about 3 mins but look out for me,0.98,0.02,0.97,0.01,0.01,0.01,0.75,0.25,0.95,0.04,0.01,0.0,0.0
Going to join tomorrow.,0.97,0.03,0.95,0.02,0.01,0.02,0.96,0.04,0.94,0.04,0.01,0.005,0.005
Oh yah... We never cancel leh... Haha,0.98,0.02,0.97,0.01,0.01,0.01,0.97,0.03,0.96,0.03,0.005,0.003,0.002
And now electricity just went out fml.,0.97,0.03,0.96,0.01,0.01,0.02,0.97,0.03,0.95,0.03,0.01,0.005,0.005
"""HEY KATE, HOPE UR OK... WILL GIVE U A BUZ WEDLUNCH. GO OUTSOMEWHERE 4 ADRINK IN TOWN..CUD GO 2WATERSHD 4 A BIT? PPL FROMWRK WILL BTHERE. LOVE PETEXXX.""",0.98,0.02,0.97,0.01,0.01,0.01,0.75,0.25,0.93,0.05,0.01,0.005,0.005
Can a not?,0.9,0.1,0.85,0.03,0.04,0.08,0.85,0.15,0.85,0.09,0.04,0.015,0.005
That one week leave i put know that time. Why.,0.97,0.03,0.95,0.02,0.01,0.02,0.75,0.25,0.9,0.07,0.02,0.007,0.003
i want to grasp your pretty booty :),0.9,0.1,0.9,0.01,0.04,0.05,0.95,0.05,0.9,0.06,0.03,0.007,0.003
"Hi this is Amy, we will be sending you a free phone number in a couple of days, which will give you an access to all the adult parties...",0.030000000000000027,0.97,0.02,0.01,0.35,0.62,0.88,0.12,0.08,0.22,0.4,0.25,0.05
Lol yes. Our friendship is hanging on a thread cause u won't buy stuff.,0.98,0.02,0.96,0.01,0.02,0.01,0.95,0.05,0.95,0.04,0.01,0.0,0.0
Weightloss! No more girl friends. Make loads of money on ebay or something. And give thanks to God.,0.9,0.1,0.85,0.01,0.08,0.06,0.95,0.05,0.85,0.1,0.03,0.015,0.005
I donno if they are scorable,0.97,0.03,0.96,0.01,0.01,0.02,0.95,0.05,0.95,0.03,0.01,0.005,0.005
Alex knows a guy who sells mids but he's down in south tampa and I don't think I could set it up before like 8,0.97,0.03,0.96,0.01,0.01,0.02,0.92,0.08,0.9,0.06,0.03,0.007,0.003
"I sent you the prices and do you mean the  &lt;#&gt; g,",0.96,0.04,0.95,0.02,0.02,0.01,0.7,0.3,0.9,0.07,0.02,0.007,0.003
Great escape. I fancy the bridge but needs her lager. See you tomo,0.98,0.02,0.97,0.01,0.01,0.01,0.95,0.05,0.96,0.03,0.01,0.0,0.0
How come i din c ü... Yup i cut my hair...,0.98,0.02,0.97,0.01,0.01,0.01,0.92,0.08,0.95,0.03,0.01,0.005,0.005
Hello madam how are you ?,0.85,0.15,0.8,0.02,0.03,0.15,0.8,0.2,0.75,0.15,0.07,0.02,0.01
Your opinion about me? 1. Over 2. Jada 3. Kusruthi 4. Lovable 5. Silent 6. Spl character 7. Not matured 8. Stylish 9. Simple Pls reply..,0.88,0.12,0.9,0.01,0.03,0.06,0.09999999999999998,0.9,0.65,0.25,0.08,0.015,0.005
Hey no I ad a crap nite was borin without ya 2 boggy with me u boring biatch! Thanx but u wait til nxt time il ave ya,0.98,0.02,0.97,0.01,0.01,0.01,0.95,0.05,0.95,0.03,0.01,0.005,0.005
She ran off with a younger man. we will make pretty babies together :),0.94,0.06,0.93,0.01,0.02,0.04,0.96,0.04,0.9,0.06,0.03,0.01,0.0
No break time one... How... I come out n get my stuff fr ü?,0.98,0.02,0.96,0.01,0.01,0.02,0.65,0.35,0.94,0.04,0.01,0.005,0.005
Urgent! Please call 09061743811 from landline. Your ABTA complimentary 4* Tenerife Holiday or £5000 cash await collection SAE T&Cs Box 326 CW25WX 150ppm,0.010000000000000009,0.99,0.005,0.005,0.04,0.95,0.010000000000000009,0.99,0.005,0.02,0.08,0.5,0.395
FREE entry into our £250 weekly comp just send the word ENTER to 84128 NOW. 18 T&C www.textcomp.com cust care 08712405020.,0.020000000000000018,0.98,0.005,0.005,0.4,0.59,0.020000000000000018,0.98,0.01,0.15,0.35,0.42,0.07
"""NOT ENUFCREDEIT TOCALL.SHALL ILEAVE UNI AT 6 +GET A BUS TO YOR HOUSE?""",0.97,0.03,0.96,0.01,0.01,0.02,0.4,0.6,0.9,0.07,0.02,0.007,0.003
Someone has conacted our dating service and entered your phone because they fancy you!To find out who it is call from landline 09111030116. PoBox12n146tf15,0.020000000000000018,0.98,0.005,0.005,0.12,0.87,0.020000000000000018,0.98,0.005,0.03,0.15,0.55,0.265
"U can WIN £100 of Music Gift Vouchers every week starting NOW Txt the word DRAW to 87066 TsCs www.Idew.com SkillGame, 1Winaweek, age16. 150ppermessSubscription",0.020000000000000018,0.98,0.005,0.005,0.55,0.44,0.030000000000000027,0.97,0.01,0.15,0.4,0.35,0.09
Dear where you. Call me,0.94,0.06,0.92,0.01,0.01,0.06,0.050000000000000044,0.95,0.8,0.1,0.07,0.02,0.01
Hi its me you are probably having too much fun to get this message but i thought id txt u cos im bored! and james has been farting at me all night,0.98,0.02,0.97,0.01,0.01,0.01,0.95,0.05,0.95,0.04,0.01,0.0,0.0
Then she dun believe wat?,0.98,0.02,0.97,0.01,0.01,0.01,0.88,0.12,0.96,0.03,0.005,0.003,0.002
"Do you ever notice that when you're driving, anyone going slower than you is an idiot and everyone driving faster than you is a maniac?",0.95,0.05,0.95,0.01,0.02,0.02,0.95,0.05,0.95,0.03,0.01,0.005,0.005
thanks for the temales it was wonderful. Thank. Have a great week.,0.97,0.03,0.95,0.02,0.01,0.02,0.97,0.03,0.95,0.03,0.01,0.005,0.005
"Dear Voucher Holder, To claim this weeks offer, at your PC please go to http://www.wtlp.co.uk/text. Ts&Cs apply.",0.030000000000000027,0.97,0.01,0.02,0.55,0.42,0.030000000000000027,0.97,0.01,0.2,0.45,0.28,0.06
Yeah I imagine he would be really gentle. Unlike the other docs who treat their patients like turkeys.,0.98,0.02,0.97,0.01,0.01,0.01,0.98,0.02,0.96,0.03,0.005,0.003,0.002
Well i will watch shrek in 3D!!B),0.97,0.03,0.95,0.01,0.03,0.01,0.97,0.03,0.95,0.04,0.01,0.0,0.0
&lt;#&gt;  in mca. But not conform.,0.94,0.06,0.9,0.05,0.02,0.03,0.95,0.05,0.9,0.06,0.03,0.007,0.003
"URGENT, IMPORTANT INFORMATION FOR O2 USER. TODAY IS YOUR LUCKY DAY! 2 FIND OUT WHY LOG ONTO HTTP://WWW.URAWINNER.COM THERE IS A FANTASTIC SURPRISE AWAITING FOR YOU",0.010000000000000009,0.99,0.005,0.005,0.04,0.95,0.030000000000000027,0.97,0.01,0.03,0.16,0.5,0.3
HIYA COMIN 2 BRISTOL 1 ST WEEK IN APRIL. LES GOT OFF + RUDI ON NEW YRS EVE BUT I WAS SNORING.THEY WERE DRUNK! U BAK AT COLLEGE YET? MY WORK SENDS INK 2 BATH.,0.98,0.02,0.97,0.01,0.01,0.01,0.88,0.12,0.95,0.04,0.01,0.0,0.0
Yes we are chatting too.,0.97,0.03,0.96,0.01,0.01,0.02,0.97,0.03,0.95,0.03,0.01,0.005,0.005
I wont. So wat's wit the guys,0.97,0.03,0.95,0.01,0.01,0.03,0.75,0.25,0.9,0.06,0.03,0.007,0.003
"Good! No, don‘t need any receipts—well done! (…) Yes, please tell . What‘s her number, i could ring her",0.98,0.02,0.96,0.02,0.01,0.01,0.4,0.6,0.9,0.07,0.02,0.007,0.003
You were supposed to wake ME up &gt;:(,0.98,0.02,0.97,0.01,0.01,0.01,0.95,0.05,0.96,0.03,0.01,0.0,0.0
Wat r u doing now?,0.97,0.03,0.95,0.01,0.01,0.03,0.75,0.25,0.93,0.04,0.02,0.007,0.003
I did. One slice and one breadstick. Lol,0.98,0.02,0.97,0.01,0.01,0.01,0.97,0.03,0.96,0.03,0.01,0.0,0.0
"Congratulations! Thanks to a good friend U have WON the £2,000 Xmas prize. 2 claim is easy, just call 08718726971 NOW! Only 10p per minute. BT-national-rate.",0.020000000000000018,0.98,0.005,0.005,0.04,0.95,0.020000000000000018,0.98,0.005,0.02,0.1,0.5,0.375
"Aight will do, thanks again for comin out",0.98,0.02,0.97,0.01,0.01,0.01,0.97,0.03,0.96,0.03,0.01,0.0,0.0
How much r ü willing to pay?,0.96,0.04,0.93,0.02,0.01,0.04,0.4,0.6,0.88,0.06,0.03,0.02,0.01
Guess who spent all last night phasing in and out of the fourth dimension,0.97,0.03,0.95,0.01,0.02,0.02,0.9,0.1,0.93,0.05,0.01,0.005,0.005
She went to attend another two rounds today..but still did't reach home..,0.98,0.02,0.97,0.01,0.01,0.01,0.97,0.03,0.96,0.03,0.01,0.0,0.0
I couldn't say no as he is a dying man and I feel sad for him so I will go and I just wanted you to know I would probably be gone late into your night,0.98,0.02,0.96,0.01,0.01,0.02,0.95,0.05,0.95,0.03,0.01,0.005,0.005
Did u see what I posted on your Facebook?,0.94,0.06,0.9,0.01,0.01,0.08,0.7,0.3,0.8,0.1,0.06,0.03,0.01
Yeah just open chat and click friend lists. Then make the list. Easy as pie,0.98,0.02,0.97,0.01,0.01,0.01,0.88,0.12,0.93,0.05,0.015,0.003,0.002
No..few hours before.went to hair cut .,0.98,0.02,0.96,0.01,0.01,0.02,0.95,0.05,0.95,0.03,0.01,0.005,0.005
"Two fundamentals of cool life: ""Walk, like you are the KING""...! OR ""Walk like you Dont care,whoever is the KING""!... Gud nyt",0.94,0.06,0.93,0.01,0.04,0.02,0.97,0.03,0.93,0.05,0.015,0.004,0.001
U guys never invite me anywhere :(,0.97,0.03,0.96,0.01,0.01,0.02,0.95,0.05,0.95,0.03,0.01,0.005,0.005
I will reach before ten morning,0.97,0.03,0.95,0.03,0.01,0.01,0.97,0.03,0.95,0.04,0.01,0.0,0.0
"Sorry da thangam, very very sorry i am held up with prasad.",0.98,0.02,0.97,0.01,0.01,0.01,0.97,0.03,0.96,0.03,0.01,0.0,0.0
R u meeting da ge at nite tmr?,0.98,0.02,0.97,0.01,0.01,0.01,0.8,0.2,0.95,0.03,0.01,0.005,0.005
Mobile Club: Choose any of the top quality items for your mobile. 7cfca1a,0.050000000000000044,0.95,0.02,0.03,0.6,0.35,0.4,0.6,0.1,0.35,0.4,0.12,0.03
Here got ur favorite oyster... N got my favorite sashimi... Ok lar i dun say already... Wait ur stomach start rumbling...,0.98,0.02,0.97,0.01,0.01,0.01,0.95,0.05,0.95,0.04,0.01,0.0,0.0
Jus finished avatar nigro,0.97,0.03,0.95,0.01,0.02,0.02,0.95,0.05,0.94,0.04,0.01,0.005,0.005
"She was supposed to be but couldn't make it, she's still in town though",0.97,0.03,0.95,0.01,0.01,0.03,0.95,0.05,0.95,0.03,0.015,0.004,0.001
Aww that's the first time u said u missed me without asking if I missed u first. You DO love me! :),0.98,0.02,0.97,0.01,0.01,0.01,0.97,0.03,0.96,0.02,0.01,0.005,0.005
She.s fine. I have had difficulties with her phone. It works with mine. Can you pls send her another friend request.,0.97,0.03,0.95,0.01,0.01,0.03,0.25,0.75,0.85,0.1,0.04,0.007,0.003
I wont do anything de.,0.97,0.03,0.95,0.01,0.01,0.03,0.95,0.05,0.93,0.05,0.01,0.005,0.005
Babe: U want me dont u baby! Im nasty and have a thing 4 filthyguys. Fancy a rude time with a sexy bitch. How about we go slo n hard! Txt XXX SLO(4msgs),0.030000000000000027,0.97,0.02,0.005,0.45,0.525,0.030000000000000027,0.97,0.010000000000000002,0.07000000000000002,0.35000000000000003,0.47000000000000003,0.10000000000000002
Don't look back at the building because you have no coat and i don't want you to get more sick. Just hurry home and wear a coat to the gym!!!,0.98,0.02,0.97,0.01,0.01,0.01,0.88,0.12,0.95,0.04,0.01,0.0,0.0
Dont pick up d call when something important is There to tell. Hrishi,0.97,0.03,0.96,0.01,0.01,0.02,0.75,0.25,0.92,0.05,0.02,0.007,0.003
"Evening * v good if somewhat event laden. Will fill you in, don't you worry … Head * ok but throat * wrecked. See you at six then!",0.98,0.02,0.97,0.01,0.01,0.01,0.95,0.05,0.96,0.03,0.005,0.003,0.002
The basket's gettin full so I might be by tonight,0.97,0.03,0.95,0.02,0.01,0.02,0.95,0.05,0.94,0.04,0.01,0.005,0.005
Kindly send some one to our flat before  &lt;DECIMAL&gt;  today.,0.96,0.04,0.92,0.05,0.01,0.02,0.25,0.75,0.85,0.12,0.02,0.007,0.003
Some of them told accenture is not confirm. Is it true.,0.97,0.03,0.96,0.01,0.01,0.02,0.44999999999999996,0.55,0.93,0.05,0.015,0.004,0.001
Dear are you angry i was busy dear,0.97,0.03,0.95,0.01,0.01,0.03,0.8,0.2,0.92,0.05,0.02,0.01,0.0
"Al he does is moan at me if n e thin goes wrong its my fault&al de arguments r my fault&fed up of him of himso y bother? Hav 2go, thanx.xx",0.98,0.02,0.97,0.01,0.01,0.01,0.97,0.03,0.96,0.03,0.005,0.003,0.002
Do you still have the grinder?,0.96,0.04,0.95,0.01,0.01,0.03,0.44999999999999996,0.55,0.9,0.06,0.03,0.01,0.0
I think just yourself …Thanks and see you tomo,0.98,0.02,0.97,0.01,0.01,0.01,0.95,0.05,0.96,0.03,0.005,0.003,0.002
Are you happy baby ? Are you alright ? Did you take that job ? I hope your fine. I send you a kiss to make you smile from across the sea ... *kiss* *kiss*,0.97,0.03,0.96,0.01,0.01,0.02,0.88,0.12,0.94,0.03,0.02,0.007,0.003
"LOOK AT AMY URE A BEAUTIFUL, INTELLIGENT WOMAN AND I LIKE U A LOT. I KNOW U DONT LIKE ME LIKE THAT SO DONT WORRY.",0.97,0.03,0.96,0.01,0.01,0.02,0.95,0.05,0.93,0.05,0.01,0.005,0.005
"Sure thing big man. i have hockey elections at 6, shouldn‘t go on longer than an hour though",0.98,0.02,0.97,0.01,0.01,0.01,0.95,0.05,0.95,0.04,0.01,0.0,0.0
"You can stop further club tones by replying ""STOP MIX"" See my-tone.com/enjoy. html for terms. Club tones cost GBP4.50/week. MFL, PO Box 1146 MK45 2WT (2/3)",0.06999999999999995,0.93,0.01,0.07,0.55,0.37,0.38,0.62,0.05,0.25,0.45,0.2,0.05
Did u receive my msg?,0.94,0.06,0.9,0.02,0.02,0.06,0.44999999999999996,0.55,0.85,0.07,0.05,0.02,0.01
"Geeee ... I miss you already, you know ? Your all I can think about. Fuck, I can't wait till next year when we will be together ... *loving kiss*",0.97,0.03,0.96,0.01,0.01,0.02,0.96,0.04,0.95,0.03,0.01,0.007,0.003
Hi happy birthday. Hi hi hi hi hi hi hi,0.96,0.04,0.95,0.01,0.01,0.03,0.95,0.05,0.94,0.04,0.015,0.004,0.001
TELL HER I SAID EAT SHIT.,0.96,0.04,0.95,0.01,0.01,0.03,0.75,0.25,0.9,0.07,0.02,0.007,0.003
Why must we sit around and wait for summer days to celebrate. Such a magical sight when the worlds dressed in white. Oooooh let there be snow.,0.94,0.06,0.92,0.01,0.05,0.02,0.97,0.03,0.94,0.05,0.01,0.0,0.0
"complimentary 4 STAR Ibiza Holiday or £10,000 cash needs your URGENT collection. 09066364349 NOW from Landline not to lose out! Box434SK38WP150PPM18+",0.010000000000000009,0.99,0.005,0.005,0.04,0.95,0.010000000000000009,0.99,0.005,0.02,0.08,0.5,0.395
Maybe?! Say hi to  and find out if  got his card. Great escape or wetherspoons?,0.98,0.02,0.97,0.01,0.01,0.01,0.75,0.25,0.95,0.04,0.01,0.0,0.0
"Kind of. Just missed train cos of asthma attack, nxt one in half hr so driving in. not sure where to park.",0.98,0.02,0.97,0.01,0.01,0.01,0.92,0.08,0.95,0.03,0.01,0.005,0.005
Yup song bro. No creative. Neva test quality. He said check review online.,0.97,0.03,0.96,0.01,0.01,0.02,0.88,0.12,0.9,0.07,0.02,0.007,0.003
K do I need a login or anything,0.97,0.03,0.95,0.02,0.01,0.02,0.4,0.6,0.9,0.06,0.03,0.007,0.003
"Yetunde, i'm sorry but moji and i seem too busy to be able to go shopping. Can you just please find some other way to get what you wanted us to get. Please forgive me. You can reply free via yahoo messenger.",0.97,0.03,0.96,0.01,0.01,0.02,0.4,0.6,0.9,0.07,0.02,0.007,0.003
Oh... Okie lor...We go on sat...,0.98,0.02,0.97,0.01,0.01,0.01,0.95,0.05,0.96,0.03,0.01,0.0,0.0
Pls what's the full name of joke's school cos fees in university of florida seem to actually be  &lt;#&gt; k. Pls holla back,0.97,0.03,0.96,0.01,0.01,0.02,0.25,0.75,0.9,0.07,0.02,0.007,0.003
I not at home now lei...,0.98,0.02,0.97,0.01,0.01,0.01,0.97,0.03,0.96,0.03,0.01,0.0,0.0
"ou are guaranteed the latest Nokia Phone, a 40GB iPod MP3 player or a £500 prize! Txt word: COLLECT to No: 83355! IBHltd LdnW15H 150p/Mtmsgrcvd18",0.010000000000000009,0.99,0.005,0.005,0.08,0.91,0.010000000000000009,0.99,0.005,0.02,0.1,0.5,0.375
"Nothing much, chillin at home. Any super bowl plan?",0.98,0.02,0.97,0.01,0.01,0.01,0.88,0.12,0.95,0.03,0.01,0.005,0.005
Me too! Have a lovely night xxx,0.98,0.02,0.97,0.01,0.01,0.01,0.97,0.03,0.96,0.03,0.01,0.0,0.0
"Good evening Sir, hope you are having a nice day. I wanted to bring it to your notice that I have been late in paying rent for the past few months and have had to pay a $ &lt;#&gt;  charge. I felt it would be inconsiderate of me to nag about something you give at great cost to yourself and that's why i didnt speak up. I however am in a recession and wont be able to pay the charge this month hence my askin well ahead of month's end. Can you please help. Thank you for everything.",0.96,0.04,0.93,0.01,0.01,0.05,0.15000000000000002,0.85,0.7,0.15,0.08,0.05,0.02
Long after I quit. I get on only like 5 minutes a day as it is.,0.97,0.03,0.95,0.01,0.02,0.02,0.97,0.03,0.94,0.04,0.01,0.005,0.005
Was actually sleeping and still might when u call back. So a text is gr8. You rock sis. Will send u a text wen i wake.,0.98,0.02,0.97,0.01,0.01,0.01,0.75,0.25,0.95,0.04,0.01,0.0,0.0
Dude while were makin those weirdy brownies my sister made awesome cookies. I took pics.,0.98,0.02,0.97,0.01,0.01,0.01,0.97,0.03,0.96,0.03,0.01,0.0,0.0
Aight ill get on fb in a couple minutes,0.98,0.02,0.97,0.01,0.01,0.01,0.95,0.05,0.96,0.03,0.01,0.0,0.0
Customer place i will call you.,0.96,0.04,0.95,0.02,0.01,0.02,0.95,0.05,0.95,0.04,0.01,0.0,0.0
I just made some payments so dont have that much. Sorry. Would you want it fedex or the other way.,0.97,0.03,0.95,0.01,0.01,0.03,0.4,0.6,0.9,0.05,0.03,0.015,0.005
Just got to  &lt;#&gt;,0.97,0.03,0.95,0.02,0.01,0.02,0.97,0.03,0.95,0.03,0.01,0.005,0.005
Left dessert. U wan me 2 go suntec look 4 u?,0.98,0.02,0.96,0.01,0.01,0.02,0.44999999999999996,0.55,0.93,0.05,0.01,0.005,0.005
Yup it's at paragon... I havent decided whether 2 cut yet... Hee...,0.98,0.02,0.97,0.01,0.01,0.01,0.97,0.03,0.96,0.03,0.01,0.0,0.0
Yes princess! I want to please you every night. Your wish is my command...,0.94,0.06,0.9,0.01,0.04,0.05,0.95,0.05,0.9,0.06,0.03,0.01,0.0
I'm freezing and craving ice. Fml,0.97,0.03,0.96,0.01,0.01,0.02,0.97,0.03,0.95,0.03,0.01,0.005,0.005
Sun ah... Thk mayb can if dun have anythin on... Thk have to book e lesson... E pilates is at orchard mrt u noe hor...,0.98,0.02,0.97,0.01,0.01,0.01,0.88,0.12,0.95,0.04,0.01,0.0,0.0
"Sir, good morning. Hope you had a good weekend. I called to let you know that i was able to raise  &lt;#&gt;  from my dad. He however said he would make the rest available by mid feb. This amount is still quite short and i was hoping you would help. Do have a good day. Abiola",0.97,0.03,0.95,0.01,0.01,0.03,0.4,0.6,0.65,0.2,0.1,0.04,0.01
important information 4 orange user 0789xxxxxxx. today is your lucky day!2find out why log onto http://www.urawinner.com THERE'S A FANTASTIC SURPRISE AWAITING YOU!,0.010000000000000009,0.99,0.005,0.005,0.04,0.95,0.020000000000000018,0.98,0.005,0.02,0.1,0.5,0.375
"Probably gonna be here for a while, see you later tonight &lt;)",0.97,0.03,0.96,0.01,0.01,0.02,0.95,0.05,0.95,0.03,0.01,0.005,0.005
Come to mahal bus stop.. &lt;DECIMAL&gt;,0.97,0.03,0.95,0.02,0.01,0.02,0.4,0.6,0.9,0.07,0.02,0.007,0.003
Then u going ikea str aft dat?,0.98,0.02,0.97,0.01,0.01,0.01,0.85,0.15,0.95,0.04,0.01,0.0,0.0
Will do. Have a good day,0.97,0.03,0.95,0.02,0.01,0.02,0.97,0.03,0.95,0.03,0.01,0.005,0.005
Just nw i came to hme da..,0.98,0.02,0.97,0.01,0.01,0.01,0.97,0.03,0.96,0.03,0.01,0.0,0.0
Mm that time you dont like fun,0.97,0.03,0.96,0.01,0.01,0.02,0.95,0.05,0.95,0.03,0.01,0.005,0.005
aathi..where are you dear..,0.97,0.03,0.96,0.01,0.01,0.02,0.75,0.25,0.93,0.04,0.02,0.007,0.003
Yoyyooo u know how to change permissions for a drive in mac. My usb flash drive,0.97,0.03,0.96,0.01,0.01,0.02,0.65,0.35,0.93,0.05,0.01,0.005,0.005
Thanks honey but still haven't heard anything I will leave it a bit longer so not 2 crowd him and will try later - great advice thanks hope cardiff is still there!,0.98,0.02,0.97,0.01,0.01,0.01,0.95,0.05,0.95,0.03,0.01,0.005,0.005
In which place do you want da.,0.97,0.03,0.95,0.02,0.01,0.02,0.75,0.25,0.95,0.03,0.01,0.005,0.005
"SMSSERVICES. for yourinclusive text credits, pls goto www.comuk.net login= 3qxj9 unsubscribe with STOP, no extra charge. help 08702840625.COMUK. 220-CM2 9AE",0.040000000000000036,0.96,0.01,0.04,0.55,0.4,0.050000000000000044,0.95,0.02,0.15,0.53,0.25,0.05
alright. Thanks for the advice. Enjoy your night out. I'ma try to get some sleep...,0.98,0.02,0.97,0.01,0.01,0.01,0.97,0.03,0.96,0.03,0.005,0.003,0.002
when you and derek done with class?,0.98,0.02,0.97,0.01,0.01,0.01,0.4,0.6,0.93,0.05,0.01,0.005,0.005
I‘m going to try for 2 months ha ha only joking,0.97,0.03,0.96,0.01,0.01,0.02,0.97,0.03,0.95,0.03,0.01,0.005,0.005
No message..no responce..what happend?,0.97,0.03,0.95,0.01,0.01,0.03,0.65,0.35,0.9,0.06,0.03,0.007,0.003
Send me your id and password,0.65,0.35,0.55,0.02,0.02,0.41,0.09999999999999998,0.9,0.04,0.1,0.3,0.4,0.16
Whats the staff name who is taking class for us?,0.98,0.02,0.96,0.01,0.01,0.02,0.44999999999999996,0.55,0.9,0.07,0.02,0.007,0.003
Sorry completely forgot * will pop em round this week if your still here?,0.97,0.03,0.96,0.01,0.01,0.02,0.7,0.3,0.94,0.04,0.01,0.005,0.005
"Good afternoon sunshine! How dawns that day ? Are we refreshed and happy to be alive? Do we breathe in the air and smile ? I think of you, my love ... As always",0.97,0.03,0.96,0.005,0.01,0.025,0.95,0.05,0.95,0.03,0.01,0.007,0.003
You will be in the place of that man,0.95,0.05,0.93,0.01,0.02,0.04,0.95,0.05,0.92,0.05,0.02,0.007,0.003
I'm sorry. I've joined the league of people that dont keep in touch. You mean a great deal to me. You have been a friend at all times even at great personal cost. Do have a great week.|,0.97,0.03,0.96,0.01,0.01,0.02,0.97,0.03,0.95,0.03,0.01,0.007,0.003
So do you have samus shoulders yet,0.97,0.03,0.95,0.01,0.02,0.02,0.75,0.25,0.93,0.05,0.01,0.005,0.005
Can you open the door?,0.97,0.03,0.95,0.02,0.01,0.02,0.44999999999999996,0.55,0.9,0.07,0.02,0.007,0.003
Nationwide auto centre (or something like that) on Newport road. I liked them there,0.97,0.03,0.96,0.01,0.02,0.01,0.95,0.05,0.95,0.04,0.01,0.0,0.0
So how are you really. What are you up to. How's the masters. And so on.,0.98,0.02,0.97,0.01,0.01,0.01,0.88,0.12,0.95,0.03,0.01,0.005,0.005
I'm done...,0.96,0.04,0.95,0.01,0.01,0.03,0.95,0.05,0.94,0.04,0.015,0.004,0.001
Missing you too.pray inshah allah,0.98,0.02,0.97,0.01,0.01,0.01,0.95,0.05,0.96,0.03,0.01,0.0,0.0
"Sir, hope your day is going smoothly. i really hoped i wont have to bother you about this. I have some bills that i can't settle this month. I am out of all extra cash. I know this is a challenging time for you also but i have to let you know.",0.7,0.3,0.58,0.02,0.02,0.38,0.4,0.6,0.15,0.2,0.3,0.3,0.05
Text & meet someone sexy today. U can find a date or even flirt its up to U. Join 4 just 10p. REPLY with NAME & AGE eg Sam 25. 18 -msg recd@thirtyeight pence,0.020000000000000018,0.98,0.01,0.01,0.55,0.43,0.030000000000000027,0.97,0.01,0.15,0.45,0.32,0.07
"Alright we'll bring it to you, see you in like  &lt;#&gt;  mins",0.98,0.02,0.97,0.02,0.005,0.005,0.95,0.05,0.96,0.03,0.007,0.002,0.001
S now only i took tablets . Reaction morning only.,0.97,0.03,0.96,0.02,0.01,0.01,0.96,0.04,0.95,0.04,0.01,0.0,0.0
"YOU 07801543489 are guaranteed the latests Nokia Phone, a 40GB iPod MP3 player or a £500 prize! Txt word:COLLECT to No:83355! TC-LLC NY-USA 150p/Mt msgrcvd18+",0.010000000000000009,0.99,0.005,0.005,0.09,0.9,0.010000000000000009,0.99,0.005,0.03,0.12,0.55,0.295
Can ü send me a copy of da report?,0.97,0.03,0.95,0.02,0.01,0.02,0.25,0.75,0.9,0.06,0.03,0.007,0.003
"Hi. Wk been ok - on hols now! Yes on for a bit of a run. Forgot that i have hairdressers appointment at four so need to get home n shower beforehand. Does that cause prob for u?""",0.98,0.02,0.97,0.01,0.01,0.01,0.4,0.6,0.95,0.04,0.01,0.0,0.0
Hi Harish's rent has been transfred to ur Acnt.,0.95,0.05,0.9,0.07,0.01,0.02,0.95,0.05,0.9,0.07,0.02,0.007,0.003
Yes:)here tv is always available in work place..,0.97,0.03,0.96,0.01,0.01,0.02,0.95,0.05,0.95,0.03,0.01,0.005,0.005
How are you doing. How's the queen. Are you going for the royal wedding,0.97,0.03,0.95,0.01,0.01,0.03,0.8,0.2,0.94,0.04,0.01,0.007,0.003
I'm in a movie. Call me 4 wat?,0.97,0.03,0.96,0.01,0.01,0.02,0.75,0.25,0.93,0.05,0.015,0.004,0.001
"I call you later, don't have network. If urgnt, sms me.",0.98,0.02,0.97,0.01,0.01,0.01,0.75,0.25,0.93,0.05,0.01,0.005,0.005
You call him now ok i said call him,0.97,0.03,0.96,0.01,0.01,0.02,0.09999999999999998,0.9,0.85,0.09,0.04,0.015,0.005
It has everything to do with the weather. Keep extra warm. Its a cold but nothing serious. Pls lots of vitamin c,0.98,0.02,0.96,0.01,0.01,0.02,0.92,0.08,0.95,0.04,0.01,0.0,0.0
"I dont knw pa, i just drink milk..",0.98,0.02,0.96,0.01,0.01,0.02,0.97,0.03,0.95,0.03,0.01,0.005,0.005
"Sounds gd... Haha... Can... Wah, u yan jiu so fast liao...",0.98,0.02,0.97,0.01,0.01,0.01,0.95,0.05,0.96,0.03,0.01,0.0,0.0
Lol ... I knew that .... I saw him in the dollar store,0.98,0.02,0.96,0.01,0.01,0.02,0.97,0.03,0.95,0.03,0.01,0.005,0.005
"SIX chances to win CASH! From 100 to 20,000 pounds txt> CSH11 and send to 87575. Cost 150p/day, 6days, 16+ TsandCs apply Reply HL 4 info",0.020000000000000018,0.98,0.005,0.005,0.45,0.54,0.020000000000000018,0.98,0.010000000000000002,0.12000000000000001,0.35000000000000003,0.42000000000000004,0.10000000000000002
"Oh my god! I've found your number again! I'm so glad, text me back xafter this msgs cst std ntwk chg £1.50",0.030000000000000027,0.97,0.02,0.01,0.07,0.9,0.050000000000000044,0.95,0.01,0.05,0.2,0.55,0.19
Ok..,0.97,0.03,0.95,0.02,0.01,0.02,0.97,0.03,0.95,0.03,0.01,0.005,0.005
How many times i told in the stage all use to laugh. You not listen aha.,0.97,0.03,0.96,0.01,0.01,0.02,0.95,0.05,0.95,0.03,0.01,0.005,0.005
Hey. You got any mail?,0.97,0.03,0.96,0.01,0.01,0.02,0.44999999999999996,0.55,0.9,0.06,0.03,0.007,0.003
Don't fret. I'll buy the ovulation test strips and send them to you. You wont get them til like march. Can you send me your postal address.u'll be alright.Okay.,0.97,0.03,0.95,0.01,0.01,0.03,0.15000000000000002,0.85,0.8,0.12,0.05,0.02,0.01
Ee msg na poortiyagi odalebeku: Hanumanji 7 name 1-Hanuman 2-Bajarangabali 3-Maruti 4-Pavanaputra 5-Sankatmochan 6-Ramaduth 7-Mahaveer ee 7 name  &lt;#&gt;  janarige ivatte kalisidare next saturday olage ondu good news keluviri...! Maretare inde 1 dodda problum nalli siguviri idu matra  &lt;#&gt; % true.. Don't neglet.,0.4,0.6,0.5,0.02,0.13,0.35,0.15000000000000002,0.85,0.25,0.55,0.15,0.04,0.01
Ffffffffff. Alright no way I can meet up with you sooner?,0.98,0.02,0.97,0.01,0.01,0.01,0.75,0.25,0.95,0.03,0.01,0.005,0.005
Where @,0.96,0.04,0.95,0.01,0.01,0.03,0.44999999999999996,0.55,0.9,0.06,0.03,0.007,0.003
Aiyo a bit pai seh ü noe... Scared he dun rem who i am then die... Hee... But he become better lookin oredi leh...,0.98,0.02,0.97,0.01,0.01,0.01,0.97,0.03,0.96,0.03,0.01,0.0,0.0
"Latest Nokia Mobile or iPOD MP3 Player +£400 proze GUARANTEED! Reply with: WIN to 83355 now! Norcorp Ltd.£1,50/Mtmsgrcvd18+",0.020000000000000018,0.98,0.005,0.005,0.12,0.87,0.030000000000000027,0.97,0.01,0.06,0.15,0.5,0.28
Hi kindly give us back our documents which we submitted for loan from STAPATI,0.85,0.15,0.78,0.1,0.03,0.09,0.28,0.72,0.45,0.38,0.12,0.04,0.01
What's your room number again? Wanna make sure I'm knocking on the right door,0.96,0.04,0.95,0.01,0.01,0.03,0.15000000000000002,0.85,0.9,0.06,0.03,0.01,0.0
Eh u remember how 2 spell his name... Yes i did. He v naughty make until i v wet.,0.98,0.02,0.97,0.01,0.01,0.01,0.75,0.25,0.95,0.03,0.01,0.005,0.005
"New Mobiles from 2004, MUST GO! Txt: NOKIA to No: 89545 & collect yours today! From ONLY £1. www.4-tc.biz 2optout 087187262701.50gbp/mtmsg18 TXTAUCTION.",0.020000000000000018,0.98,0.005,0.005,0.55,0.44,0.030000000000000027,0.97,0.01,0.15,0.4,0.35,0.09
Ok enjoy . R u there in home.,0.97,0.03,0.95,0.01,0.01,0.03,0.75,0.25,0.93,0.05,0.01,0.007,0.003
"Sad story of a Man - Last week was my b'day. My Wife did'nt wish me. My Parents forgot n so did my Kids . I went to work. Even my Colleagues did not wish. As I entered my cabin my PA said, '' Happy B'day Boss !!''. I felt special. She askd me 4 lunch. After lunch she invited me to her apartment. We went there. She said,'' do u mind if I go into the bedroom for a minute ? '' ''OK'', I sed in a sexy mood. She came out 5 minuts latr wid a cake...n My Wife, My Parents, My Kidz, My Friends n My Colleagues. All screaming.. SURPRISE !! and I was waiting on the sofa.. ... ..... ' NAKED...!",0.88,0.12,0.9,0.01,0.06,0.03,0.97,0.03,0.93,0.05,0.015,0.004,0.001
Oh is it! Which brand?,0.98,0.02,0.97,0.01,0.01,0.01,0.88,0.12,0.96,0.03,0.01,0.0,0.0
From next month get upto 50% More Calls 4 Ur standard network charge 2 activate Call 9061100010 C Wire3.net 1st4Terms PoBox84 M26 3UZ Cost £1.50 min MobcudB more,0.020000000000000018,0.98,0.005,0.01,0.45,0.535,0.030000000000000027,0.97,0.010000000000000002,0.12000000000000001,0.35000000000000003,0.42000000000000004,0.10000000000000002
Wat makes u thk i'll fall down. But actually i thk i'm quite prone 2 falls. Lucky my dad at home i ask him come n fetch me already.,0.98,0.02,0.97,0.01,0.01,0.01,0.96,0.04,0.95,0.03,0.01,0.005,0.005
I AM AT THE GAS STATION. GO THERE.,0.96,0.04,0.95,0.01,0.01,0.03,0.65,0.35,0.9,0.07,0.02,0.007,0.003
Rats. Hey did u ever vote for the next themes?,0.97,0.03,0.95,0.01,0.02,0.02,0.75,0.25,0.9,0.08,0.015,0.003,0.002
"I'm not coming over, do whatever you want",0.97,0.03,0.96,0.01,0.01,0.02,0.95,0.05,0.95,0.03,0.01,0.005,0.005
Do you work all this week ?,0.97,0.03,0.96,0.01,0.01,0.02,0.65,0.35,0.94,0.04,0.01,0.005,0.005
My superior telling that friday is leave for all other department except ours:)so it will be leave for you:)any way call waheed fathima hr and conform it:),0.97,0.03,0.95,0.02,0.01,0.02,0.15000000000000002,0.85,0.8,0.15,0.03,0.01,0.01
Had your mobile 11mths ? Update for FREE to Oranges latest colour camera mobiles & unlimited weekend calls. Call Mobile Upd8 on freefone 08000839402 or 2StopTxt,0.020000000000000018,0.98,0.01,0.01,0.75,0.23,0.030000000000000027,0.97,0.01,0.45,0.4,0.12,0.02
Send me yetty's number pls.,0.97,0.03,0.95,0.01,0.01,0.03,0.15000000000000002,0.85,0.85,0.1,0.03,0.015,0.005
The guy did some bitching but I acted like i'd be interested in buying something else next week and he gave it to us for free,0.98,0.02,0.97,0.01,0.01,0.01,0.97,0.03,0.96,0.03,0.01,0.0,0.0
Desires- u going to doctor 4 liver. And get a bit stylish. Get ur hair managed. Thats it.,0.97,0.03,0.96,0.01,0.01,0.02,0.88,0.12,0.93,0.05,0.01,0.005,0.005
Am i that much dirty fellow?,0.97,0.03,0.96,0.01,0.01,0.02,0.88,0.12,0.94,0.04,0.01,0.007,0.003
"Aight text me when you're back at mu and I'll swing by, need somebody to get the door for me",0.98,0.02,0.97,0.01,0.01,0.01,0.19999999999999996,0.8,0.9,0.07,0.02,0.005,0.005
"Set a place for me in your heart and not in your mind, as the mind easily forgets but the heart will always remember. Wish you Happy Valentines Day!",0.85,0.15,0.85,0.01,0.1,0.04,0.97,0.03,0.9,0.08,0.015,0.004,0.001
"Go until jurong point, crazy.. Available only in bugis n great world la e buffet... Cine there got amore wat...",0.97,0.03,0.95,0.01,0.03,0.01,0.95,0.05,0.94,0.04,0.01,0.005,0.005
Then i buy.,0.97,0.03,0.95,0.02,0.01,0.02,0.95,0.05,0.94,0.04,0.01,0.005,0.005
Collect your VALENTINE'S weekend to PARIS inc Flight & Hotel + £200 Prize guaranteed! Text: PARIS to No: 69101. www.rtf.sphosting.com,0.020000000000000018,0.98,0.005,0.005,0.1,0.89,0.020000000000000018,0.98,0.01,0.05,0.15,0.5,0.29
Boltblue tones for 150p Reply POLY# or MONO# eg POLY3 1. Cha Cha Slide 2. Yeah 3. Slow Jamz 6. Toxic 8. Come With Me or STOP 4 more tones txt MORE,0.040000000000000036,0.96,0.01,0.02,0.85,0.12,0.030000000000000027,0.97,0.01,0.55,0.35,0.08,0.01
Do have a nice day today. I love you so dearly.,0.97,0.03,0.95,0.01,0.01,0.03,0.97,0.03,0.95,0.03,0.01,0.007,0.003
And popping &lt;#&gt; ibuprofens was no help.,0.98,0.02,0.97,0.01,0.01,0.01,0.97,0.03,0.96,0.03,0.01,0.0,0.0
"Will u meet ur dream partner soon? Is ur career off 2 a flyng start? 2 find out free, txt HORO followed by ur star sign, e. g. HORO ARIES",0.030000000000000027,0.97,0.01,0.01,0.55,0.43,0.030000000000000027,0.97,0.01,0.15,0.5,0.28,0.06
"""HEY DAS COOL... IKNOW ALL 2 WELLDA PERIL OF STUDENTFINANCIAL CRISIS!SPK 2 U L8R.""",0.98,0.02,0.97,0.01,0.01,0.01,0.97,0.03,0.96,0.03,0.01,0.0,0.0
That is wondar full flim.,0.97,0.03,0.95,0.01,0.02,0.02,0.97,0.03,0.95,0.03,0.01,0.005,0.005
"Life is more strict than teacher... Bcoz Teacher teaches lesson &amp; then conducts exam, But Life first conducts Exam &amp; then teaches Lessons. Happy morning. . .",0.9,0.1,0.9,0.01,0.05,0.04,0.97,0.03,0.93,0.06,0.01,0.0,0.0
Ok. Not sure what time tho as not sure if can get to library before class. Will try. See you at some point! Have good eve.,0.98,0.02,0.97,0.01,0.01,0.01,0.95,0.05,0.96,0.03,0.005,0.003,0.002
Lol no. Just trying to make your day a little more interesting,0.97,0.03,0.96,0.01,0.01,0.02,0.97,0.03,0.95,0.03,0.01,0.007,0.003
"Also north carolina and texas atm, you would just go to the gre site and pay for the test results to be sent.",0.97,0.03,0.95,0.02,0.01,0.02,0.92,0.08,0.9,0.07,0.02,0.007,0.003
Did u find a sitter for kaitlyn? I was sick and slept all day yesterday.,0.98,0.02,0.97,0.01,0.01,0.01,0.75,0.25,0.95,0.04,0.01,0.0,0.0
"Okay. No no, just shining on. That was meant to be signing, but that sounds better.",0.97,0.03,0.96,0.01,0.01,0.02,0.97,0.03,0.95,0.03,0.01,0.005,0.005
I can ask around but there's not a lot in terms of mids up here,0.97,0.03,0.96,0.01,0.01,0.02,0.95,0.05,0.93,0.04,0.02,0.007,0.003
Okey dokey swashbuckling stuff what oh.,0.97,0.03,0.95,0.01,0.02,0.02,0.96,0.04,0.94,0.04,0.01,0.005,0.005
"Found it, ENC  &lt;#&gt; , where you at?",0.97,0.03,0.95,0.02,0.01,0.02,0.4,0.6,0.94,0.04,0.01,0.005,0.005
It's é only $140 ard...É rest all ard $180 at least...Which is é price 4 é 2 bedrm ($900),0.97,0.03,0.95,0.02,0.02,0.01,0.92,0.08,0.93,0.05,0.015,0.004,0.001
Sorry i cant take your call right now. It so happens that there r 2waxsto do wat you want. She can come and ill get her medical insurance. And she'll be able to deliver and have basic care. I'm currently shopping for the right medical insurance for her. So just give me til friday morning. Thats when i.ll see the major person that can guide me to the right insurance.,0.98,0.02,0.97,0.01,0.01,0.01,0.85,0.15,0.93,0.05,0.01,0.007,0.003
I'm home. Ard wat time will u reach?,0.98,0.02,0.97,0.01,0.01,0.01,0.55,0.45,0.95,0.03,0.01,0.005,0.005
The message sent is askin for  &lt;#&gt; dollars. Shoul i pay  &lt;#&gt;  or  &lt;#&gt; ?,0.96,0.04,0.94,0.02,0.01,0.03,0.28,0.72,0.88,0.07,0.03,0.015,0.005
"said kiss, kiss, i can't do the sound effects! He is a gorgeous man isn't he! Kind of person who needs a smile to brighten his day!",0.98,0.02,0.97,0.01,0.01,0.01,0.95,0.05,0.95,0.03,0.01,0.005,0.005
At the funeral home with Audrey and dad,0.98,0.02,0.97,0.01,0.01,0.01,0.97,0.03,0.96,0.03,0.01,0.0,0.0
"This is the 2nd time we have tried 2 contact u. U have won the 750 Pound prize. 2 claim is easy, call 08718726970 NOW! Only 10p per min. BT-national-rate",0.010000000000000009,0.99,0.005,0.005,0.04,0.95,0.010000000000000009,0.99,0.005,0.02,0.1,0.5,0.375
So when do you wanna gym?,0.98,0.02,0.97,0.01,0.01,0.01,0.75,0.25,0.95,0.04,0.01,0.0,0.0
Leave it de:-). Start Prepare for next:-)..,0.97,0.03,0.95,0.01,0.02,0.02,0.88,0.12,0.92,0.05,0.02,0.007,0.003
No one interested. May be some business plan.,0.95,0.05,0.93,0.02,0.03,0.02,0.95,0.05,0.93,0.05,0.015,0.004,0.001
"Thanks, I'll keep that in mind",0.97,0.03,0.96,0.02,0.01,0.01,0.98,0.02,0.96,0.03,0.01,0.0,0.0
Hi mate its RV did u hav a nice hol just a message 3 say hello coz havent sent u 1 in ages started driving so stay off roads!RVx,0.97,0.03,0.96,0.01,0.01,0.02,0.95,0.05,0.95,0.03,0.01,0.005,0.005
Dear i am not denying your words please,0.97,0.03,0.96,0.01,0.01,0.02,0.95,0.05,0.95,0.03,0.01,0.007,0.003
At what time are you coming.,0.97,0.03,0.95,0.02,0.01,0.02,0.75,0.25,0.93,0.05,0.01,0.005,0.005
Really? I crashed out cuddled on my sofa.,0.98,0.02,0.97,0.01,0.01,0.01,0.95,0.05,0.95,0.03,0.01,0.005,0.005
Kallis is ready for bat in 2nd innings,0.94,0.06,0.9,0.05,0.03,0.02,0.97,0.03,0.93,0.05,0.015,0.004,0.001
Hi dis is yijue i would be happy to work wif ü all for gek1510...,0.96,0.04,0.95,0.02,0.01,0.02,0.88,0.12,0.9,0.07,0.02,0.007,0.003
Actually i deleted my old website..now i m blogging at magicalsongs.blogspot.com,0.96,0.04,0.94,0.01,0.04,0.01,0.8,0.2,0.7,0.25,0.04,0.007,0.003
Ill call you evening ill some ideas.,0.97,0.03,0.95,0.02,0.01,0.02,0.95,0.05,0.95,0.03,0.01,0.005,0.005
u r a winner U ave been specially selected 2 receive £1000 cash or a 4* holiday (flights inc) speak to a live operator 2 claim 0871277810710p/min (18 ),0.010000000000000009,0.99,0.005,0.005,0.04,0.95,0.020000000000000018,0.98,0.005,0.02,0.08,0.5,0.395
"Claim a 200 shopping spree, just call 08717895698 now! Have you won! MobStoreQuiz10ppm",0.010000000000000009,0.99,0.005,0.005,0.06,0.93,0.010000000000000009,0.99,0.005,0.02,0.1,0.55,0.325
Wow so healthy. Old airport rd lor. Cant thk of anything else. But i'll b bathing my dog later.,0.98,0.02,0.97,0.01,0.01,0.01,0.95,0.05,0.96,0.03,0.01,0.0,0.0
"You at mu? You should try to figure out how much money everyone has for gas and alcohol, jay and I are trying to figure out our weed budget",0.98,0.02,0.97,0.01,0.01,0.01,0.25,0.75,0.9,0.07,0.02,0.007,0.003
"Sorry, it's a lot of friend-of-a-friend stuff, I'm just now about to talk to the actual guy who wants to buy",0.97,0.03,0.95,0.01,0.01,0.03,0.95,0.05,0.93,0.04,0.02,0.01,0.0
"Im in inperialmusic listening2the weirdest track ever byleafcutter john-sounds like insects being molested&someone plumbing,remixed by evil men on acid!",0.98,0.02,0.96,0.01,0.02,0.01,0.97,0.03,0.95,0.04,0.01,0.0,0.0
"Edison has rightly said, ""A fool can ask more questions than a wise man can answer"" Now you know why all of us are speechless during ViVa.. GM,GN,GE,GNT:-)",0.88,0.12,0.88,0.01,0.06,0.05,0.97,0.03,0.9,0.07,0.02,0.007,0.003
"Christmas is An occasion that is Celebrated as a Reflection of UR... Values..., Desires..., Affections...&amp; Traditions.... Have an ideal Christmas...",0.88,0.12,0.85,0.01,0.09,0.05,0.97,0.03,0.9,0.08,0.02,0.0,0.0
Hi di is yijue we're meeting at 7 pm at esaplanade tonight.,0.97,0.03,0.96,0.02,0.01,0.01,0.92,0.08,0.94,0.04,0.01,0.005,0.005
Hmm ill have to think about it... ok you're forgiven! =D,0.98,0.02,0.96,0.01,0.01,0.02,0.97,0.03,0.96,0.02,0.01,0.005,0.005
"Alright, I'll head out in a few minutes, text me where to meet you",0.98,0.02,0.97,0.01,0.01,0.01,0.4,0.6,0.95,0.03,0.01,0.005,0.005
So are you guys asking that i get that slippers again or its gone with last year,0.97,0.03,0.95,0.02,0.02,0.01,0.75,0.25,0.93,0.05,0.01,0.005,0.005
thesmszone.com lets you send free anonymous and masked messages..im sending this message from there..do you see the potential for abuse???,0.85,0.15,0.8,0.02,0.1,0.08,0.65,0.35,0.55,0.3,0.12,0.02,0.01
Havent stuck at orchard in my dad's car. Going 4 dinner now. U leh? So r they free tonight?,0.98,0.02,0.97,0.01,0.01,0.01,0.75,0.25,0.95,0.03,0.01,0.005,0.005
You have an important customer service announcement from PREMIER.,0.06999999999999995,0.93,0.02,0.05,0.43,0.5,0.8,0.2,0.4,0.3,0.22,0.07,0.01
"Geeeee ... Your internet is really bad today, eh ?",0.97,0.03,0.96,0.01,0.01,0.02,0.95,0.05,0.95,0.03,0.01,0.005,0.005
"How long before you get reply, just defer admission til next semester",0.97,0.03,0.95,0.02,0.01,0.02,0.75,0.25,0.93,0.05,0.01,0.005,0.005
Sweet heart how are you?,0.92,0.08,0.9,0.01,0.01,0.08,0.88,0.12,0.9,0.05,0.03,0.015,0.005
"Ok thats cool. Its , just off either raglan rd or edward rd. Behind the cricket ground. Gimme ring when ur closeby see you tuesday.",0.98,0.02,0.97,0.01,0.01,0.01,0.4,0.6,0.93,0.05,0.015,0.003,0.002
"This is one of the days you have a billion classes, right?",0.98,0.02,0.97,0.01,0.01,0.01,0.9,0.1,0.96,0.03,0.01,0.0,0.0
Jus finish my lunch on my way home lor... I tot u dun wan 2 stay in sch today...,0.98,0.02,0.97,0.01,0.01,0.01,0.95,0.05,0.96,0.03,0.01,0.0,0.0
Are you free now?can i call now?,0.96,0.04,0.95,0.01,0.01,0.03,0.15000000000000002,0.85,0.9,0.06,0.03,0.007,0.003
Urgent! Please call 09061743810 from landline. Your ABTA complimentary 4* Tenerife Holiday or #5000 cash await collection SAE T&Cs Box 326 CW25WX 150 ppm,0.010000000000000009,0.99,0.005,0.005,0.04,0.95,0.010000000000000009,0.99,0.005,0.02,0.08,0.5,0.395
Up to ü... Ü wan come then come lor... But i din c any stripes skirt...,0.98,0.02,0.97,0.01,0.01,0.01,0.92,0.08,0.95,0.04,0.01,0.0,0.0
I WILL CAL YOU SIR. In meeting,0.97,0.03,0.95,0.02,0.01,0.02,0.95,0.05,0.94,0.04,0.01,0.005,0.005
Eat at old airport road... But now 630 oredi... Got a lot of pple...,0.98,0.02,0.97,0.01,0.01,0.01,0.95,0.05,0.96,0.03,0.01,0.0,0.0
You tell what happen dont behave like this to me. Ok no need to say,0.97,0.03,0.96,0.01,0.01,0.02,0.65,0.35,0.93,0.05,0.015,0.004,0.001
:( but your not here....,0.97,0.03,0.96,0.01,0.01,0.02,0.97,0.03,0.95,0.03,0.01,0.005,0.005
Reminder: You have not downloaded the content you have already paid for. Goto http://doit. mymoby. tv/ to collect your content.,0.06999999999999995,0.93,0.01,0.05,0.4,0.54,0.030000000000000027,0.97,0.01,0.12,0.45,0.35,0.07
Ya srsly better than yi tho,0.97,0.03,0.95,0.01,0.01,0.03,0.95,0.05,0.93,0.04,0.02,0.007,0.003
"not that I know of, most people up here are still out of town",0.98,0.02,0.96,0.01,0.01,0.02,0.97,0.03,0.95,0.03,0.01,0.005,0.005
Have you bookedthe hut? And also your time off? How are you by the way?,0.98,0.02,0.97,0.01,0.01,0.01,0.65,0.35,0.95,0.03,0.01,0.005,0.005
Y de asking like this.,0.97,0.03,0.95,0.01,0.01,0.03,0.95,0.05,0.95,0.03,0.01,0.007,0.003
I need details about that online job.,0.88,0.12,0.85,0.02,0.03,0.1,0.4,0.6,0.7,0.15,0.1,0.04,0.01
Its good to hear from you,0.96,0.04,0.95,0.01,0.01,0.03,0.97,0.03,0.94,0.03,0.02,0.01,0.0
Just come home. I don't want u to be miserable,0.98,0.02,0.97,0.01,0.01,0.01,0.75,0.25,0.95,0.03,0.01,0.005,0.005
Just sing HU. I think its also important to find someone female that know the place well preferably a citizen that is also smart to help you navigate through. Even things like choosing a phone plan require guidance. When in doubt ask especially girls.,0.97,0.03,0.95,0.01,0.01,0.03,0.92,0.08,0.9,0.07,0.02,0.007,0.003
For The First Time In The History 'Need' 'Comfort' And 'Luxury' Are Sold At Same Price In India..!! Onion-Rs. &lt;#&gt;  Petrol-Rs. &lt;#&gt;  Beer-Rs. &lt;#&gt;  SHESIL  &lt;#&gt;,0.85,0.15,0.85,0.01,0.1,0.04,0.95,0.05,0.9,0.08,0.015,0.004,0.001
I wnt to buy a BMW car urgently..its vry urgent.but hv a shortage of  &lt;#&gt; Lacs.there is no source to arng dis amt. &lt;#&gt; lacs..thats my prob,0.94,0.06,0.9,0.01,0.01,0.08,0.8,0.2,0.72,0.15,0.06,0.05,0.02
Oh yeah I forgot. U can only take 2 out shopping at once.,0.98,0.02,0.97,0.01,0.01,0.01,0.95,0.05,0.96,0.03,0.005,0.003,0.002
Lol! Oops sorry! Have fun.,0.97,0.03,0.96,0.01,0.01,0.02,0.97,0.03,0.95,0.03,0.01,0.005,0.005
Yes. Last  practice,0.97,0.03,0.96,0.02,0.01,0.01,0.95,0.05,0.95,0.04,0.01,0.0,0.0
Dear we are going to our rubber place,0.97,0.03,0.95,0.02,0.01,0.02,0.95,0.05,0.94,0.04,0.01,0.005,0.005
Hey... Why dont we just go watch x men and have lunch... Haha,0.98,0.02,0.97,0.01,0.01,0.01,0.88,0.12,0.95,0.04,0.01,0.0,0.0
Did u got that persons story,0.97,0.03,0.96,0.01,0.01,0.02,0.75,0.25,0.94,0.04,0.015,0.004,0.001
U are subscribed to the best Mobile Content Service in the UK for £3 per 10 days until you send STOP to 82324. Helpline 08706091795,0.050000000000000044,0.95,0.01,0.05,0.55,0.39,0.4,0.6,0.05,0.2,0.4,0.3,0.05
Don't forget though that I love you .... And I walk beside you. Watching over you and keeping your heart warm.,0.96,0.04,0.95,0.01,0.02,0.02,0.97,0.03,0.95,0.03,0.01,0.007,0.003
Not tonight mate. Catching up on some sleep. This is my new number by the way.,0.94,0.06,0.9,0.01,0.01,0.08,0.88,0.12,0.8,0.06,0.08,0.04,0.02
Huh means computational science... Y they like dat one push here n there...,0.97,0.03,0.96,0.01,0.01,0.02,0.95,0.05,0.95,0.03,0.01,0.005,0.005
Let there be snow. Let there be snow. This kind of weather brings ppl together so friendships can grow.,0.94,0.06,0.9,0.01,0.06,0.03,0.97,0.03,0.93,0.05,0.015,0.004,0.001
"YOUR CHANCE TO BE ON A REALITY FANTASY SHOW call now = 08707509020 Just 20p per min NTT Ltd, PO Box 1327 Croydon CR9 5WB 0870 is a national = rate call.",0.020000000000000018,0.98,0.01,0.01,0.35,0.63,0.030000000000000027,0.97,0.01,0.15,0.35,0.42,0.07
"Well, I meant as opposed to my drunken night of before",0.97,0.03,0.96,0.01,0.01,0.02,0.96,0.04,0.95,0.03,0.01,0.005,0.005
How much u trying to get?,0.96,0.04,0.95,0.01,0.01,0.03,0.75,0.25,0.9,0.06,0.03,0.01,0.0
Height of recycling: Read twice- People spend time for earning money and the same money is spent for spending time!;-) Good morning.. keep smiling:-),0.92,0.08,0.9,0.01,0.04,0.05,0.95,0.05,0.93,0.06,0.01,0.0,0.0
I am on the way to ur home,0.97,0.03,0.95,0.02,0.01,0.02,0.95,0.05,0.93,0.04,0.02,0.007,0.003
I will be gentle baby! Soon you will be taking all  &lt;#&gt;  inches deep inside your tight pussy...,0.94,0.06,0.92,0.01,0.03,0.04,0.97,0.03,0.9,0.06,0.03,0.007,0.003
WOT U UP 2 J?,0.97,0.03,0.96,0.01,0.01,0.02,0.75,0.25,0.93,0.04,0.02,0.01,0.0
"V-aluable. A-ffectionate. L-oveable. E-ternal. N-oble. T-ruthful. I-ntimate. N-atural. E-namous. Happy ""VALENTINES DAY"" in advance",0.88,0.12,0.85,0.01,0.1,0.04,0.97,0.03,0.9,0.08,0.015,0.004,0.001
"I know where the  &lt;#&gt;  is, I'll be there around 5",0.97,0.03,0.95,0.02,0.01,0.02,0.95,0.05,0.94,0.04,0.01,0.005,0.005
"SMS. ac JSco: Energy is high, but u may not know where 2channel it. 2day ur leadership skills r strong. Psychic? Reply ANS w/question. End? Reply END JSCO",0.12,0.88,0.02,0.05,0.63,0.3,0.06999999999999995,0.93,0.02,0.2,0.5,0.24,0.04
U can call me now...,0.96,0.04,0.94,0.01,0.01,0.04,0.15000000000000002,0.85,0.88,0.06,0.04,0.015,0.005
Good evening! How are you?,0.95,0.05,0.93,0.01,0.02,0.04,0.75,0.25,0.9,0.06,0.03,0.01,0.0
Cos i was out shopping wif darren jus now n i called him 2 ask wat present he wan lor. Then he started guessing who i was wif n he finally guessed darren lor.,0.98,0.02,0.97,0.01,0.01,0.01,0.97,0.03,0.96,0.03,0.01,0.0,0.0
I just cooked a rather nice salmon a la you,0.98,0.02,0.97,0.01,0.01,0.01,0.97,0.03,0.96,0.03,0.01,0.0,0.0
Oh thanks a lot..i already bought 2 eggs ..,0.97,0.03,0.95,0.02,0.01,0.02,0.97,0.03,0.95,0.03,0.01,0.005,0.005
Reply to win £100 weekly! Where will the 2006 FIFA World Cup be held? Send STOP to 87239 to end service,0.030000000000000027,0.97,0.01,0.01,0.3,0.68,0.050000000000000044,0.95,0.010000000000000002,0.12000000000000001,0.35000000000000003,0.42000000000000004,0.10000000000000002
I dun believe u. I thk u told him.,0.98,0.02,0.97,0.01,0.01,0.01,0.95,0.05,0.95,0.03,0.01,0.005,0.005
Wait  &lt;#&gt;  min..,0.96,0.04,0.95,0.02,0.01,0.02,0.85,0.15,0.92,0.05,0.02,0.007,0.003
You know my old Dom I told you about yesterday ? His name is Roger? He got in touch with me last night and wants me to meet him today at 2 pm,0.97,0.03,0.95,0.01,0.01,0.03,0.95,0.05,0.94,0.04,0.01,0.007,0.003
"Good afternoon, my love ! Any job prospects ? Are you missing me ? What do you do ? Are you being lazy and bleak, hmmm ? Or happy and filled with my love ?",0.98,0.02,0.97,0.005,0.005,0.02,0.88,0.12,0.95,0.03,0.01,0.007,0.003
Hows that watch resizing,0.97,0.03,0.95,0.02,0.02,0.01,0.75,0.25,0.93,0.05,0.015,0.004,0.001
"The last thing i ever wanted to do was hurt you. And i didn't think it would have. You'd laugh, be embarassed, delete the tag and keep going. But as far as i knew, it wasn't even up. The fact that you even felt like i would do it to hurt you shows you really don't know me at all. It was messy wednesday, but it wasn't bad. The problem i have with it is you HAVE the time to clean it, but you choose not to. You skype, you take pictures, you sleep, you want to go out. I don't mind a few things here and there, but when you don't make the bed, when you throw laundry on top of it, when i can't have a friend in the house because i'm embarassed that there's underwear and bras strewn on the bed, pillows on the floor, that's something else. You used to be good about at least making the bed.",0.98,0.02,0.97,0.01,0.01,0.01,0.92,0.08,0.95,0.04,0.005,0.003,0.002
Stop knowing me so well!,0.97,0.03,0.95,0.01,0.02,0.02,0.95,0.05,0.94,0.04,0.01,0.005,0.005
"Yeah probably, I still gotta check out with leo",0.97,0.03,0.96,0.01,0.01,0.02,0.95,0.05,0.95,0.03,0.01,0.005,0.005
Lol enjoy role playing much?,0.97,0.03,0.96,0.01,0.01,0.02,0.9,0.1,0.94,0.04,0.01,0.005,0.005
PRIVATE! Your 2003 Account Statement for shows 800 un-redeemed S. I. M. points. Call 08715203694 Identifier Code: 40533 Expires 31/10/04,0.010000000000000009,0.99,0.005,0.01,0.045,0.94,0.020000000000000018,0.98,0.005,0.02,0.1,0.5,0.375
I‘m parked next to a MINI!!!! When are you coming in today do you think?,0.98,0.02,0.97,0.01,0.01,0.01,0.75,0.25,0.95,0.04,0.01,0.0,0.0
"Wow. I never realized that you were so embarassed by your accomodations. I thought you liked it, since i was doing the best i could and you always seemed so happy about ""the cave"". I'm sorry I didn't and don't have more to give. I'm sorry i offered. I'm sorry your room was so embarassing.",0.98,0.02,0.97,0.01,0.01,0.01,0.95,0.05,0.95,0.03,0.01,0.005,0.005
Well done ENGLAND! Get the official poly ringtone or colour flag on yer mobile! text TONE or FLAG to 84199 NOW! Opt-out txt ENG STOP. Box39822 W111WX £1.50,0.030000000000000027,0.97,0.01,0.01,0.82,0.16,0.030000000000000027,0.97,0.01,0.45,0.4,0.12,0.02
Sorry. You never hear unless you book it. One was kinda a joke--thet were really looking for skinny white girls. The other was one line--you can only do so much on camera with that. Something like that they're casting on the look.,0.97,0.03,0.96,0.01,0.01,0.02,0.96,0.04,0.95,0.03,0.01,0.005,0.005
I dled 3d its very imp,0.97,0.03,0.95,0.02,0.01,0.02,0.92,0.08,0.93,0.05,0.015,0.004,0.001
I have no money 4 steve mate! !,0.97,0.03,0.95,0.01,0.01,0.03,0.95,0.05,0.93,0.04,0.02,0.01,0.0
Ok. C u then.,0.98,0.02,0.97,0.01,0.01,0.01,0.97,0.03,0.96,0.03,0.005,0.003,0.002
Boo. How's things? I'm back at home and a little bored already :-(,0.98,0.02,0.97,0.01,0.01,0.01,0.88,0.12,0.96,0.03,0.01,0.0,0.0
"What will we do in the shower, baby?",0.96,0.04,0.94,0.005,0.015,0.04,0.88,0.12,0.9,0.06,0.03,0.008,0.002
Lol they were mad at first but then they woke up and gave in.,0.98,0.02,0.97,0.01,0.01,0.01,0.97,0.03,0.96,0.02,0.01,0.005,0.005
"Come to me right now, Ahmad",0.95,0.05,0.93,0.01,0.01,0.05,0.4,0.6,0.85,0.08,0.04,0.02,0.01
You have got tallent but you are wasting.,0.96,0.04,0.95,0.01,0.02,0.02,0.97,0.03,0.95,0.03,0.01,0.007,0.003
Its sunny in california. The weather's just cool,0.97,0.03,0.96,0.01,0.02,0.01,0.97,0.03,0.95,0.04,0.01,0.0,0.0
Captain is in our room:),0.97,0.03,0.95,0.02,0.01,0.02,0.97,0.03,0.96,0.03,0.01,0.0,0.0
Txt: CALL to No: 86888 & claim your reward of 3 hours talk time to use from your phone now! Subscribe6GBP/mnth inc 3hrs 16 stop?txtStop www.gamb.tv,0.020000000000000018,0.98,0.005,0.01,0.35,0.635,0.020000000000000018,0.98,0.01,0.07,0.3,0.5,0.12
Okie but i scared u say i fat... Then u dun wan me already...,0.98,0.02,0.97,0.01,0.01,0.01,0.95,0.05,0.95,0.03,0.01,0.005,0.005
"Den only weekdays got special price... Haiz... Cant eat liao... Cut nails oso muz wait until i finish drivin wat, lunch still muz eat wat...",0.98,0.02,0.97,0.01,0.01,0.01,0.95,0.05,0.95,0.04,0.01,0.0,0.0
"Update_Now - Xmas Offer! Latest Motorola, SonyEricsson & Nokia & FREE Bluetooth! Double Mins & 1000 Txt on Orange. Call MobileUpd8 on 08000839402 or call2optout/F4Q=",0.020000000000000018,0.98,0.01,0.01,0.7,0.28,0.030000000000000027,0.97,0.01,0.4,0.45,0.12,0.02
Glad it went well :) come over at 11 then we'll have plenty of time before claire goes to work.,0.98,0.02,0.97,0.01,0.01,0.01,0.75,0.25,0.95,0.04,0.01,0.0,0.0
I asked you to call him now ok,0.97,0.03,0.95,0.02,0.01,0.02,0.15000000000000002,0.85,0.88,0.07,0.03,0.01,0.01
The 2 oz guy is being kinda flaky but one friend is interested in picking up $ &lt;#&gt;  worth tonight if possible,0.97,0.03,0.95,0.01,0.01,0.03,0.7,0.3,0.85,0.08,0.05,0.015,0.005
That means get the door,0.97,0.03,0.96,0.01,0.01,0.02,0.44999999999999996,0.55,0.93,0.05,0.01,0.005,0.005
"I'm outside islands, head towards hard rock and you'll run into me",0.98,0.02,0.97,0.01,0.01,0.01,0.88,0.12,0.95,0.03,0.01,0.005,0.005
Oh really?? Did you make it on air? What's your talent?,0.98,0.02,0.97,0.01,0.01,0.01,0.9,0.1,0.96,0.02,0.01,0.005,0.005
"Dont worry, 1 day very big lambu ji vl come..til then enjoy batchlor party:-)",0.97,0.03,0.95,0.01,0.02,0.02,0.95,0.05,0.94,0.04,0.01,0.005,0.005
"If you want to mapquest it or something look up ""usf dogwood drive"", that's the tiny street where the parking lot is",0.98,0.02,0.96,0.02,0.01,0.01,0.75,0.25,0.9,0.07,0.02,0.007,0.003
Gokila is talking with you aha:),0.95,0.05,0.93,0.02,0.02,0.03,0.95,0.05,0.93,0.04,0.02,0.007,0.003
We tried to call you re your reply to our sms for a video mobile 750 mins UNLIMITED TEXT + free camcorder Reply of call 08000930705 Now,0.020000000000000018,0.98,0.005,0.01,0.5,0.485,0.030000000000000027,0.97,0.01,0.15,0.4,0.35,0.09
Where are you ? What do you do ? How can you stand to be away from me ? Doesn't your heart ache without me ? Don't you wonder of me ? Don't you crave me ?,0.95,0.05,0.93,0.01,0.02,0.04,0.9,0.1,0.93,0.04,0.02,0.01,0.0
"Mum, hope you are having a great day. Hoping this text meets you well and full of life. Have a great day. Abiola",0.97,0.03,0.96,0.01,0.01,0.02,0.97,0.03,0.95,0.03,0.01,0.007,0.003
INTERFLORA - It's not too late to order Interflora flowers for christmas call 0800 505060 to place your order before Midnight tomorrow.,0.06999999999999995,0.93,0.01,0.03,0.9,0.06,0.050000000000000044,0.95,0.03,0.8,0.13,0.03,0.01
I want snow. It's just freezing and windy.,0.97,0.03,0.96,0.01,0.01,0.02,0.97,0.03,0.96,0.02,0.01,0.005,0.005
"Yeah I think my usual guy's still passed out from last night, if you get ahold of anybody let me know and I'll throw down",0.97,0.03,0.96,0.01,0.01,0.02,0.44999999999999996,0.55,0.88,0.07,0.03,0.01,0.01
"sorry brah, just finished the last of my exams, what up",0.98,0.02,0.97,0.01,0.01,0.01,0.88,0.12,0.95,0.03,0.01,0.005,0.005
Anything lor... U decide...,0.98,0.02,0.97,0.01,0.01,0.01,0.92,0.08,0.96,0.03,0.005,0.003,0.002
We currently have a message awaiting your collection. To collect your message just call 08718723815.,0.040000000000000036,0.96,0.01,0.03,0.08,0.88,0.020000000000000018,0.98,0.01,0.05,0.25,0.5,0.19
I love you. You set my soul on fire. It is not just a spark. But it is a flame. A big rawring flame. XoXo,0.95,0.05,0.93,0.01,0.03,0.03,0.97,0.03,0.94,0.04,0.01,0.007,0.003
A lot of this sickness thing going round. Take it easy. Hope u feel better soon. Lol,0.97,0.03,0.96,0.01,0.01,0.02,0.97,0.03,0.95,0.03,0.01,0.005,0.005
Send a logo 2 ur lover - 2 names joined by a heart. Txt LOVE NAME1 NAME2 MOBNO eg LOVE ADAM EVE 07123456789 to 87077 Yahoo! POBox36504W45WQ TxtNO 4 no ads 150p.,0.030000000000000027,0.97,0.01,0.01,0.85,0.13,0.030000000000000027,0.97,0.01,0.55,0.35,0.08,0.01
"Congrats! 2 mobile 3G Videophones R yours. call 09061744553 now! videochat wid ur mates, play java games, Dload polyH music, noline rentl. bx420. ip4. 5we. 150pm",0.010000000000000009,0.99,0.005,0.005,0.06,0.93,0.010000000000000009,0.99,0.005,0.02,0.1,0.5,0.375
Do you want a new Video handset? 750 any time any network mins? UNLIMITED TEXT? Camcorder? Reply or Call now 08000930705 for del Sat AM,0.030000000000000027,0.97,0.01,0.01,0.72,0.26,0.030000000000000027,0.97,0.01,0.45,0.4,0.12,0.02
"Madam,regret disturbance.might receive a reference check from DLF Premarica.kindly be informed.Rgds,Rakhesh,Kerala.",0.95,0.05,0.93,0.04,0.01,0.02,0.9,0.1,0.88,0.09,0.02,0.01,0.0
"Under the sea, there lays a rock. In the rock, there is an envelope. In the envelope, there is a paper. On the paper, there are 3 words... '",0.88,0.12,0.85,0.02,0.05,0.08,0.95,0.05,0.88,0.08,0.03,0.007,0.003
Nvm take ur time.,0.97,0.03,0.96,0.01,0.01,0.02,0.95,0.05,0.95,0.03,0.01,0.005,0.005
"I just lov this line: ""Hurt me with the truth, I don't mind,i wil tolerat.bcs ur my someone..... But, Never comfort me with a lie"" gud ni8 and sweet dreams",0.95,0.05,0.95,0.01,0.02,0.02,0.97,0.03,0.95,0.04,0.01,0.0,0.0
Yeah my usual guy's out of town but there're definitely people around I know,0.97,0.03,0.96,0.01,0.01,0.02,0.95,0.05,0.95,0.03,0.01,0.007,0.003
yay! finally lol. i missed our cinema trip last week :-(,0.98,0.02,0.97,0.01,0.01,0.01,0.97,0.03,0.96,0.03,0.005,0.003,0.002
2 laptop... I noe infra but too slow lar... I wan fast one,0.98,0.02,0.96,0.01,0.015,0.015,0.95,0.05,0.95,0.03,0.015,0.003,0.002
Sounds like there could be a lot of time spent in that chastity device boy ... *grins* ... Or take your beatings like a good dog. Going to lounge in a nice long bath now ?,0.97,0.03,0.96,0.01,0.01,0.02,0.92,0.08,0.94,0.04,0.01,0.005,0.005
Then why you not responding,0.97,0.03,0.95,0.01,0.01,0.03,0.7,0.3,0.9,0.06,0.03,0.007,0.003
He's just gonna worry for nothing. And he won't give you money its no use.,0.97,0.03,0.96,0.01,0.01,0.02,0.95,0.05,0.95,0.03,0.01,0.007,0.003
Yup... Ok i go home look at the timings then i msg ü again... Xuhui going to learn on 2nd may too but her lesson is at 8am,0.98,0.02,0.97,0.01,0.01,0.01,0.95,0.05,0.96,0.03,0.01,0.0,0.0
"Hey there! Glad u r better now. I hear u treated urself to a digi cam, is it good? We r off at 9pm. Have a fab new year, c u in coupla wks!",0.98,0.02,0.97,0.01,0.01,0.01,0.92,0.08,0.96,0.03,0.01,0.0,0.0
"Not yet chikku..k, then wat abt tht guy did he stopped irritating or msging to u..",0.98,0.02,0.97,0.01,0.01,0.01,0.88,0.12,0.95,0.03,0.01,0.005,0.005
"Yes, princess. Toledo.",0.97,0.03,0.95,0.02,0.01,0.02,0.95,0.05,0.94,0.04,0.01,0.005,0.005
How much she payed. Suganya.,0.97,0.03,0.95,0.01,0.01,0.03,0.4,0.6,0.9,0.06,0.03,0.007,0.003
"says that he's quitting at least5times a day so i wudn't take much notice of that. Nah, she didn't mind. Are you gonna see him again? Do you want to come to taunton tonight? U can tell me all about !",0.98,0.02,0.97,0.01,0.01,0.01,0.75,0.25,0.95,0.03,0.01,0.005,0.005
Might ax well im there.,0.97,0.03,0.95,0.01,0.01,0.03,0.95,0.05,0.94,0.04,0.01,0.005,0.005
Ultimately tor motive tui achieve korli.,0.97,0.03,0.96,0.01,0.01,0.02,0.97,0.03,0.95,0.03,0.01,0.007,0.003
"Sorry, my battery died, I can come by but I'm only getting a gram for now, where's your place?",0.96,0.04,0.95,0.01,0.01,0.03,0.15000000000000002,0.85,0.75,0.12,0.09,0.03,0.01
Fuck babe ... What happened to you ? How come you never came back?,0.97,0.03,0.95,0.01,0.01,0.03,0.85,0.15,0.9,0.06,0.03,0.01,0.0
"I keep seeing weird shit and bein all ""woah"" then realising it's actually reasonable and I'm all ""oh""",0.97,0.03,0.96,0.01,0.01,0.02,0.97,0.03,0.95,0.03,0.01,0.005,0.005
Total video converter free download type this in google search:),0.9,0.1,0.85,0.02,0.08,0.05,0.4,0.6,0.55,0.35,0.08,0.015,0.005
* Am on a train back from northampton so i'm afraid not!,0.98,0.02,0.97,0.01,0.01,0.01,0.97,0.03,0.96,0.03,0.01,0.0,0.0
So what do you guys do.,0.97,0.03,0.95,0.01,0.02,0.02,0.88,0.12,0.93,0.04,0.02,0.007,0.003
Jos ask if u wana meet up?,0.97,0.03,0.95,0.01,0.01,0.03,0.4,0.6,0.9,0.06,0.03,0.007,0.003
"What are you doing in langport? Sorry, but I'll probably be in bed by 9pm. It sucks being ill at xmas! When do you and go2sri lanka?",0.98,0.02,0.97,0.01,0.01,0.01,0.75,0.25,0.95,0.04,0.01,0.0,0.0
Pls give her the food preferably pap very slowly with loads of sugar. You can take up to an hour to give it. And then some water. Very very slowly.,0.97,0.03,0.96,0.01,0.01,0.02,0.75,0.25,0.9,0.08,0.01,0.005,0.005
Kit Strip - you have been billed 150p. Netcollex Ltd. PO Box 1013 IG11 OJA,0.25,0.75,0.03,0.37,0.17,0.43,0.9,0.1,0.6,0.24,0.1,0.05,0.01
Ok anyway no need to change with what you said,0.97,0.03,0.95,0.02,0.01,0.02,0.95,0.05,0.95,0.03,0.01,0.005,0.005
Yo sorry was in the shower sup,0.98,0.02,0.97,0.01,0.01,0.01,0.88,0.12,0.95,0.03,0.01,0.005,0.005
"House-Maid is the murderer, coz the man was murdered on  &lt;#&gt; th January.. As public holiday all govt.instituitions are closed,including post office..understand?",0.97,0.03,0.96,0.01,0.01,0.02,0.95,0.05,0.95,0.04,0.01,0.0,0.0
"Tell you what, if you make a little spreadsheet and track whose idea it was to smoke to determine who ""smokes too much"" for the entire month of february, I'll come up",0.98,0.02,0.97,0.01,0.01,0.01,0.85,0.15,0.95,0.04,0.01,0.0,0.0
We tried to contact you re our offer of New Video Phone 750 anytime any network mins HALF PRICE Rental camcorder call 08000930705 or reply for delivery Wed,0.020000000000000018,0.98,0.01,0.02,0.55,0.42,0.030000000000000027,0.97,0.01,0.3,0.4,0.25,0.04
PLEASSSSSSSEEEEEE TEL ME V AVENT DONE SPORTSx,0.97,0.03,0.96,0.01,0.01,0.02,0.4,0.6,0.9,0.07,0.02,0.007,0.003
This girl does not stay in bed. This girl doesn't need recovery time. Id rather pass out while having fun then be cooped up in bed,0.97,0.03,0.95,0.01,0.02,0.02,0.97,0.03,0.93,0.05,0.01,0.005,0.005
Then dun wear jeans lor...,0.98,0.02,0.96,0.01,0.01,0.02,0.95,0.05,0.95,0.03,0.01,0.005,0.005
Please call our customer service representative on FREEPHONE 0808 145 4742 between 9am-11pm as you have WON a guaranteed £1000 cash or £5000 prize!,0.010000000000000009,0.99,0.005,0.005,0.04,0.95,0.020000000000000018,0.98,0.005,0.02,0.08,0.5,0.395
Aiyah ok wat as long as got improve can already wat...,0.98,0.02,0.97,0.01,0.01,0.01,0.97,0.03,0.96,0.03,0.005,0.003,0.002
You have won a Nokia 7250i. This is what you get when you win our FREE auction. To take part send Nokia to 86021 now. HG/Suite342/2Lands Row/W1JHL 16+,0.010000000000000009,0.99,0.005,0.005,0.12,0.87,0.020000000000000018,0.98,0.01,0.06,0.25,0.5,0.18
Even i cant close my eyes you are in me our vava playing umma :-D,0.98,0.02,0.97,0.01,0.01,0.01,0.97,0.03,0.96,0.03,0.01,0.0,0.0
Havent.,0.97,0.03,0.95,0.01,0.01,0.03,0.97,0.03,0.95,0.03,0.01,0.007,0.003
Knock Knock Txt whose there to 80082 to enter r weekly draw 4 a £250 gift voucher 4 a store of yr choice. T&Cs www.tkls.com age16 to stoptxtstop£1.50/week,0.030000000000000027,0.97,0.01,0.01,0.55,0.43,0.030000000000000027,0.97,0.01,0.15,0.4,0.36,0.08
You know what hook up means right?,0.97,0.03,0.95,0.01,0.01,0.03,0.75,0.25,0.93,0.04,0.02,0.01,0.0
tap & spile at seven. * Is that pub on gas st off broad st by canal. Ok?,0.98,0.02,0.97,0.01,0.01,0.01,0.44999999999999996,0.55,0.96,0.03,0.01,0.0,0.0
U studying in sch or going home? Anyway i'll b going 2 sch later.,0.98,0.02,0.97,0.01,0.01,0.01,0.7,0.3,0.95,0.03,0.01,0.005,0.005
K.:)you are the only girl waiting in reception ah?,0.98,0.02,0.97,0.01,0.01,0.01,0.88,0.12,0.96,0.03,0.01,0.0,0.0
K:)i will give my kvb acc details:),0.96,0.04,0.93,0.01,0.01,0.05,0.92,0.08,0.88,0.06,0.03,0.02,0.01
Hmmm...k...but i want to change the field quickly da:-)i wanna get system administrator or network administrator..,0.98,0.02,0.97,0.01,0.01,0.01,0.95,0.05,0.96,0.03,0.005,0.003,0.002
"So many people seems to be special at first sight, But only very few will remain special to you till your last sight.. Maintain them till life ends.. take cr da",0.85,0.15,0.8500000000000001,0.010000000000000002,0.060000000000000005,0.08000000000000002,0.95,0.05,0.9,0.08,0.015,0.003,0.002
Dunno lei... I might b eatin wif my frens... If ü wan to eat then i wait 4 ü lar,0.98,0.02,0.97,0.01,0.01,0.01,0.75,0.25,0.95,0.03,0.01,0.005,0.005
"Are you sure you don't mean ""get here, we made you hold all the weed""",0.97,0.03,0.96,0.01,0.01,0.02,0.9,0.1,0.93,0.05,0.01,0.007,0.003
1 in cbe. 2 in chennai.,0.97,0.03,0.95,0.02,0.01,0.02,0.95,0.05,0.94,0.04,0.01,0.005,0.005
Is toshiba portege m100 gd?,0.96,0.04,0.94,0.01,0.02,0.03,0.7,0.3,0.9,0.06,0.03,0.007,0.003
Eatin my lunch...,0.98,0.02,0.97,0.01,0.01,0.01,0.97,0.03,0.96,0.03,0.01,0.0,0.0
"""Keep ur problems in ur heart, b'coz nobody will fight for u. Only u &amp; u have to fight for ur self &amp; win the battle. -VIVEKANAND- G 9t.. SD..",0.88,0.12,0.85,0.01,0.08,0.06,0.96,0.04,0.9,0.07,0.02,0.007,0.003
"Goodmorning, today i am late for  &lt;DECIMAL&gt; min.",0.97,0.03,0.95,0.03,0.01,0.01,0.95,0.05,0.95,0.04,0.01,0.0,0.0
I don't think he has spatula hands!,0.97,0.03,0.96,0.01,0.01,0.02,0.97,0.03,0.95,0.03,0.01,0.005,0.005
K.i will send in  &lt;#&gt;  min:),0.97,0.03,0.95,0.03,0.01,0.01,0.96,0.04,0.94,0.04,0.01,0.005,0.005
I wish that I was with you. Holding you tightly. Making you see how important you are. How much you mean to me ... How much I need you ... In my life ...,0.97,0.03,0.96,0.005,0.015,0.02,0.97,0.03,0.95,0.03,0.01,0.007,0.003
No prob. I will send to your email.,0.97,0.03,0.95,0.03,0.01,0.01,0.95,0.05,0.93,0.05,0.015,0.004,0.001
Where in abj are you serving. Are you staying with dad or alone.,0.97,0.03,0.96,0.01,0.01,0.02,0.75,0.25,0.93,0.04,0.02,0.007,0.003
Thanks honey. Have a great day.,0.98,0.02,0.97,0.01,0.01,0.01,0.98,0.02,0.96,0.03,0.01,0.0,0.0
Sorry. || mail? ||,0.97,0.03,0.95,0.02,0.01,0.02,0.75,0.25,0.9,0.07,0.02,0.007,0.003
Did either of you have any idea's? Do you know of anyplaces doing something?,0.97,0.03,0.96,0.01,0.01,0.02,0.75,0.25,0.94,0.04,0.01,0.005,0.005
K come to nordstrom when you're done,0.97,0.03,0.96,0.01,0.02,0.01,0.65,0.35,0.9,0.07,0.02,0.007,0.003
Does cinema plus drink appeal tomo? * Is a fr thriller by director i like on at mac at 8.30.,0.98,0.02,0.97,0.01,0.01,0.01,0.4,0.6,0.95,0.04,0.005,0.003,0.002
"Storming msg: Wen u lift d phne, u say ""HELLO"" Do u knw wt is d real meaning of HELLO?? . . . It's d name of a girl..! . . . Yes.. And u knw who is dat girl?? ""Margaret Hello"" She is d girlfrnd f Grahmbell who invnted telphone... . . . . Moral:One can 4get d name of a person, bt not his girlfrnd... G o o d n i g h t . . .@",0.88,0.12,0.9,0.01,0.04,0.05,0.97,0.03,0.93,0.05,0.015,0.004,0.001
Just do what ever is easier for you,0.97,0.03,0.96,0.01,0.01,0.02,0.92,0.08,0.95,0.03,0.01,0.005,0.005
Finish already... Yar they keep saying i mushy... I so embarrassed ok...,0.98,0.02,0.97,0.01,0.01,0.01,0.95,0.05,0.96,0.03,0.01,0.0,0.0
So i'm doing a list of buyers.,0.96,0.04,0.94,0.01,0.03,0.02,0.95,0.05,0.93,0.05,0.015,0.004,0.001
"For ur chance to win a £250 cash every wk TXT: ACTION to 80608. T's&C's www.movietrivia.tv custcare 08712405022, 1x150p/wk.",0.020000000000000018,0.98,0.005,0.01,0.55,0.435,0.030000000000000027,0.97,0.01,0.15,0.4,0.36,0.08
"HOT LIVE FANTASIES call now 08707500020 Just 20p per min NTT Ltd, PO Box 1327 Croydon CR9 5WB 0870 is a national rate call",0.030000000000000027,0.97,0.01,0.01,0.8,0.18,0.030000000000000027,0.97,0.01,0.3,0.55,0.12,0.02
Not heard from U4 a while. Call me now am here all night with just my knickers on. Make me beg for it like U did last time 01223585236 XX Luv Nikiyu4.net,0.030000000000000027,0.97,0.02,0.005,0.25,0.725,0.030000000000000027,0.97,0.01,0.05,0.3,0.5,0.14
"Thank you. And by the way, I just lost.",0.97,0.03,0.95,0.01,0.01,0.03,0.97,0.03,0.95,0.03,0.01,0.005,0.005
I think u have the wrong number.,0.96,0.04,0.95,0.01,0.01,0.03,0.95,0.05,0.94,0.04,0.01,0.007,0.003
"Now, whats your house # again ? And do you have any beer there ?",0.97,0.03,0.96,0.01,0.01,0.02,0.4,0.6,0.88,0.08,0.03,0.007,0.003
I uploaded mine to Facebook,0.97,0.03,0.95,0.01,0.02,0.02,0.95,0.05,0.93,0.05,0.015,0.004,0.001
"Hi elaine, is today's meeting confirmed?",0.97,0.03,0.95,0.02,0.01,0.02,0.25,0.75,0.92,0.05,0.02,0.007,0.003
Am new 2 club & dont fink we met yet Will B gr8 2 C U Please leave msg 2day wiv ur area 09099726553 reply promised CARLIE x Calls£1/minMobsmore LKPOBOX177HP51FL,0.020000000000000018,0.98,0.01,0.01,0.25,0.73,0.030000000000000027,0.97,0.01,0.06,0.25,0.55,0.13
Fyi I'm gonna call you sporadically starting at like  &lt;#&gt;  bc we are not not doin this shit,0.98,0.02,0.97,0.01,0.01,0.01,0.92,0.08,0.95,0.03,0.01,0.005,0.005
Did u fix the teeth?if not do it asap.ok take care.,0.97,0.03,0.96,0.01,0.01,0.02,0.88,0.12,0.94,0.04,0.01,0.005,0.005
For me the love should start with attraction.i should feel that I need her every time around me.she should be the first thing which comes in my thoughts.I would start the day and end it with her.she should be there every time I dream.love will be then when my every breath has her name.my life should happen around her.my life will be named to her.I would cry for her.will give all my happiness and take all her sorrows.I will be ready to fight with anyone for her.I will be in love when I will be doing the craziest things for her.love will be when I don't have to proove anyone that my girl is the most beautiful lady on the whole planet.I will always be singing praises for her.love will be when I start up making chicken curry and end up makiing sambar.life will be the most beautiful then.will get every morning and thank god for the day because she is with me.I would like to say a lot..will tell later..,0.97,0.03,0.96,0.01,0.01,0.02,0.97,0.03,0.95,0.03,0.01,0.005,0.005
"Piggy, r u awake? I bet u're still sleeping. I'm going 4 lunch now...",0.98,0.02,0.97,0.01,0.01,0.01,0.88,0.12,0.96,0.03,0.005,0.003,0.002
Get ready for  &lt;#&gt;  inches of pleasure...,0.65,0.35,0.55,0.03,0.27,0.15,0.92,0.08,0.72,0.18,0.07,0.02,0.01
"Win the newest “Harry Potter and the Order of the Phoenix (Book 5) reply HARRY, answer 5 questions - chance to be the first among readers!",0.030000000000000027,0.97,0.01,0.01,0.3,0.68,0.030000000000000027,0.97,0.01,0.15,0.35,0.42,0.07
I probably won't eat at all today. I think I'm gonna pop. How was your weekend? Did u miss me?,0.98,0.02,0.97,0.01,0.01,0.01,0.75,0.25,0.95,0.03,0.01,0.005,0.005
Oh wow thats gay. Will firmware update help,0.97,0.03,0.96,0.01,0.01,0.02,0.88,0.12,0.95,0.03,0.01,0.005,0.005
"My life Means a lot to me, Not because I love my life, But because I love the people in my life, The world calls them friends, I call them my World:-).. Ge:-)..",0.88,0.12,0.8500000000000001,0.010000000000000002,0.060000000000000005,0.08000000000000002,0.95,0.05,0.9,0.07,0.02,0.007,0.003
He is a womdarfull actor,0.97,0.03,0.96,0.01,0.02,0.01,0.98,0.02,0.96,0.03,0.01,0.0,0.0
If india win or level series means this is record:),0.97,0.03,0.95,0.01,0.02,0.02,0.97,0.03,0.95,0.03,0.01,0.005,0.005
Ü takin linear algebra today?,0.97,0.03,0.95,0.01,0.01,0.03,0.75,0.25,0.93,0.04,0.02,0.007,0.003
U in town alone?,0.95,0.05,0.93,0.01,0.02,0.04,0.8,0.2,0.9,0.06,0.03,0.01,0.0
"Didn't try, g and I decided not to head out",0.98,0.02,0.97,0.01,0.01,0.01,0.97,0.03,0.96,0.03,0.01,0.0,0.0
You have an important customer service announcement from PREMIER. Call FREEPHONE 0800 542 0578 now!,0.050000000000000044,0.95,0.01,0.04,0.35,0.6,0.030000000000000027,0.97,0.01,0.1,0.4,0.4,0.09
So what did the bank say about the money?,0.96,0.04,0.94,0.02,0.01,0.03,0.7,0.3,0.9,0.06,0.03,0.01,0.0
Hey are we going for the lo lesson or gym?,0.98,0.02,0.97,0.01,0.01,0.01,0.4,0.6,0.95,0.04,0.01,0.0,0.0
Those were my exact intentions,0.97,0.03,0.95,0.01,0.01,0.03,0.97,0.03,0.95,0.03,0.01,0.005,0.005
"Sorry, I'll call later",0.97,0.03,0.95,0.02,0.01,0.02,0.95,0.05,0.94,0.04,0.01,0.005,0.005
"Sorry man, my stash ran dry last night and I can't pick up more until sunday",0.97,0.03,0.95,0.01,0.01,0.03,0.95,0.05,0.93,0.04,0.02,0.007,0.003
"That's good, because I need drugs",0.96,0.04,0.95,0.01,0.01,0.03,0.95,0.05,0.93,0.04,0.02,0.007,0.003
"Ahhhh...just woken up!had a bad dream about u tho,so i dont like u right now :) i didnt know anything about comedy night but i guess im up for it.",0.98,0.02,0.97,0.01,0.01,0.01,0.95,0.05,0.95,0.03,0.01,0.005,0.005
I was gonna ask you lol but i think its at 7,0.98,0.02,0.97,0.01,0.01,0.01,0.95,0.05,0.96,0.03,0.01,0.0,0.0
"Sure, I'll see if I can come by in a bit",0.98,0.02,0.97,0.01,0.01,0.01,0.97,0.03,0.96,0.03,0.01,0.0,0.0
Our Prasanth ettans mother passed away last night. Just pray for her and family.,0.97,0.03,0.96,0.01,0.01,0.02,0.88,0.12,0.93,0.05,0.01,0.005,0.005
No. 1 Nokia Tone 4 ur mob every week! Just txt NOK to 87021. 1st Tone FREE ! so get txtin now and tell ur friends. 150p/tone. 16 reply HL 4info,0.030000000000000027,0.97,0.01,0.01,0.85,0.13,0.030000000000000027,0.97,0.01,0.55,0.35,0.08,0.01
Do u konw waht is rael FRIENDSHIP Im gving yuo an exmpel: Jsut ese tihs msg.. Evrey splleing of tihs msg is wrnog.. Bt sitll yuo can raed it wihtuot ayn mitsake.. GOODNIGHT &amp; HAVE A NICE SLEEP..SWEET DREAMS..,0.88,0.12,0.88,0.01,0.06,0.05,0.95,0.05,0.9,0.08,0.02,0.0,0.0
U meet other fren dun wan meet me ah... Muz b a guy rite...,0.98,0.02,0.97,0.01,0.01,0.01,0.95,0.05,0.96,0.03,0.01,0.0,0.0
"""Life is nothing wen v get everything"". But ""life is everything wen v miss something "". Real value of people wil be realized only in their absence.... gud mrng",0.88,0.12,0.9,0.01,0.04,0.05,0.97,0.03,0.93,0.05,0.015,0.004,0.001
Have you been practising your curtsey?,0.97,0.03,0.95,0.01,0.02,0.02,0.92,0.08,0.94,0.04,0.015,0.004,0.001
Pls send me the correct name da.,0.97,0.03,0.95,0.01,0.01,0.03,0.15000000000000002,0.85,0.9,0.06,0.03,0.007,0.003
Wot u up 2? Thout u were gonna call me!! Txt bak luv K,0.97,0.03,0.95,0.01,0.01,0.03,0.25,0.75,0.9,0.06,0.03,0.007,0.003
Nope wif my sis lor... Aft bathing my dog then i can bathe... Looks like it's going 2 rain soon.,0.98,0.02,0.97,0.01,0.01,0.01,0.97,0.03,0.96,0.03,0.005,0.003,0.002
"Sorry, I'll call later in meeting any thing related to trade please call Arul. &lt;#&gt;",0.97,0.03,0.95,0.02,0.01,0.02,0.44999999999999996,0.55,0.88,0.09,0.02,0.007,0.003
"'Wnevr i wana fal in luv vth my books, My bed fals in luv vth me..!'' . Yen madodu, nav pretsorginta, nammanna pretsovru important alwa....!!:) Gud eveB-).",0.95,0.05,0.95,0.01,0.02,0.02,0.97,0.03,0.95,0.04,0.01,0.0,0.0
Hi juan. Im coming home on fri hey. Of course i expect a welcome party and lots of presents. Ill phone u when i get back. Loads of love nicky x x x x x x x x x,0.98,0.02,0.97,0.01,0.01,0.01,0.94,0.06,0.95,0.04,0.01,0.0,0.0
"Did you hear about the new ""Divorce Barbie""? It comes with all of Ken's stuff!",0.96,0.04,0.95,0.01,0.02,0.02,0.97,0.03,0.96,0.03,0.01,0.0,0.0
"UpgrdCentre Orange customer, you may now claim your FREE CAMERA PHONE upgrade for your loyalty. Call now on 0207 153 9153. Offer ends 26th July. T&C's apply. Opt-out available",0.020000000000000018,0.98,0.005,0.01,0.35,0.635,0.020000000000000018,0.98,0.01,0.15,0.35,0.4,0.09
No go. No openings for that room 'til after thanksgiving without an upcharge.,0.96,0.04,0.93,0.05,0.01,0.01,0.95,0.05,0.9,0.08,0.015,0.003,0.002
What type of stuff do you sing?,0.97,0.03,0.96,0.01,0.01,0.02,0.7,0.3,0.95,0.03,0.01,0.005,0.005
I'm not. She lip synced with shangela.,0.98,0.02,0.97,0.01,0.01,0.01,0.97,0.03,0.96,0.03,0.01,0.0,0.0
There generally isn't one. It's an uncountable noun - u in the dictionary. pieces of research?,0.97,0.03,0.95,0.02,0.01,0.02,0.92,0.08,0.94,0.04,0.01,0.005,0.005
Want a new Video Phone? 750 anytime any network mins? Half price line rental free text for 3 months? Reply or call 08000930705 for free delivery,0.030000000000000027,0.97,0.01,0.01,0.82,0.16,0.030000000000000027,0.97,0.01,0.55,0.35,0.08,0.01
I.ll hand her my phone to chat wit u,0.97,0.03,0.96,0.01,0.01,0.02,0.92,0.08,0.94,0.04,0.01,0.007,0.003
So u wan 2 come for our dinner tonight a not?,0.97,0.03,0.96,0.01,0.01,0.02,0.4,0.6,0.95,0.03,0.01,0.005,0.005
"K I'm leaving soon, be there a little after 9",0.98,0.02,0.97,0.01,0.01,0.01,0.97,0.03,0.96,0.03,0.01,0.0,0.0
Okay but i thought you were the expert,0.97,0.03,0.95,0.01,0.01,0.03,0.92,0.08,0.93,0.04,0.02,0.007,0.003
"Hmm ok, i'll stay for like an hour cos my eye is really sore!",0.98,0.02,0.97,0.01,0.01,0.01,0.97,0.03,0.96,0.03,0.005,0.003,0.002
K.k:)apo k.good movie.,0.97,0.03,0.95,0.01,0.01,0.03,0.95,0.05,0.94,0.04,0.01,0.005,0.005
O ic lol. Should play 9 doors sometime yo,0.97,0.03,0.96,0.01,0.02,0.01,0.88,0.12,0.93,0.05,0.015,0.003,0.002
SplashMobile: Choose from 1000s of gr8 tones each wk! This is a subscrition service with weekly tones costing 300p. U have one credit - kick back and ENJOY,0.06999999999999995,0.93,0.010000000000000002,0.060000000000000005,0.7200000000000001,0.21000000000000002,0.65,0.35,0.1,0.45,0.3,0.13,0.02
That seems unnecessarily affectionate,0.97,0.03,0.95,0.01,0.01,0.03,0.97,0.03,0.95,0.03,0.01,0.005,0.005
Ü neva tell me how i noe... I'm not at home in da aft wat...,0.97,0.03,0.96,0.01,0.01,0.02,0.95,0.05,0.95,0.03,0.01,0.005,0.005
Yeah we do totes. When u wanna?,0.97,0.03,0.96,0.01,0.01,0.02,0.65,0.35,0.94,0.04,0.01,0.005,0.005
great princess! I love giving and receiving oral. Doggy style is my fave position. How about you? I enjoy making love  &lt;#&gt;  times per night :),0.9,0.1,0.85,0.01,0.04,0.1,0.65,0.35,0.78,0.12,0.06,0.03,0.01
Our brand new mobile music service is now live. The free music player will arrive shortly. Just install on your phone to browse content from the top artists.,0.050000000000000044,0.95,0.01,0.04,0.6,0.35,0.19999999999999996,0.8,0.03,0.3,0.5,0.15,0.02
K... Must book a not huh? so going for yoga basic on sunday?,0.98,0.02,0.97,0.01,0.01,0.01,0.7,0.3,0.93,0.05,0.01,0.005,0.005
K..u also dont msg or reply to his msg..,0.97,0.03,0.96,0.01,0.01,0.02,0.75,0.25,0.9,0.07,0.02,0.007,0.003
"Hi, wkend ok but journey terrible. Wk not good as have huge back log of marking to do",0.98,0.02,0.96,0.01,0.01,0.02,0.97,0.03,0.95,0.03,0.01,0.005,0.005
Bring tat cd don forget,0.98,0.02,0.96,0.01,0.01,0.02,0.4,0.6,0.93,0.05,0.01,0.005,0.005
Have you seen who's back at Holby?!,0.96,0.04,0.94,0.01,0.04,0.01,0.92,0.08,0.95,0.04,0.01,0.0,0.0
How do you guys go to see movies on your side.,0.97,0.03,0.96,0.01,0.02,0.01,0.75,0.25,0.94,0.04,0.015,0.004,0.001
"Once a fishrman woke early in d mrng. It was very dark. He waited a while &amp; found a sack ful of stones. He strtd throwin thm in2 d sea 2 pass time. Atlast he had jus 1stone, sun rose up &amp; he found out tht those r nt stones, those were diamonds. Moral:""Dont wake up early in d mrng'' GOOD night",0.9,0.1,0.9,0.01,0.04,0.05,0.97,0.03,0.93,0.05,0.015,0.004,0.001
Boy; I love u Grl: Hogolo Boy: gold chain kodstini Grl: Agalla Boy: necklace madstini Grl: agalla Boy: Hogli 1 mutai eerulli kodthini! Grl: I love U kano;-),0.88,0.12,0.88,0.01,0.06,0.05,0.96,0.04,0.9,0.07,0.02,0.007,0.003
Dont worry. I guess he's busy.,0.98,0.02,0.97,0.01,0.01,0.01,0.97,0.03,0.96,0.03,0.01,0.0,0.0
"Sorry chikku, my cell got some problem thts y i was nt able to reply u or msg u..",0.98,0.02,0.97,0.01,0.01,0.01,0.95,0.05,0.95,0.03,0.01,0.005,0.005
hi baby im cruisin with my girl friend what r u up 2? give me a call in and hour at home if thats alright or fone me on this fone now love jenny xxx,0.97,0.03,0.96,0.005,0.005,0.03,0.09999999999999998,0.9,0.85,0.08,0.05,0.015,0.005
"sry can't talk on phone, with parents",0.97,0.03,0.96,0.01,0.01,0.02,0.95,0.05,0.95,0.03,0.01,0.005,0.005
"Forgot it takes me 3 years to shower, sorry. Where you at/your phone dead yet?",0.98,0.02,0.97,0.01,0.01,0.01,0.4,0.6,0.93,0.05,0.01,0.005,0.005
I'm doing da intro covers energy trends n pros n cons... Brief description of nuclear fusion n oso brief history of iter n jet got abt 7 n half pages..,0.98,0.02,0.96,0.01,0.01,0.02,0.95,0.05,0.95,0.03,0.01,0.005,0.005
"Short But Cute: ""Be a good person, but dont try to prove it.."" .Gud noon....",0.88,0.12,0.85,0.01,0.1,0.04,0.97,0.03,0.9,0.08,0.015,0.004,0.001
I am in a marriage function,0.97,0.03,0.95,0.01,0.01,0.03,0.97,0.03,0.95,0.03,0.01,0.005,0.005
Can U get 2 phone NOW? I wanna chat 2 set up meet Call me NOW on 09096102316 U can cum here 2moro Luv JANE xx Calls£1/minmoremobsEMSPOBox45PO139WA,0.020000000000000018,0.98,0.01,0.005,0.25,0.735,0.020000000000000018,0.98,0.005,0.06,0.25,0.55,0.135
Yup ü not comin :-(,0.97,0.03,0.96,0.01,0.01,0.02,0.95,0.05,0.95,0.03,0.01,0.005,0.005
I think if he rule tamilnadu..then its very tough for our people.,0.97,0.03,0.96,0.01,0.01,0.02,0.97,0.03,0.96,0.03,0.01,0.0,0.0
FREE for 1st week! No1 Nokia tone 4 ur mobile every week just txt NOKIA to 8077 Get txting and tell ur mates. www.getzed.co.uk POBox 36504 W45WQ 16+ norm150p/tone,0.030000000000000027,0.97,0.01,0.01,0.78,0.2,0.030000000000000027,0.97,0.01,0.35,0.45,0.16,0.03
"Yo, you at jp and hungry like a mofo?",0.97,0.03,0.96,0.01,0.01,0.02,0.75,0.25,0.94,0.04,0.01,0.005,0.005
Misplaced your number and was sending texts to your old number. Wondering why i've not heard from you this year. All the best in your mcat. Got this number from my atlanta friends,0.9,0.1,0.85,0.01,0.01,0.13,0.8,0.2,0.72,0.15,0.1,0.02,0.01
You do got a shitload of diamonds though,0.97,0.03,0.96,0.01,0.01,0.02,0.97,0.03,0.95,0.03,0.01,0.005,0.005
Its a big difference.  &lt;#&gt;  versus  &lt;#&gt;  every  &lt;#&gt; hrs,0.97,0.03,0.95,0.03,0.01,0.01,0.95,0.05,0.94,0.04,0.01,0.005,0.005
So your telling me I coulda been your real Valentine and I wasn't? U never pick me for NOTHING!!,0.97,0.03,0.96,0.01,0.01,0.02,0.95,0.05,0.95,0.03,0.01,0.005,0.005
"Sorry,in meeting I'll call later",0.98,0.02,0.97,0.01,0.01,0.01,0.96,0.04,0.96,0.03,0.01,0.0,0.0
Try neva mate!!,0.97,0.03,0.96,0.01,0.01,0.02,0.95,0.05,0.95,0.03,0.01,0.005,0.005
I'm on da bus going home...,0.98,0.02,0.97,0.01,0.01,0.01,0.97,0.03,0.96,0.03,0.01,0.0,0.0
Why you Dint come with us.,0.97,0.03,0.96,0.01,0.01,0.02,0.88,0.12,0.94,0.04,0.01,0.007,0.003
do u think that any girl will propose u today by seing ur bloody funky shit fucking face...............asssssholeeee................,0.97,0.03,0.96,0.01,0.01,0.02,0.95,0.05,0.95,0.03,0.01,0.005,0.005
"Its ok chikku, and its my 1 of favourite song..:-)",0.98,0.02,0.97,0.01,0.01,0.01,0.97,0.03,0.96,0.03,0.01,0.0,0.0
Please tell me not all of my car keys are in your purse,0.98,0.02,0.97,0.01,0.01,0.01,0.65,0.35,0.95,0.03,0.01,0.005,0.005
Message from . I am at Truro Hospital on ext. You can phone me here. as I have a phone by my side,0.96,0.04,0.94,0.02,0.01,0.03,0.25,0.75,0.7000000000000001,0.20000000000000004,0.08000000000000002,0.015000000000000001,0.005000000000000001
"I've got  &lt;#&gt; , any way I could pick up?",0.97,0.03,0.95,0.02,0.01,0.02,0.44999999999999996,0.55,0.9,0.06,0.03,0.007,0.003
Our Prashanthettan's mother passed away last night. pray for her and family.,0.97,0.03,0.96,0.01,0.01,0.02,0.88,0.12,0.94,0.04,0.01,0.005,0.005
FREE UNLIMITED HARDCORE PORN direct 2 your mobile Txt PORN to 69200 & get FREE access for 24 hrs then chrgd@50p per day txt Stop 2exit. This msg is free,0.020000000000000018,0.98,0.01,0.01,0.72,0.26,0.030000000000000027,0.97,0.01,0.15,0.5,0.29,0.05
PISS IS TALKING IS SOMEONE THAT REALISE U THAT POINT THIS AT IS IT.(NOW READ IT BACKWARDS),0.9,0.1,0.88,0.02,0.03,0.07,0.88,0.12,0.9,0.07,0.02,0.007,0.003
Gettin rdy to ship comp,0.96,0.04,0.95,0.03,0.01,0.01,0.95,0.05,0.94,0.04,0.015,0.004,0.001
"Yeah that's what I thought, lemme know if anything's goin on later",0.98,0.02,0.97,0.01,0.01,0.01,0.7,0.3,0.95,0.04,0.01,0.0,0.0
You intrepid duo you! Have a great time and see you both soon.,0.98,0.02,0.97,0.01,0.01,0.01,0.97,0.03,0.95,0.03,0.01,0.005,0.005
Waaaat?? Lololo ok next time then!,0.98,0.02,0.96,0.01,0.01,0.02,0.96,0.04,0.95,0.03,0.01,0.005,0.005
Just wait till end of march when el nino gets himself. Oh.,0.97,0.03,0.95,0.01,0.02,0.02,0.95,0.05,0.94,0.04,0.01,0.005,0.005
A £400 XMAS REWARD IS WAITING FOR YOU! Our computer has randomly picked you from our loyal mobile customers to receive a £400 reward. Just call 09066380611,0.010000000000000009,0.99,0.005,0.005,0.03,0.96,0.010000000000000009,0.99,0.005,0.02,0.08,0.5,0.395
Hey... What time is your driving on fri? We go for evaluation on fri?,0.98,0.02,0.97,0.01,0.01,0.01,0.65,0.35,0.95,0.03,0.01,0.005,0.005
Take some small dose tablet for fever,0.97,0.03,0.95,0.02,0.01,0.02,0.85,0.15,0.9,0.07,0.02,0.007,0.003
"GOD ASKED, ""What is forgiveness?"" A little child gave lovely reply, ""It is d wonderful fruit that a tree gives when it is being hurt by a stone.. Good night......",0.9,0.1,0.9,0.01,0.04,0.05,0.97,0.03,0.93,0.06,0.01,0.0,0.0
When u wana see it then,0.97,0.03,0.96,0.01,0.01,0.02,0.75,0.25,0.94,0.04,0.01,0.005,0.005
Pls speak to that customer machan.,0.97,0.03,0.95,0.02,0.01,0.02,0.4,0.6,0.9,0.07,0.02,0.007,0.003
My love ... I hope your not doing anything drastic. Don't you dare sell your pc or your phone ...,0.97,0.03,0.95,0.01,0.01,0.03,0.88,0.12,0.9,0.06,0.02,0.01,0.01
U coming 2 pick me?,0.97,0.03,0.96,0.01,0.01,0.02,0.44999999999999996,0.55,0.9,0.07,0.02,0.007,0.003
Yar i wanted 2 scold u yest but late already... I where got zhong se qing you? If u ask me b4 he ask me then i'll go out w u all lor. N u still can act so real.,0.98,0.02,0.97,0.01,0.01,0.01,0.95,0.05,0.95,0.04,0.01,0.0,0.0
I can't believe how attached I am to seeing you every day. I know you will do the best you can to get to me babe. I will go to teach my class at your midnight,0.97,0.03,0.95,0.01,0.01,0.03,0.92,0.08,0.93,0.04,0.02,0.01,0.0
"Yup, no need. I'll jus wait 4 e rain 2 stop.",0.98,0.02,0.97,0.01,0.01,0.01,0.97,0.03,0.96,0.03,0.005,0.003,0.002
Please CALL 08712402779 immediately as there is an urgent message waiting for you,0.030000000000000027,0.97,0.01,0.02,0.05,0.92,0.010000000000000009,0.99,0.0,0.02,0.15,0.6,0.23
Its hard to believe things like this. All can say lie but think twice before saying anything to me.,0.97,0.03,0.95,0.01,0.01,0.03,0.92,0.08,0.9,0.06,0.03,0.007,0.003
When're you guys getting back? G said you were thinking about not staying for mcr,0.98,0.02,0.96,0.01,0.01,0.02,0.75,0.25,0.94,0.04,0.01,0.005,0.005
I fetch yun or u fetch?,0.97,0.03,0.95,0.01,0.01,0.03,0.4,0.6,0.93,0.04,0.02,0.007,0.003
Watching telugu movie..wat abt u?,0.98,0.02,0.97,0.01,0.01,0.01,0.88,0.12,0.95,0.03,0.01,0.005,0.005
Thats cool. i liked your photos. You are very sexy!,0.9,0.1,0.85,0.01,0.03,0.11,0.95,0.05,0.85,0.08,0.04,0.02,0.01
Have you always been saying welp?,0.97,0.03,0.96,0.01,0.01,0.02,0.88,0.12,0.94,0.04,0.01,0.005,0.005
At home by the way,0.97,0.03,0.96,0.02,0.01,0.01,0.95,0.05,0.95,0.03,0.01,0.005,0.005
Have you laid your airtel line to rest?,0.88,0.12,0.82,0.02,0.13,0.03,0.75,0.25,0.8,0.15,0.04,0.01,0.0
Filthy stories and GIRLS waiting for your,0.020000000000000018,0.98,0.01,0.005,0.4,0.585,0.4,0.6,0.05,0.15,0.35,0.35,0.1
Were somewhere on Fredericksburg,0.97,0.03,0.95,0.02,0.01,0.02,0.95,0.05,0.95,0.03,0.01,0.005,0.005
"""CHA QUITEAMUZING THATSCOOL BABE,PROBPOP IN & CU SATTHEN HUNNY 4BREKKIE! LOVE JEN XXX. PSXTRA LRG PORTIONS 4 ME PLEASE """,0.97,0.03,0.96,0.01,0.01,0.02,0.88,0.12,0.94,0.04,0.01,0.005,0.005
Hey gorgeous man. My work mobile number is. Have a good one babe. Squishy Mwahs.,0.96,0.04,0.95,0.01,0.01,0.03,0.92,0.08,0.9,0.06,0.03,0.007,0.003
"Dude u knw also telugu..thts gud..k, gud nyt..",0.98,0.02,0.97,0.01,0.01,0.01,0.97,0.03,0.96,0.03,0.005,0.003,0.002
"Do you know why god created gap between your fingers..? So that, One who is made for you comes &amp; fills those gaps by holding your hand with LOVE..!",0.88,0.12,0.88,0.01,0.04,0.07,0.96,0.04,0.9,0.07,0.02,0.007,0.003
Ur ringtone service has changed! 25 Free credits! Go to club4mobiles.com to choose content now! Stop? txt CLUB STOP to 87070. 150p/wk Club4 PO Box1146 MK45 2WT,0.040000000000000036,0.96,0.01,0.04,0.75,0.2,0.050000000000000044,0.95,0.02,0.35,0.45,0.15,0.03
And also I've sorta blown him off a couple times recently so id rather not text him out of the blue looking for weed,0.98,0.02,0.97,0.01,0.01,0.01,0.96,0.04,0.95,0.03,0.01,0.005,0.005
I've sent my wife your text. After we buy them she'll tell you what to do. So just relax. We should go get them this wkend.,0.97,0.03,0.96,0.01,0.01,0.02,0.88,0.12,0.93,0.05,0.01,0.007,0.003
In meeting da. I will call you,0.98,0.02,0.96,0.01,0.01,0.02,0.95,0.05,0.95,0.03,0.01,0.005,0.005
But we havent got da topic yet rite?,0.97,0.03,0.96,0.01,0.01,0.02,0.85,0.15,0.93,0.05,0.01,0.007,0.003
I love u 2 my little pocy bell I am sorry but I love u,0.98,0.02,0.97,0.01,0.01,0.01,0.97,0.03,0.96,0.02,0.01,0.005,0.005
Do you like Italian food?,0.97,0.03,0.95,0.01,0.02,0.02,0.75,0.25,0.93,0.05,0.01,0.005,0.005
Later i guess. I needa do mcat study too.,0.98,0.02,0.97,0.01,0.01,0.01,0.97,0.03,0.96,0.03,0.01,0.0,0.0
"Hi, my love! How goes that day? Fuck, this morning I woke and dropped my cell on the way down the stairs but it seems alright ... *phews* I miss you !",0.97,0.03,0.96,0.01,0.01,0.02,0.95,0.05,0.95,0.03,0.01,0.007,0.003
"Honey, can you pls find out how much they sell Predicte in Nigeria. And how many times can it be used. Its very important to have a reply before monday",0.95,0.05,0.93,0.01,0.01,0.05,0.09999999999999998,0.9,0.8,0.12,0.05,0.02,0.01
If I get there before you after your ten billion calls and texts so help me god,0.97,0.03,0.95,0.01,0.01,0.03,0.92,0.08,0.93,0.05,0.01,0.005,0.005
U 447801259231 have a secret admirer who is looking 2 make contact with U-find out who they R*reveal who thinks UR so special-call on 09058094597,0.020000000000000018,0.98,0.01,0.01,0.12,0.86,0.020000000000000018,0.98,0.01,0.05,0.15,0.55,0.24
They are just making it easy to pay back. I have  &lt;#&gt; yrs to say but i can pay back earlier. You get?,0.97,0.03,0.95,0.01,0.02,0.02,0.88,0.12,0.9,0.07,0.02,0.007,0.003
You will go to walmart. I.ll stay.,0.97,0.03,0.95,0.01,0.01,0.03,0.88,0.12,0.93,0.05,0.01,0.005,0.005
K k:) sms chat with me.,0.94,0.06,0.9,0.01,0.03,0.06,0.4,0.6,0.8,0.1,0.07,0.02,0.01
She's fine. Good to hear from you. How are you my dear? Happy new year oh.,0.98,0.02,0.97,0.01,0.01,0.01,0.88,0.12,0.95,0.03,0.01,0.005,0.005
"Arms fine, how's Cardiff and uni?",0.98,0.02,0.97,0.01,0.01,0.01,0.88,0.12,0.95,0.03,0.01,0.005,0.005
I'm in class. Will holla later,0.97,0.03,0.96,0.01,0.01,0.02,0.95,0.05,0.95,0.03,0.01,0.005,0.005
Whos this am in class:-),0.97,0.03,0.96,0.01,0.01,0.02,0.44999999999999996,0.55,0.9,0.07,0.02,0.007,0.003
Well obviously not because all the people in my cool college life went home ;_;,0.98,0.02,0.97,0.01,0.01,0.01,0.97,0.03,0.96,0.02,0.01,0.005,0.005
Ok i vl..do u know i got adsense approved..,0.98,0.02,0.96,0.01,0.01,0.02,0.92,0.08,0.94,0.04,0.01,0.005,0.005
Ok lar... Joking wif u oni...,0.98,0.02,0.97,0.01,0.01,0.01,0.97,0.03,0.96,0.03,0.01,0.0,0.0
"Actually nvm, got hella cash, we still on for  &lt;#&gt; ish?",0.97,0.03,0.96,0.01,0.01,0.02,0.44999999999999996,0.55,0.93,0.04,0.02,0.007,0.003
Your gonna have to pick up a $1 burger for yourself on your way home. I can't even move. Pain is killing me.,0.98,0.02,0.97,0.01,0.01,0.01,0.88,0.12,0.95,0.04,0.01,0.0,0.0
"It doesnt make sense to take it there unless its free. If you need to know more, wikipedia.com",0.96,0.04,0.94,0.01,0.02,0.03,0.8,0.2,0.8,0.15,0.04,0.007,0.003
Hello. We need some posh birds and chaps to user trial prods for champneys. Can i put you down? I need your address and dob asap. Ta r,0.85,0.15,0.78,0.02,0.08,0.12,0.050000000000000044,0.95,0.05,0.45,0.38,0.1,0.02
"Time n Smile r the two crucial things in our life. Sometimes time makes us to forget smile, and sometimes someone's smile makes us to forget time gud noon",0.88,0.12,0.85,0.01,0.1,0.04,0.97,0.03,0.95,0.04,0.01,0.0,0.0
Beauty sleep can help ur pimples too.,0.88,0.12,0.86,0.01,0.11,0.02,0.96,0.04,0.9,0.08,0.015,0.004,0.001
"(And my man carlos is definitely coming by mu tonight, no excuses)",0.97,0.03,0.96,0.01,0.01,0.02,0.95,0.05,0.95,0.03,0.01,0.007,0.003
"Science tells that chocolate will melt under the sunlight. Please don't walk under the sunlight. BCoz,I don't want to loss a sweet friend.",0.92,0.08,0.9,0.01,0.04,0.05,0.95,0.05,0.93,0.05,0.015,0.004,0.001
Customer service annoncement. You have a New Years delivery waiting for you. Please call 07046744435 now to arrange delivery,0.030000000000000027,0.97,0.01,0.03,0.04,0.92,0.020000000000000018,0.98,0.01,0.03,0.15,0.56,0.25
Don know:)this week i'm going to tirunelvai da.,0.98,0.02,0.97,0.01,0.01,0.01,0.97,0.03,0.96,0.03,0.01,0.0,0.0
Wat would u like 4 ur birthday?,0.98,0.02,0.97,0.01,0.01,0.01,0.75,0.25,0.95,0.03,0.01,0.005,0.005
I will reach office around  &lt;DECIMAL&gt; . &amp; my mobile have problem. You cann't get my voice. So call you asa i'll free,0.97,0.03,0.96,0.02,0.01,0.01,0.88,0.12,0.93,0.05,0.015,0.003,0.002
Hmmm.still we dont have opener?,0.97,0.03,0.95,0.02,0.01,0.02,0.75,0.25,0.93,0.05,0.01,0.005,0.005
"My Parents, My Kidz, My Friends n My Colleagues. All screaming.. SURPRISE !! and I was waiting on the sofa.. ... ..... ' NAKED...!",0.88,0.12,0.8500000000000001,0.010000000000000002,0.060000000000000005,0.08000000000000002,0.96,0.04,0.9,0.07,0.02,0.007,0.003
"Call 09094100151 to use ur mins! Calls cast 10p/min (mob vary). Service provided by AOM, just GBP5/month. AOM Box61,M60 1ER until u stop. Ages 18+ only!",0.020000000000000018,0.98,0.005,0.015,0.5,0.48,0.030000000000000027,0.97,0.010000000000000002,0.12000000000000001,0.35000000000000003,0.42000000000000004,0.10000000000000002
"Not for possession, especially not first offense",0.97,0.03,0.95,0.01,0.01,0.03,0.97,0.03,0.95,0.03,0.01,0.005,0.005
Am not working but am up to eyes in philosophy so will text u later when a bit more free for chat...,0.98,0.02,0.97,0.01,0.01,0.01,0.95,0.05,0.96,0.03,0.01,0.0,0.0
Went to pay rent. So i had to go to the bank to authorise the payment.,0.98,0.02,0.97,0.01,0.01,0.01,0.97,0.03,0.95,0.03,0.01,0.005,0.005
SORRY IM STIL FUCKED AFTER LAST NITE WENT TOBED AT 430 GOT UP 4 WORK AT 630,0.98,0.02,0.97,0.01,0.01,0.01,0.97,0.03,0.96,0.03,0.01,0.0,0.0
No let me do the math. Your not good at it.,0.98,0.02,0.97,0.01,0.01,0.01,0.92,0.08,0.96,0.03,0.01,0.0,0.0
Can i meet ü at 5.. As 4 where depends on where ü wan 2 in lor..,0.98,0.02,0.97,0.01,0.01,0.01,0.75,0.25,0.95,0.03,0.01,0.005,0.005
Dude sux for snake. He got old and raiden got buff,0.97,0.03,0.96,0.01,0.01,0.02,0.97,0.03,0.95,0.03,0.01,0.005,0.005
"Playin space poker, u?",0.97,0.03,0.96,0.01,0.01,0.02,0.75,0.25,0.95,0.03,0.015,0.004,0.001
"Lol, oh you got a friend for the dog ?",0.98,0.02,0.96,0.01,0.01,0.02,0.88,0.12,0.95,0.03,0.01,0.005,0.005
Also remember to get dobby's bowl from your car,0.98,0.02,0.97,0.01,0.01,0.01,0.75,0.25,0.95,0.04,0.01,0.0,0.0
As usual u can call me ard 10 smth.,0.98,0.02,0.97,0.01,0.01,0.01,0.15000000000000002,0.85,0.93,0.05,0.01,0.005,0.005
Hmmm.but you should give it on one day..,0.97,0.03,0.95,0.02,0.01,0.02,0.85,0.15,0.93,0.05,0.01,0.005,0.005
So i asked how's anthony. Dad. And your bf,0.97,0.03,0.95,0.01,0.01,0.03,0.65,0.35,0.93,0.05,0.01,0.005,0.005
Probably a couple hours tops,0.97,0.03,0.96,0.01,0.01,0.02,0.97,0.03,0.95,0.03,0.01,0.005,0.005
"Honey ? Sweetheart ? Darling ? Sexy buns ? Sugar plum ? Loverboy ? I miss you, boytoy ... *smacks your ass* Did you go to the gym too ?",0.97,0.03,0.96,0.01,0.01,0.02,0.88,0.12,0.94,0.04,0.01,0.007,0.003
So what about you. What do you remember,0.97,0.03,0.95,0.01,0.01,0.03,0.75,0.25,0.93,0.04,0.02,0.01,0.0
"Welcome to Select, an O2 service with added benefits. You can now call our specially trained advisors FREE from your mobile by dialling 402.",0.62,0.38,0.02,0.55,0.36,0.07,0.5,0.5,0.2,0.6,0.15,0.04,0.01
At 4. Let's go to bill millers,0.97,0.03,0.95,0.01,0.02,0.02,0.8,0.2,0.93,0.05,0.01,0.005,0.005
Ok no prob...,0.97,0.03,0.96,0.01,0.01,0.02,0.97,0.03,0.95,0.03,0.01,0.005,0.005
"Aiyo... Her lesson so early... I'm still sleepin, haha... Okie, u go home liao den confirm w me lor...",0.98,0.02,0.97,0.01,0.01,0.01,0.7,0.3,0.95,0.03,0.01,0.005,0.005
"Ok., is any problem to u frm him? Wats matter?",0.98,0.02,0.97,0.01,0.01,0.01,0.75,0.25,0.96,0.03,0.01,0.0,0.0
Why tired what special there you had,0.97,0.03,0.96,0.01,0.01,0.02,0.88,0.12,0.95,0.03,0.01,0.007,0.003
Y so late but i need to go n get da laptop...,0.97,0.03,0.95,0.01,0.01,0.03,0.92,0.08,0.93,0.05,0.015,0.004,0.001
Hi! This is Roger from CL. How are you?,0.55,0.45,0.5,0.05,0.08,0.37,0.44999999999999996,0.55,0.35,0.25,0.25,0.12,0.03
No b4 Thursday,0.97,0.03,0.95,0.02,0.01,0.02,0.95,0.05,0.94,0.04,0.01,0.005,0.005
have * good weekend.,0.94,0.06,0.93,0.02,0.04,0.01,0.97,0.03,0.95,0.04,0.01,0.0,0.0
No calls..messages..missed calls,0.94,0.06,0.9,0.04,0.02,0.04,0.9,0.1,0.9,0.06,0.03,0.007,0.003
I hope you that's the result of being consistently intelligent and kind. Start asking him about practicum links and keep your ears open and all the best. ttyl,0.98,0.02,0.97,0.01,0.01,0.01,0.92,0.08,0.95,0.04,0.01,0.0,0.0
Even u dont get in trouble while convincing..just tel him once or twice and just tel neglect his msgs dont c and read it..just dont reply,0.97,0.03,0.95,0.01,0.01,0.03,0.75,0.25,0.9,0.07,0.02,0.007,0.003
Okay lor... Will they still let us go a not ah? Coz they will not know until later. We drop our cards into the box right?,0.98,0.02,0.97,0.01,0.01,0.01,0.88,0.12,0.95,0.04,0.01,0.0,0.0
They will pick up and drop in car.so no problem..,0.97,0.03,0.95,0.03,0.01,0.01,0.95,0.05,0.95,0.03,0.01,0.005,0.005
How stupid to say that i challenge god.You dont think at all on what i write instead you respond immed.,0.98,0.02,0.96,0.01,0.01,0.02,0.95,0.05,0.95,0.03,0.01,0.005,0.005
Come aftr  &lt;DECIMAL&gt; ..now i m cleaning the house,0.97,0.03,0.95,0.02,0.01,0.02,0.7,0.3,0.93,0.05,0.01,0.005,0.005
"Hello my boytoy ... Geeee I miss you already and I just woke up. I wish you were here in bed with me, cuddling me. I love you ...",0.97,0.03,0.95,0.005,0.01,0.035,0.97,0.03,0.94,0.03,0.02,0.007,0.003
Todays Voda numbers ending with 7634 are selected to receive a £350 reward. If you have a match please call 08712300220 quoting claim code 7684 standard rates apply.,0.020000000000000018,0.98,0.005,0.005,0.04,0.95,0.020000000000000018,0.98,0.005,0.02,0.08,0.5,0.395
Baaaaabe! I misss youuuuu ! Where are you ? I have to go and teach my class at 5 ...,0.98,0.02,0.97,0.01,0.01,0.01,0.7,0.3,0.95,0.03,0.01,0.005,0.005
"No, I decided that only people who care about stuff vote and caring about stuff is for losers",0.98,0.02,0.97,0.01,0.01,0.01,0.98,0.02,0.97,0.02,0.005,0.003,0.002
Nope thats fine. I might have a nap tho!,0.98,0.02,0.97,0.01,0.01,0.01,0.97,0.03,0.96,0.03,0.005,0.003,0.002
If u laugh really loud.. If u talk spontaneously.. If u dont care what others feel.. U are probably with your dear &amp; best friends.. GOODEVENING Dear..:),0.92,0.08,0.9,0.01,0.04,0.05,0.97,0.03,0.93,0.05,0.015,0.004,0.001
Still work going on:)it is very small house.,0.97,0.03,0.95,0.02,0.01,0.02,0.96,0.04,0.94,0.04,0.01,0.005,0.005
Went fast asleep dear.take care.,0.98,0.02,0.97,0.01,0.01,0.01,0.97,0.03,0.96,0.03,0.01,0.0,0.0
"Babe, have you got enough money to pick up bread and milk ? And I'll give you it back when you get home ?",0.98,0.02,0.96,0.01,0.01,0.02,0.4,0.6,0.9,0.07,0.02,0.007,0.003
"Sir Goodmorning, Once free call me.",0.94,0.06,0.92,0.03,0.02,0.03,0.09999999999999998,0.9,0.72,0.2,0.06,0.015,0.005
Shb b ok lor... Thanx...,0.97,0.03,0.95,0.02,0.01,0.02,0.95,0.05,0.94,0.04,0.01,0.005,0.005
:-( that's not v romantic!,0.97,0.03,0.96,0.01,0.01,0.02,0.95,0.05,0.95,0.03,0.01,0.005,0.005
"Urgent! Please call 09066612661 from your landline, your complimentary 4* Lux Costa Del Sol holiday or £1000 CASH await collection. ppm 150 SAE T&Cs James 28, EH74RR",0.010000000000000009,0.99,0.005,0.005,0.04,0.95,0.010000000000000009,0.99,0.005,0.02,0.08,0.5,0.395
"Sun cant come to earth but send luv as rays. cloud cant come to river but send luv as rain. I cant come to meet U, but can send my care as msg to U. Gud evng",0.95,0.05,0.94,0.01,0.02,0.03,0.97,0.03,0.93,0.05,0.01,0.005,0.005
I've sent ü my part..,0.97,0.03,0.95,0.03,0.01,0.01,0.95,0.05,0.93,0.05,0.015,0.004,0.001
Have your lunch and come quickly and open the door:),0.98,0.02,0.97,0.01,0.01,0.01,0.75,0.25,0.95,0.04,0.01,0.0,0.0
Better. Made up for Friday and stuffed myself like a pig yesterday. Now I feel bleh. But at least its not writhing pain kind of bleh.,0.98,0.02,0.97,0.01,0.01,0.01,0.97,0.03,0.96,0.03,0.005,0.003,0.002
"It's ok, at least armand's still around",0.97,0.03,0.96,0.01,0.01,0.02,0.97,0.03,0.95,0.03,0.01,0.005,0.005
My birthday is on feb  &lt;#&gt;  da. .,0.97,0.03,0.95,0.01,0.01,0.03,0.95,0.05,0.94,0.04,0.01,0.007,0.003
Yesterday its with me only . Now am going home.,0.97,0.03,0.96,0.01,0.01,0.02,0.96,0.04,0.95,0.03,0.01,0.005,0.005
I'm wif him now buying tix lar...,0.97,0.03,0.96,0.01,0.01,0.02,0.97,0.03,0.95,0.03,0.01,0.005,0.005
URGENT! We are trying to contact U. Todays draw shows that you have won a £800 prize GUARANTEED. Call 09050001295 from land line. Claim A21. Valid 12hrs only,0.010000000000000009,0.99,0.005,0.005,0.02,0.97,0.010000000000000009,0.99,0.005,0.01,0.05,0.5,0.435
Never blame a day in ur life. Good days give u happiness. Bad days give u experience. Both are essential in life! All are Gods blessings! good morning.:,0.88,0.12,0.85,0.01,0.08,0.06,0.97,0.03,0.93,0.05,0.015,0.004,0.001
Are you plans with your family set in stone ?,0.97,0.03,0.96,0.01,0.01,0.02,0.75,0.25,0.95,0.03,0.01,0.005,0.005
Is ur lecture over?,0.98,0.02,0.97,0.01,0.01,0.01,0.85,0.15,0.96,0.03,0.01,0.0,0.0
How i noe... She's in da car now... Later then c lar... I'm wearing shorts...,0.98,0.02,0.97,0.01,0.01,0.01,0.95,0.05,0.96,0.03,0.01,0.0,0.0
TaKe CaRE n gET WeLL sOOn,0.97,0.03,0.96,0.01,0.01,0.02,0.97,0.03,0.95,0.03,0.01,0.005,0.005
Hey mr whats the name of that bill brison book the one about language and words,0.98,0.02,0.97,0.01,0.01,0.01,0.44999999999999996,0.55,0.93,0.05,0.01,0.005,0.005
Where are you ? You said you would be here when I woke ... :-(,0.98,0.02,0.97,0.01,0.01,0.01,0.75,0.25,0.95,0.03,0.01,0.005,0.005
meet you in corporation st outside gap … you can see how my mind is working!,0.97,0.03,0.95,0.01,0.02,0.02,0.85,0.15,0.93,0.05,0.01,0.005,0.005
Have a safe trip to Nigeria. Wish you happiness and very soon company to share moments with,0.96,0.04,0.95,0.01,0.01,0.03,0.97,0.03,0.94,0.04,0.01,0.007,0.003
K..then come wenever u lik to come and also tel vikky to come by getting free time..:-),0.98,0.02,0.97,0.01,0.01,0.01,0.88,0.12,0.95,0.04,0.01,0.0,0.0
Jay says that you're a double-faggot,0.97,0.03,0.96,0.01,0.01,0.02,0.96,0.04,0.95,0.03,0.01,0.005,0.005
"Yes obviously, but you are the eggs-pert and the potato head… Speak soon!",0.98,0.02,0.97,0.01,0.01,0.01,0.95,0.05,0.96,0.03,0.01,0.0,0.0
"Aight, text me tonight and we'll see what's up",0.98,0.02,0.97,0.01,0.01,0.01,0.25,0.75,0.95,0.03,0.01,0.005,0.005
Mm feeling sleepy. today itself i shall get that dear,0.97,0.03,0.95,0.01,0.01,0.03,0.95,0.05,0.94,0.04,0.01,0.005,0.005
I cant wait for cornwall. Hope tonight isnt too bad as well but its rock night shite. Anyway im going for a kip now have a good night. Speak to you soon.,0.98,0.02,0.97,0.01,0.01,0.01,0.97,0.03,0.96,0.03,0.005,0.003,0.002
Crucify is c not s. You should have told me earlier.,0.97,0.03,0.96,0.01,0.01,0.02,0.95,0.05,0.95,0.03,0.01,0.005,0.005
So that takes away some money worries,0.97,0.03,0.95,0.01,0.02,0.02,0.97,0.03,0.95,0.03,0.01,0.007,0.003
Is xy going 4 e lunch?,0.98,0.02,0.97,0.01,0.01,0.01,0.44999999999999996,0.55,0.95,0.03,0.01,0.005,0.005
Hi. Happy New Year. I dont mean to intrude but can you pls let me know how much tuition you paid last semester and how much this semester is. Thanks,0.96,0.04,0.95,0.01,0.01,0.03,0.15000000000000002,0.85,0.7,0.2,0.07,0.02,0.01
I jus reached home. I go bathe first. But my sis using net tell u when she finishes k...,0.98,0.02,0.97,0.01,0.01,0.01,0.95,0.05,0.96,0.03,0.005,0.003,0.002
Carry on not disturbing both of you,0.97,0.03,0.95,0.01,0.01,0.03,0.95,0.05,0.93,0.05,0.015,0.004,0.001
TheMob>Yo yo yo-Here comes a new selection of hot downloads for our members to get for FREE! Just click & open the next link sent to ur fone...,0.040000000000000036,0.96,0.01,0.02,0.6,0.37,0.06999999999999995,0.93,0.02,0.2,0.55,0.2,0.03
Then u ask darren go n pick u lor... But i oso sian tmr haf 2 meet lect...,0.98,0.02,0.97,0.01,0.01,0.01,0.92,0.08,0.95,0.04,0.01,0.0,0.0
You still coming tonight?,0.98,0.02,0.97,0.01,0.01,0.01,0.4,0.6,0.95,0.03,0.01,0.005,0.005
What not under standing.,0.97,0.03,0.95,0.01,0.01,0.03,0.92,0.08,0.94,0.04,0.015,0.004,0.001
Lol u still feeling sick?,0.98,0.02,0.97,0.01,0.01,0.01,0.88,0.12,0.95,0.03,0.01,0.005,0.005
I am in hospital da. . I will return home in evening,0.98,0.02,0.97,0.01,0.01,0.01,0.97,0.03,0.96,0.03,0.005,0.003,0.002
"Aight, I'll text you when I'm back",0.98,0.02,0.97,0.01,0.01,0.01,0.97,0.03,0.96,0.03,0.01,0.0,0.0
hanks lotsly!,0.97,0.03,0.95,0.01,0.01,0.03,0.97,0.03,0.95,0.03,0.01,0.005,0.005
Now press conference da:),0.97,0.03,0.96,0.01,0.01,0.02,0.95,0.05,0.95,0.03,0.01,0.005,0.005
We'll join the  &lt;#&gt;  bus,0.97,0.03,0.95,0.03,0.01,0.01,0.95,0.05,0.95,0.04,0.01,0.0,0.0
Haf u found him? I feel so stupid da v cam was working.,0.97,0.03,0.95,0.01,0.01,0.03,0.75,0.25,0.93,0.04,0.02,0.007,0.003
Hmm thinking lor...,0.98,0.02,0.97,0.01,0.01,0.01,0.97,0.03,0.96,0.02,0.01,0.005,0.005
"As a valued customer, I am pleased to advise you that following recent review of your Mob No. you are awarded with a £1500 Bonus Prize, call 09066364589",0.020000000000000018,0.98,0.005,0.005,0.03,0.96,0.020000000000000018,0.98,0.005,0.02,0.08,0.5,0.395
I have to take exam with march 3,0.97,0.03,0.95,0.02,0.01,0.02,0.96,0.04,0.95,0.03,0.01,0.005,0.005
There's no point hangin on to mr not right if he's not makin u happy,0.97,0.03,0.95,0.01,0.02,0.02,0.95,0.05,0.94,0.04,0.01,0.005,0.005
Yeah do! Don‘t stand to close tho- you‘ll catch something!,0.98,0.02,0.97,0.01,0.01,0.01,0.95,0.05,0.96,0.03,0.01,0.0,0.0
Ok i also wan 2 watch e 9 pm show...,0.98,0.02,0.97,0.01,0.01,0.01,0.95,0.05,0.96,0.03,0.01,0.0,0.0
"HOT LIVE FANTASIES call now 08707509020 Just 20p per min NTT Ltd, PO Box 1327 Croydon CR9 5WB 0870 is a national rate call",0.020000000000000018,0.98,0.01,0.01,0.72,0.26,0.030000000000000027,0.97,0.01,0.3,0.5,0.16,0.03
Good Morning my Dear........... Have a great &amp; successful day.,0.94,0.06,0.92,0.01,0.03,0.04,0.97,0.03,0.93,0.05,0.01,0.005,0.005
"Customer place, i wil cal u sir.",0.96,0.04,0.94,0.04,0.01,0.01,0.95,0.05,0.95,0.04,0.01,0.0,0.0
Ü say until like dat i dun buy ericsson oso cannot oredi lar...,0.98,0.02,0.97,0.01,0.01,0.01,0.97,0.03,0.96,0.03,0.005,0.003,0.002
"Hello. Sort of out in town already. That . So dont rush home, I am eating nachos. Will let you know eta.",0.98,0.02,0.97,0.01,0.01,0.01,0.95,0.05,0.96,0.03,0.005,0.003,0.002
THANX 4 PUTTIN DA FONE DOWN ON ME!!,0.97,0.03,0.96,0.01,0.01,0.02,0.95,0.05,0.95,0.03,0.01,0.005,0.005
My trip was ok but quite tiring lor. Uni starts today but it's ok 4 me cos i'm not taking any modules but jus concentrating on my final yr project.,0.98,0.02,0.97,0.01,0.01,0.01,0.97,0.03,0.96,0.03,0.005,0.003,0.002
"Merry Christmas to you too babe, i love ya *kisses*",0.98,0.02,0.97,0.01,0.01,0.01,0.98,0.02,0.96,0.03,0.005,0.003,0.002
Haf u eaten? Wat time u wan me 2 come?,0.98,0.02,0.97,0.01,0.01,0.01,0.75,0.25,0.95,0.03,0.01,0.005,0.005
Future is not what we planned for tomorrow.....! it is the result of what we do today...! Do the best in present... enjoy the future.,0.88,0.12,0.85,0.01,0.08,0.06,0.97,0.03,0.9,0.07,0.02,0.007,0.003
Aiyah e rain like quite big leh. If drizzling i can at least run home.,0.98,0.02,0.97,0.01,0.01,0.01,0.95,0.05,0.95,0.03,0.01,0.005,0.005
&lt;#&gt;  am I think? Should say on syllabus,0.97,0.03,0.95,0.02,0.01,0.02,0.88,0.12,0.94,0.04,0.01,0.005,0.005
Haha... can... But i'm having dinner with my cousin...,0.98,0.02,0.97,0.01,0.01,0.01,0.95,0.05,0.96,0.03,0.01,0.0,0.0
"Some friends want me to drive em someplace, probably take a while",0.97,0.03,0.96,0.01,0.01,0.02,0.95,0.05,0.95,0.03,0.01,0.005,0.005
"Sorry, got a late start, we're on the way",0.98,0.02,0.97,0.01,0.01,0.01,0.97,0.03,0.96,0.03,0.01,0.0,0.0
How about getting in touch with folks waiting for company? Just txt back your NAME and AGE to opt in! Enjoy the community (150p/SMS),0.030000000000000027,0.97,0.01,0.01,0.55,0.43,0.030000000000000027,0.97,0.01,0.12,0.4,0.4,0.07
How's it feel? Mr. Your not my real Valentine just my yo Valentine even tho u hardly play!!,0.97,0.03,0.96,0.01,0.01,0.02,0.95,0.05,0.95,0.03,0.01,0.005,0.005
Huh but i cant go 2 ur house empty handed right?,0.98,0.02,0.97,0.01,0.01,0.01,0.92,0.08,0.95,0.03,0.01,0.005,0.005
"I wasn't well babe, i have swollen glands at my throat ... What did you end up doing ?",0.98,0.02,0.97,0.01,0.01,0.01,0.75,0.25,0.95,0.03,0.01,0.005,0.005
Ok. I asked for money how far,0.97,0.03,0.95,0.01,0.01,0.03,0.75,0.25,0.85,0.08,0.04,0.02,0.01
Thanks for your message. I really appreciate your sacrifice. I'm not sure of the process of direct pay but will find out on my way back from the test tomorrow. I'm in class now. Do have a wonderful day.,0.97,0.03,0.95,0.01,0.01,0.03,0.95,0.05,0.9,0.06,0.02,0.01,0.01
Its sarcasm.. .nt scarcasim,0.98,0.02,0.97,0.01,0.01,0.01,0.97,0.03,0.96,0.03,0.01,0.0,0.0
Mum say we wan to go then go... Then she can shun bian watch da glass exhibition...,0.98,0.02,0.97,0.01,0.01,0.01,0.95,0.05,0.96,0.03,0.01,0.0,0.0
So what u doing today?,0.97,0.03,0.96,0.01,0.01,0.02,0.88,0.12,0.93,0.04,0.02,0.007,0.003
"True. It is passable. And if you get a high score and apply for phd, you get 5years of salary. So it makes life easier.",0.97,0.03,0.96,0.01,0.02,0.01,0.95,0.05,0.94,0.04,0.01,0.005,0.005
I only haf msn. It's yijue@hotmail.com,0.97,0.03,0.96,0.01,0.01,0.02,0.88,0.12,0.9,0.06,0.03,0.007,0.003
"Dear, will call Tmorrow.pls accomodate.",0.96,0.04,0.94,0.02,0.01,0.03,0.75,0.25,0.9,0.06,0.03,0.007,0.003
"Yeah, we can probably swing by once my roommate finishes up with his girl",0.98,0.02,0.97,0.01,0.01,0.01,0.97,0.03,0.96,0.03,0.01,0.0,0.0
So when you gonna get rimac access,0.97,0.03,0.96,0.01,0.01,0.02,0.75,0.25,0.93,0.05,0.015,0.004,0.001
Just normal only here :),0.97,0.03,0.95,0.01,0.01,0.03,0.97,0.03,0.95,0.03,0.01,0.005,0.005
Can ü call me at 10:10 to make sure dat i've woken up...,0.98,0.02,0.97,0.01,0.01,0.01,0.15000000000000002,0.85,0.93,0.05,0.01,0.005,0.005
You bad girl. I can still remember them,0.97,0.03,0.95,0.01,0.01,0.03,0.97,0.03,0.94,0.04,0.01,0.007,0.003
"Goodnight, sleep well da please take care pa. Please.",0.98,0.02,0.97,0.01,0.01,0.01,0.95,0.05,0.96,0.03,0.005,0.003,0.002
"As in missionary hook up, doggy hook up, standing...|",0.94,0.06,0.92,0.01,0.03,0.04,0.95,0.05,0.9,0.06,0.03,0.007,0.003
WE REGRET TO INFORM U THAT THE NHS HAS MADE A MISTAKE.U WERE NEVER ACTUALLY BORN.PLEASE REPORT 2 YOR LOCAL HOSPITAL 2B TERMINATED.WE R SORRY 4 THE INCONVENIENCE,0.8,0.2,0.72,0.05,0.05,0.18,0.65,0.35,0.7,0.2,0.06,0.03,0.01
Goin to workout lor... Muz lose e fats...,0.98,0.02,0.97,0.01,0.01,0.01,0.97,0.03,0.96,0.03,0.01,0.0,0.0
Appt is at &lt;TIME&gt; am. Not my fault u don't listen. I told u twice,0.97,0.03,0.95,0.04,0.005,0.005,0.95,0.05,0.95,0.04,0.007,0.002,0.001
I'm in a movie... Collect car oredi...,0.98,0.02,0.97,0.01,0.01,0.01,0.95,0.05,0.96,0.03,0.01,0.0,0.0
Nobody names their penis a girls name this story doesn't add up at all,0.98,0.02,0.97,0.01,0.01,0.01,0.97,0.03,0.96,0.03,0.01,0.0,0.0
Hey happy birthday...,0.96,0.04,0.95,0.01,0.02,0.02,0.97,0.03,0.95,0.04,0.01,0.0,0.0
Babes I think I got ur brolly I left it in English wil bring it in 2mrw 4 u luv Franxx,0.98,0.02,0.97,0.01,0.01,0.01,0.95,0.05,0.95,0.04,0.01,0.0,0.0
Ugh fuck it I'm resubbing to eve,0.98,0.02,0.97,0.01,0.01,0.01,0.97,0.03,0.96,0.03,0.01,0.0,0.0
That depends. How would you like to be treated? :),0.97,0.03,0.95,0.01,0.02,0.02,0.9,0.1,0.93,0.05,0.015,0.004,0.001
LOL ... No just was busy,0.98,0.02,0.97,0.01,0.01,0.01,0.97,0.03,0.96,0.03,0.01,0.0,0.0
"Gumby's has a special where a  &lt;#&gt; "" cheese pizza is $2 so I know what we're doin tonight",0.97,0.03,0.95,0.01,0.03,0.01,0.95,0.05,0.93,0.06,0.01,0.0,0.0
Pls call me da. What happen.,0.97,0.03,0.96,0.01,0.01,0.02,0.15000000000000002,0.85,0.9,0.06,0.03,0.007,0.003
Is there any training tomorrow?,0.97,0.03,0.95,0.03,0.01,0.01,0.7,0.3,0.9,0.07,0.02,0.007,0.003
"Im sorry bout last nite it wasnt ur fault it was me, spouse it was pmt or sumthin! U 4give me? I think u shldxxxx",0.98,0.02,0.97,0.01,0.01,0.01,0.75,0.25,0.95,0.03,0.01,0.005,0.005
Not course. Only maths one day one chapter with in one month we can finish.,0.97,0.03,0.95,0.02,0.02,0.01,0.95,0.05,0.95,0.03,0.01,0.005,0.005
Ok i wont call or disturb any one. I know all are avoiding me. I am a burden for all,0.97,0.03,0.96,0.01,0.01,0.02,0.95,0.05,0.94,0.04,0.01,0.005,0.005
Hey leave it. not a big deal:-) take care.,0.97,0.03,0.96,0.01,0.01,0.02,0.95,0.05,0.95,0.03,0.01,0.005,0.005
"you are sweet as well, princess. Please tell me your likes and dislikes in bed...",0.94,0.06,0.92,0.01,0.01,0.06,0.28,0.72,0.78,0.12,0.06,0.03,0.01
Are you staying in town ?,0.97,0.03,0.95,0.01,0.01,0.03,0.75,0.25,0.93,0.04,0.02,0.01,0.0
You are gorgeous! keep those pix cumming :) thank you!,0.95,0.05,0.93,0.01,0.02,0.04,0.7,0.3,0.85,0.09,0.04,0.015,0.005
Where's mummy's boy ? Is he being good or bad ? Is he being positive or negative ? Why is mummy being made to wait? Hmmmm?,0.97,0.03,0.96,0.01,0.01,0.02,0.75,0.25,0.94,0.04,0.01,0.005,0.005
Okie...,0.97,0.03,0.95,0.02,0.01,0.02,0.97,0.03,0.95,0.03,0.01,0.005,0.005
Dude ive been seeing a lotta corvettes lately,0.97,0.03,0.96,0.01,0.02,0.01,0.97,0.03,0.95,0.03,0.01,0.005,0.005
"I've got ten bucks, jay is being noncomittal",0.98,0.02,0.97,0.01,0.01,0.01,0.95,0.05,0.96,0.03,0.01,0.0,0.0
K..k:)how about your training process?,0.98,0.02,0.96,0.01,0.01,0.02,0.75,0.25,0.95,0.03,0.01,0.005,0.005
4mths half price Orange line rental & latest camera phones 4 FREE. Had your phone 11mths ? Call MobilesDirect free on 08000938767 to update now! or2stoptxt,0.030000000000000027,0.97,0.01,0.01,0.85,0.13,0.030000000000000027,0.97,0.02,0.55,0.35,0.07,0.01
Everybody had fun this evening. Miss you.,0.97,0.03,0.96,0.01,0.01,0.02,0.97,0.03,0.95,0.03,0.01,0.007,0.003
"No idea, I guess we'll work that out an hour after we're supposed to leave since as usual nobody has any interest in figuring shit out before the last second",0.98,0.02,0.97,0.01,0.01,0.01,0.97,0.03,0.96,0.03,0.01,0.0,0.0
Want to send me a virtual hug?... I need one,0.96,0.04,0.95,0.01,0.02,0.02,0.7,0.3,0.93,0.05,0.015,0.004,0.001
Super da:)good replacement for murali,0.97,0.03,0.95,0.01,0.02,0.02,0.97,0.03,0.95,0.03,0.01,0.005,0.005
Thanks for ve lovely wisheds. You rock,0.97,0.03,0.96,0.01,0.01,0.02,0.97,0.03,0.95,0.03,0.01,0.005,0.005
Ok. Every night take a warm bath drink a cup of milk and you'll see a work of magic. You still need to loose weight. Just so that you know,0.97,0.03,0.96,0.01,0.02,0.01,0.88,0.12,0.93,0.06,0.01,0.0,0.0
Dont gimme that lip caveboy,0.97,0.03,0.96,0.01,0.01,0.02,0.95,0.05,0.95,0.03,0.01,0.005,0.005
Headin towards busetop,0.98,0.02,0.97,0.01,0.01,0.01,0.97,0.03,0.96,0.03,0.005,0.003,0.002
Miss call miss call khelate kintu opponenter miss call dhorte lage. Thats d rule. One with great phone receiving quality wins.,0.97,0.03,0.95,0.01,0.02,0.02,0.95,0.05,0.93,0.05,0.01,0.005,0.005
Have a nice day my dear.,0.96,0.04,0.95,0.01,0.02,0.02,0.98,0.02,0.95,0.03,0.01,0.007,0.003
I am waiting machan. Call me once you free.,0.98,0.02,0.96,0.01,0.01,0.02,0.15000000000000002,0.85,0.9,0.07,0.02,0.007,0.003
I will come to ur home now,0.97,0.03,0.95,0.01,0.01,0.03,0.95,0.05,0.93,0.04,0.02,0.007,0.003
Nope i'm not drivin... I neva develop da photos lei...,0.98,0.02,0.97,0.01,0.01,0.01,0.95,0.05,0.96,0.03,0.01,0.0,0.0
No my mum went 2 dentist.,0.98,0.02,0.97,0.01,0.01,0.01,0.97,0.03,0.96,0.03,0.01,0.0,0.0
if you aren't here in the next  &lt;#&gt;  hours imma flip my shit,0.97,0.03,0.96,0.01,0.01,0.02,0.65,0.35,0.9,0.07,0.02,0.007,0.003
"… we r stayin here an extra week, back next wed. How did we do in the rugby this weekend? Hi to and and , c u soon """,0.97,0.03,0.96,0.01,0.01,0.02,0.7,0.3,0.93,0.05,0.01,0.005,0.005
Talk to g and x about that,0.96,0.04,0.95,0.01,0.01,0.03,0.75,0.25,0.9,0.07,0.02,0.007,0.003
U gd lor go shopping i got stuff to do. U wan 2 watch infernal affairs a not? Come lar...,0.98,0.02,0.97,0.01,0.01,0.01,0.44999999999999996,0.55,0.95,0.03,0.01,0.005,0.005
"Awesome, text me when you're restocked",0.96,0.04,0.94,0.03,0.02,0.01,0.25,0.75,0.9,0.07,0.02,0.007,0.003
Ron say fri leh. N he said ding tai feng cant make reservations. But he said wait lor.,0.98,0.02,0.97,0.01,0.01,0.01,0.95,0.05,0.96,0.03,0.01,0.0,0.0
Ok but knackered. Just came home and went to sleep! Not good at this full time work lark.,0.98,0.02,0.97,0.01,0.01,0.01,0.97,0.03,0.96,0.03,0.005,0.003,0.002
Congratulations ur awarded 500 of CD vouchers or 125gift guaranteed & Free entry 2 100 wkly draw txt MUSIC to 87066,0.020000000000000018,0.98,0.005,0.005,0.12,0.87,0.030000000000000027,0.97,0.01,0.06,0.15,0.5,0.28
I think it's all still in my car,0.97,0.03,0.96,0.01,0.01,0.02,0.95,0.05,0.95,0.03,0.01,0.005,0.005
"By the way, make sure u get train to worc foregate street not shrub hill. Have fun night x",0.98,0.02,0.97,0.01,0.01,0.01,0.85,0.15,0.95,0.04,0.01,0.0,0.0
Good evening! this is roger. How are you?,0.9,0.1,0.85,0.02,0.03,0.1,0.7,0.3,0.75,0.12,0.08,0.04,0.01
"Don't worry, * is easy once have ingredients!",0.97,0.03,0.95,0.02,0.02,0.01,0.97,0.03,0.95,0.03,0.01,0.005,0.005
Dear i have reache room,0.97,0.03,0.95,0.02,0.01,0.02,0.96,0.04,0.94,0.04,0.01,0.005,0.005
Can't. I feel nauseous. I'm so pissed. I didn't eat any sweets all week cause today I was planning to pig out. I was dieting all week. And now I'm not hungry :/,0.98,0.02,0.97,0.01,0.01,0.01,0.97,0.03,0.96,0.03,0.005,0.003,0.002
* FREE* POLYPHONIC RINGTONE Text SUPER to 87131 to get your FREE POLY TONE of the week now! 16 SN PoBox202 NR31 7ZS subscription 450pw,0.030000000000000027,0.97,0.01,0.01,0.62,0.36,0.030000000000000027,0.97,0.01,0.15,0.4,0.36,0.08
"""Getting tickets 4 walsall tue 6 th march. My mate is getting me them on sat. ill pay my treat. Want 2 go. Txt bak .Terry""",0.97,0.03,0.96,0.01,0.015,0.015,0.15000000000000002,0.85,0.9,0.07,0.02,0.007,0.003
:-) yeah! Lol. Luckily i didn't have a starring role like you!,0.98,0.02,0.97,0.01,0.01,0.01,0.97,0.03,0.96,0.03,0.01,0.0,0.0
Hi. I'm always online on yahoo and would like to chat with you someday,0.72,0.28,0.64,0.02,0.06,0.28,0.65,0.35,0.45000000000000007,0.25000000000000006,0.18000000000000002,0.10000000000000002,0.020000000000000004
Someone U know has asked our dating service 2 contact you! Cant Guess who? CALL 09058091854 NOW all will be revealed. PO BOX385 M6 6WU,0.010000000000000009,0.99,0.005,0.005,0.15,0.84,0.020000000000000018,0.98,0.005,0.03,0.2,0.6,0.165
When you are big..| God will bring success.,0.85,0.15,0.82,0.02,0.1,0.06,0.95,0.05,0.85,0.1,0.03,0.015,0.005
"Ya ok, vikky vl c witin  &lt;#&gt; mins and il reply u..",0.98,0.02,0.97,0.01,0.01,0.01,0.95,0.05,0.96,0.03,0.01,0.0,0.0
U should make a fb list,0.96,0.04,0.95,0.01,0.02,0.02,0.75,0.25,0.9,0.07,0.02,0.007,0.003
"Awesome, plan to get here any time after like  &lt;#&gt; , I'll text you details in a wee bit",0.98,0.02,0.97,0.01,0.01,0.01,0.92,0.08,0.95,0.04,0.01,0.0,0.0
Finally the match heading towards draw as your prediction.,0.97,0.03,0.95,0.01,0.02,0.02,0.97,0.03,0.95,0.03,0.01,0.005,0.005
Ard 4 lor...,0.95,0.05,0.93,0.02,0.02,0.03,0.95,0.05,0.94,0.04,0.02,0.0,0.0
"Probably not, still going over some stuff here",0.97,0.03,0.95,0.02,0.01,0.02,0.97,0.03,0.95,0.03,0.01,0.005,0.005
"Hmmm.... Mayb can try e shoppin area one, but forgot e name of hotel...",0.97,0.03,0.95,0.02,0.01,0.02,0.95,0.05,0.95,0.03,0.01,0.005,0.005
Just taste fish curry :-P,0.97,0.03,0.96,0.01,0.02,0.01,0.95,0.05,0.95,0.04,0.01,0.0,0.0
Just hopeing that wasn‘t too pissed up to remember and has gone off to his sisters or something!,0.98,0.02,0.97,0.01,0.01,0.01,0.97,0.03,0.96,0.03,0.01,0.0,0.0
Ok which your another number,0.96,0.04,0.95,0.01,0.01,0.03,0.65,0.35,0.9,0.06,0.03,0.007,0.003
Do well :)all will for little time. Thing of good times ahead:,0.97,0.03,0.95,0.01,0.02,0.02,0.95,0.05,0.94,0.04,0.01,0.005,0.005
Hello beautiful r u ok? I've kinda ad a row wiv and he walked out the pub?? I wanted a night wiv u Miss u,0.98,0.02,0.97,0.01,0.01,0.01,0.7,0.3,0.95,0.03,0.01,0.005,0.005
Hey i've booked the 2 lessons on sun liao...,0.97,0.03,0.95,0.03,0.01,0.01,0.95,0.05,0.95,0.04,0.01,0.0,0.0
Ya it came a while ago,0.97,0.03,0.96,0.02,0.01,0.01,0.97,0.03,0.96,0.03,0.01,0.0,0.0
Now project pa. After that only i can come.,0.97,0.03,0.95,0.02,0.01,0.02,0.95,0.05,0.94,0.04,0.01,0.005,0.005
How long does it take to get it.,0.96,0.04,0.94,0.02,0.02,0.02,0.75,0.25,0.9,0.06,0.03,0.007,0.003
Hi its LUCY Hubby at meetins all day Fri & I will B alone at hotel U fancy cumin over? Pls leave msg 2day 09099726395 Lucy x Calls£1/minMobsmoreLKPOBOX177HP51FL,0.020000000000000018,0.98,0.01,0.005,0.25,0.735,0.030000000000000027,0.97,0.01,0.05,0.24,0.55,0.15
I didn't get the second half of that message,0.96,0.04,0.94,0.02,0.01,0.03,0.7,0.3,0.9,0.06,0.03,0.01,0.0
We are okay. Going to sleep now. Later,0.97,0.03,0.96,0.01,0.01,0.02,0.97,0.03,0.95,0.03,0.01,0.005,0.005
FREE entry into our £250 weekly comp just send the word WIN to 80086 NOW. 18 T&C www.txttowin.co.uk,0.030000000000000027,0.97,0.01,0.01,0.45,0.53,0.020000000000000018,0.98,0.01,0.12,0.4,0.4,0.07
U coming back 4 dinner rite? Dad ask me so i re confirm wif u...,0.98,0.02,0.97,0.01,0.01,0.01,0.4,0.6,0.95,0.04,0.005,0.003,0.002
I think i am disturbing her da,0.98,0.02,0.97,0.01,0.01,0.01,0.97,0.03,0.96,0.03,0.01,0.0,0.0
Reply with your name and address and YOU WILL RECEIVE BY POST a weeks completely free accommodation at various global locations www.phb1.com ph:08700435505150p,0.020000000000000018,0.98,0.01,0.01,0.12,0.86,0.030000000000000027,0.97,0.01,0.06,0.18,0.5,0.25
Hey! Congrats 2u2. id luv 2 but ive had 2 go home!,0.98,0.02,0.96,0.01,0.01,0.02,0.97,0.03,0.95,0.03,0.01,0.005,0.005
I‘ll have a look at the frying pan in case it‘s cheap or a book perhaps. No that‘s silly a frying pan isn‘t likely to be a book,0.98,0.02,0.97,0.01,0.01,0.01,0.97,0.03,0.96,0.03,0.01,0.0,0.0
"Probably, want to pick up more?",0.97,0.03,0.95,0.02,0.01,0.02,0.75,0.25,0.93,0.05,0.015,0.004,0.001
I asked sen to come chennai and search for job.,0.98,0.02,0.97,0.01,0.01,0.01,0.97,0.03,0.96,0.03,0.01,0.0,0.0
I'm meeting Darren...,0.97,0.03,0.95,0.02,0.01,0.02,0.95,0.05,0.94,0.04,0.01,0.005,0.005
I wish! I don't think its gonna snow that much. But it will be more than those flurries we usually get that melt before they hit the ground. Eek! We haven't had snow since &lt;#&gt; before I was even born!,0.98,0.02,0.97,0.01,0.01,0.01,0.97,0.03,0.96,0.03,0.01,0.0,0.0
Water logging in desert. Geoenvironmental implications.,0.88,0.12,0.8,0.06,0.08,0.06,0.94,0.06,0.88,0.09,0.02,0.007,0.003
HI ITS JESS I DONT KNOW IF YOU ARE AT WORK BUT CALL ME WHEN U CAN IM AT HOME ALL EVE. XXX,0.97,0.03,0.95,0.01,0.01,0.03,0.09999999999999998,0.9,0.85,0.1,0.04,0.01,0.0
That's necessarily respectful,0.94,0.06,0.9,0.02,0.03,0.05,0.95,0.05,0.9,0.06,0.03,0.007,0.003
"no, i *didn't* mean to post it. I wrote it, and like so many other times i've ritten stuff to you, i let it sit there. it WAS what i was feeling at the time. I was angry. Before i left, i hit send, then stop. It wasn't there. I checked on my phone when i got to my car. It wasn't there. You said you didn't sleep, you were bored. So why wouldn't THAT be the time to clean, fold laundry, etc.? At least make the bed?",0.98,0.02,0.97,0.01,0.01,0.01,0.9,0.1,0.95,0.03,0.01,0.005,0.005
Really do hope the work doesnt get stressful. Have a gr8 day.,0.97,0.03,0.96,0.01,0.01,0.02,0.97,0.03,0.95,0.03,0.01,0.005,0.005
Hey u still at the gym?,0.97,0.03,0.96,0.01,0.01,0.02,0.75,0.25,0.94,0.04,0.01,0.007,0.003
"I love you !!! You know? Can you feel it? Does it make your belly warm? I wish it does, my love ... I shall meet you in your dreams, Ahmad ... *adoring kiss*",0.97,0.03,0.95,0.01,0.01,0.03,0.97,0.03,0.94,0.03,0.02,0.01,0.0
Did you show him and wot did he say or could u not c him 4 dust?,0.98,0.02,0.96,0.01,0.01,0.02,0.75,0.25,0.94,0.04,0.01,0.005,0.005
Bought one ringtone and now getting texts costing 3 pound offering more tones etc,0.92,0.08,0.88,0.02,0.07,0.03,0.95,0.05,0.88,0.09,0.02,0.01,0.0
Leave it wif me lar... Ü wan to carry meh so heavy... Is da num 98321561 familiar to ü?,0.97,0.03,0.95,0.01,0.01,0.03,0.44999999999999996,0.55,0.85,0.1,0.04,0.007,0.003
What time you think you'll have it? Need to know when I should be near campus,0.98,0.02,0.97,0.01,0.01,0.01,0.4,0.6,0.95,0.03,0.01,0.005,0.005
"You are guaranteed the latest Nokia Phone, a 40GB iPod MP3 player or a £500 prize! Txt word: COLLECT to No: 83355! IBHltd LdnW15H 150p/Mtmsgrcvd18",0.010000000000000009,0.99,0.005,0.005,0.06,0.93,0.010000000000000009,0.99,0.005,0.02,0.1,0.5,0.375
"That‘s the thing with apes, u can fight to the death to keep something, but the minute they have it when u let go, thats it!",0.97,0.03,0.95,0.01,0.01,0.03,0.97,0.03,0.95,0.03,0.01,0.005,0.005
Yar but they say got some error.,0.97,0.03,0.95,0.02,0.01,0.02,0.95,0.05,0.95,0.03,0.01,0.005,0.005
"That's fine, I'll bitch at you about it later then",0.98,0.02,0.97,0.01,0.01,0.01,0.97,0.03,0.96,0.03,0.01,0.0,0.0
Mystery solved! Just opened my email and he's sent me another batch! Isn't he a sweetie,0.98,0.02,0.97,0.01,0.01,0.01,0.97,0.03,0.96,0.03,0.01,0.0,0.0
HMV BONUS SPECIAL 500 pounds of genuine HMV vouchers to be won. Just answer 4 easy questions. Play Now! Send HMV to 86688 More info:www.100percent-real.com,0.020000000000000018,0.98,0.005,0.005,0.15,0.84,0.020000000000000018,0.98,0.01,0.06,0.25,0.5,0.18
"So anyways, you can just go to your gym or whatever, my love *smiles* I hope your ok and having a good day babe ... I miss you so much already",0.97,0.03,0.96,0.01,0.01,0.02,0.95,0.05,0.94,0.04,0.01,0.007,0.003
8007 FREE for 1st week! No1 Nokia tone 4 ur mob every week just txt NOKIA to 8007 Get txting and tell ur mates www.getzed.co.uk POBox 36504 W4 5WQ norm 150p/tone 16+,0.030000000000000027,0.97,0.01,0.01,0.72,0.26,0.030000000000000027,0.97,0.01,0.3,0.5,0.17,0.02
Ok... I din get ur msg...,0.97,0.03,0.95,0.02,0.01,0.02,0.92,0.08,0.94,0.04,0.015,0.004,0.001
Do you want a New Nokia 3510i colour phone DeliveredTomorrow? With 300 free minutes to any mobile + 100 free texts + Free Camcorder reply or call 08000930705,0.020000000000000018,0.98,0.01,0.01,0.72,0.26,0.030000000000000027,0.97,0.01,0.45,0.4,0.12,0.02
So li hai... Me bored now da lecturer repeating last weeks stuff waste time...,0.98,0.02,0.97,0.01,0.01,0.01,0.95,0.05,0.96,0.03,0.01,0.0,0.0
New TEXTBUDDY Chat 2 horny guys in ur area 4 just 25p Free 2 receive Search postcode or at gaytextbuddy.com. TXT ONE name to 89693,0.030000000000000027,0.97,0.01,0.01,0.72,0.26,0.040000000000000036,0.96,0.01,0.15,0.5,0.29,0.05
Oh dang! I didn't mean o send that to you! Lol!,0.97,0.03,0.96,0.01,0.01,0.02,0.97,0.03,0.95,0.03,0.01,0.007,0.003
Do u still have plumbers tape and a wrench we could borrow?,0.98,0.02,0.97,0.01,0.01,0.01,0.4,0.6,0.93,0.05,0.01,0.005,0.005
"Living is very simple.. Loving is also simple.. Laughing is too simple.. Winning is tooo simple.. But, Being 'SIMPLE' is very difficult...;-) :-)",0.88,0.12,0.85,0.01,0.07,0.07,0.97,0.03,0.93,0.05,0.015,0.004,0.001
"REMINDER FROM O2: To get 2.50 pounds free call credit and details of great offers pls reply 2 this text with your valid name, house no and postcode",0.040000000000000036,0.96,0.01,0.03,0.36,0.6,0.020000000000000018,0.98,0.01,0.12,0.32,0.45,0.1
Yun ah.now ü wkg where?btw if ü go nus sc. Ü wana specialise in wad?,0.98,0.02,0.97,0.01,0.01,0.01,0.75,0.25,0.95,0.03,0.01,0.005,0.005
Good. No swimsuit allowed :),0.98,0.02,0.96,0.01,0.02,0.01,0.95,0.05,0.95,0.03,0.01,0.005,0.005
You have WON a guaranteed £1000 cash or a £2000 prize. To claim yr prize call our customer service representative on 08714712379 between 10am-7pm Cost 10p,0.020000000000000018,0.98,0.005,0.005,0.04,0.95,0.020000000000000018,0.98,0.005,0.02,0.08,0.5,0.395
Let Ur Heart Be Ur Compass Ur Mind Ur Map Ur Soul Ur Guide And U Will Never loose in world....gnun - Sent via WAY2SMS.COM,0.88,0.12,0.85,0.02,0.1,0.03,0.97,0.03,0.93,0.06,0.01,0.0,0.0
U don't know how stubborn I am. I didn't even want to go to the hospital. I kept telling Mark I'm not a weak sucker. Hospitals are for weak suckers.,0.98,0.02,0.96,0.01,0.01,0.02,0.97,0.03,0.95,0.03,0.01,0.005,0.005
How would my ip address test that considering my computer isn't a minecraft server,0.97,0.03,0.95,0.02,0.01,0.02,0.88,0.12,0.9,0.07,0.02,0.007,0.003
URGENT! We are trying to contact U. Todays draw shows that you have won a £2000 prize GUARANTEED. Call 09058094507 from land line. Claim 3030. Valid 12hrs only,0.010000000000000009,0.99,0.005,0.005,0.02,0.97,0.010000000000000009,0.99,0.005,0.01,0.045,0.35,0.59
I'm hungry buy smth home...,0.98,0.02,0.97,0.01,0.01,0.01,0.65,0.35,0.9,0.08,0.01,0.005,0.005
Wa... U so efficient... Gee... Thanx...,0.97,0.03,0.96,0.01,0.01,0.02,0.97,0.03,0.95,0.03,0.01,0.005,0.005
Do u hav any frnd by name ashwini in ur college?,0.97,0.03,0.96,0.01,0.01,0.02,0.75,0.25,0.93,0.05,0.015,0.004,0.001
K:)k:)good:)study well.,0.98,0.02,0.96,0.01,0.01,0.02,0.95,0.05,0.95,0.03,0.01,0.005,0.005
Love has one law; Make happy the person you love. In the same way friendship has one law; Never make ur friend feel alone until you are alive.... Gud night,0.85,0.15,0.85,0.01,0.09,0.05,0.97,0.03,0.93,0.06,0.01,0.0,0.0
Ringtone Club: Gr8 new polys direct to your mobile every week !,0.09999999999999998,0.9,0.020000000000000004,0.05000000000000001,0.8300000000000001,0.10000000000000002,0.85,0.15,0.35,0.5,0.12,0.03,0.0
"Okey dokey, i‘ll be over in a bit just sorting some stuff out.",0.98,0.02,0.97,0.01,0.01,0.01,0.97,0.03,0.96,0.03,0.005,0.003,0.002
Well its not like you actually called someone a punto. That woulda been worse.,0.97,0.03,0.96,0.01,0.01,0.02,0.97,0.03,0.95,0.03,0.01,0.005,0.005
Hey.. Something came up last min.. Think i wun be signing up tmr.. Hee,0.98,0.02,0.97,0.01,0.01,0.01,0.97,0.03,0.96,0.03,0.01,0.0,0.0
I will vote for wherever my heart guides me,0.97,0.03,0.95,0.01,0.02,0.02,0.97,0.03,0.95,0.03,0.01,0.005,0.005
Okie... Thanx...,0.98,0.02,0.97,0.01,0.01,0.01,0.98,0.02,0.96,0.03,0.005,0.003,0.002
You have WON a guaranteed £1000 cash or a £2000 prize. To claim yr prize call our customer service representative on 08714712412 between 10am-7pm Cost 10p,0.020000000000000018,0.98,0.005,0.005,0.04,0.95,0.020000000000000018,0.98,0.005,0.02,0.08,0.5,0.395
Do I? I thought I put it back in the box,0.97,0.03,0.96,0.01,0.01,0.02,0.95,0.05,0.95,0.03,0.01,0.005,0.005
Must come later.. I normally bathe him in da afternoon mah..,0.98,0.02,0.97,0.01,0.01,0.01,0.95,0.05,0.96,0.03,0.01,0.0,0.0
07732584351 - Rodger Burns - MSG = We tried to call you re your reply to our sms for a free nokia mobile + free camcorder. Please call now 08000930705 for delivery tomorrow,0.020000000000000018,0.98,0.01,0.01,0.15,0.83,0.020000000000000018,0.98,0.01,0.06,0.25,0.5,0.18
So why didnt you holla?,0.97,0.03,0.95,0.01,0.01,0.03,0.88,0.12,0.93,0.04,0.02,0.007,0.003
Text her. If she doesnt reply let me know so i can have her log in,0.97,0.03,0.95,0.02,0.01,0.02,0.30000000000000004,0.7,0.9,0.06,0.03,0.007,0.003
Idk. I'm sitting here in a stop and shop parking lot right now bawling my eyes out because i feel like i'm a failure in everything. Nobody wants me and now i feel like i'm failing you.,0.98,0.02,0.96,0.01,0.01,0.02,0.97,0.03,0.95,0.03,0.01,0.007,0.003
"Yeah there's quite a bit left, I'll swing by tomorrow when I get up",0.98,0.02,0.97,0.01,0.01,0.01,0.95,0.05,0.95,0.03,0.01,0.005,0.005
Are we doing the norm tomorrow? I finish just a 4.15 cos of st tests. Need to sort library stuff out at some point tomo - got letter from today - access til end march so i better get move on!,0.98,0.02,0.97,0.01,0.01,0.01,0.75,0.25,0.95,0.04,0.01,0.0,0.0
She told to hr that he want posting in chennai:)because i'm working here:),0.97,0.03,0.95,0.01,0.01,0.03,0.95,0.05,0.94,0.04,0.01,0.007,0.003
cud u tell ppl im gona b a bit l8 cos 2 buses hav gon past cos they were full & im still waitin 4 1. Pete x,0.98,0.02,0.97,0.01,0.01,0.01,0.4,0.6,0.93,0.05,0.01,0.005,0.005
I'm home...,0.97,0.03,0.96,0.02,0.01,0.01,0.95,0.05,0.95,0.03,0.01,0.005,0.005
"That's cool he'll be here all night, lemme know when you're around",0.98,0.02,0.97,0.01,0.01,0.01,0.4,0.6,0.95,0.03,0.01,0.005,0.005
says the  &lt;#&gt;  year old with a man and money. I'm down to my last  &lt;#&gt; . Still waiting for that check.,0.97,0.03,0.96,0.01,0.01,0.02,0.96,0.04,0.95,0.03,0.01,0.007,0.003
Old Orchard near univ. How about you?,0.98,0.02,0.96,0.01,0.01,0.02,0.75,0.25,0.95,0.03,0.01,0.005,0.005
It's ok lar. U sleep early too... Nite...,0.98,0.02,0.97,0.01,0.01,0.01,0.97,0.03,0.96,0.03,0.005,0.003,0.002
* Will have two more cartons off u and is very pleased with shelves,0.97,0.03,0.95,0.02,0.02,0.01,0.88,0.12,0.93,0.05,0.015,0.004,0.001
Me too. Mark is taking forever to pick up my prescription and the pain is coming back.,0.98,0.02,0.97,0.01,0.01,0.01,0.97,0.03,0.96,0.03,0.01,0.0,0.0
URGENT This is our 2nd attempt to contact U. Your £900 prize from YESTERDAY is still awaiting collection. To claim CALL NOW 09061702893,0.010000000000000009,0.99,0.005,0.005,0.03,0.96,0.010000000000000009,0.99,0.005,0.02,0.08,0.5,0.395
What do U want for Xmas? How about 100 free text messages & a new video phone with half price line rental? Call free now on 0800 0721072 to find out more!,0.030000000000000027,0.97,0.01,0.01,0.72,0.26,0.030000000000000027,0.97,0.01,0.45,0.35,0.16,0.03
Yes.. now only saw your message..,0.98,0.02,0.97,0.01,0.01,0.01,0.97,0.03,0.96,0.03,0.01,0.0,0.0
Yes see ya not on the dot,0.98,0.02,0.97,0.01,0.01,0.01,0.95,0.05,0.96,0.03,0.01,0.0,0.0
Yes but can we meet in town cos will go to gep and then home. You could text at bus stop. And don't worry we'll have finished by march … ish!,0.98,0.02,0.97,0.01,0.01,0.01,0.7,0.3,0.95,0.04,0.01,0.0,0.0
I also thk too fast... Xy suggest one not me. U dun wan it's ok. Going 2 rain leh where got gd.,0.98,0.02,0.97,0.01,0.01,0.01,0.92,0.08,0.93,0.05,0.01,0.005,0.005
That's y we haf to combine n c how lor...,0.97,0.03,0.96,0.01,0.01,0.02,0.95,0.05,0.95,0.03,0.01,0.005,0.005
No I'm in the same boat. Still here at my moms. Check me out on yo. I'm half naked.,0.97,0.03,0.95,0.01,0.02,0.02,0.65,0.35,0.85,0.1,0.04,0.007,0.003
You busy or can I come by at some point and figure out what we're doing tomorrow,0.98,0.02,0.97,0.01,0.01,0.01,0.4,0.6,0.93,0.05,0.01,0.005,0.005
I HAVE A DATE ON SUNDAY WITH WILL!!,0.98,0.02,0.97,0.01,0.01,0.01,0.97,0.03,0.96,0.03,0.005,0.003,0.002
Jamster! To get your free wallpaper text HEART to 88888 now! T&C apply. 16 only. Need Help? Call 08701213186.,0.040000000000000036,0.96,0.01,0.02,0.72,0.25,0.020000000000000018,0.98,0.01,0.3,0.5,0.16,0.03
Update your face book status frequently :),0.94,0.06,0.9,0.02,0.05,0.03,0.75,0.25,0.9,0.08,0.015,0.004,0.001
Should I have picked up a receipt or something earlier,0.97,0.03,0.95,0.02,0.01,0.02,0.75,0.25,0.93,0.05,0.015,0.003,0.002
"Carlos took a while (again), we leave in a minute",0.97,0.03,0.96,0.02,0.01,0.01,0.95,0.05,0.95,0.04,0.01,0.0,0.0
IM GONNA MISS U SO MUCH,0.97,0.03,0.96,0.01,0.01,0.02,0.97,0.03,0.95,0.03,0.01,0.007,0.003
We left already we at orchard now.,0.97,0.03,0.96,0.01,0.01,0.02,0.95,0.05,0.95,0.03,0.01,0.005,0.005
I am joining today formally.Pls keep praying.will talk later.,0.98,0.02,0.97,0.01,0.01,0.01,0.88,0.12,0.94,0.04,0.01,0.005,0.005
Is that on the telly? No its Brdget Jones!,0.98,0.02,0.96,0.01,0.02,0.01,0.95,0.05,0.95,0.04,0.01,0.0,0.0
When are you guys leaving?,0.97,0.03,0.95,0.01,0.01,0.03,0.4,0.6,0.9,0.06,0.03,0.007,0.003
I'm e person who's doing e sms survey...,0.88,0.12,0.8,0.04,0.1,0.06,0.88,0.12,0.78,0.15,0.05,0.015,0.005
"Urgent UR awarded a complimentary trip to EuroDisinc Trav, Aco&Entry41 Or £1000. To claim txt DIS to 87121 18+6*£1.50(moreFrmMob. ShrAcomOrSglSuplt)10, LS1 3AJ",0.020000000000000018,0.98,0.005,0.005,0.12,0.87,0.020000000000000018,0.98,0.01,0.06,0.15,0.5,0.28
"U wake up already? Wat u doing? U picking us up later rite? I'm taking sq825, reaching ard 7 smth 8 like dat. U can check e arrival time. C ya soon...",0.98,0.02,0.97,0.01,0.01,0.01,0.4,0.6,0.95,0.03,0.01,0.005,0.005
"Thanks for your Ringtone Order, Reference T91. You will be charged GBP 4 per week. You can unsubscribe at anytime by calling customer services on 09057039994",0.07999999999999996,0.92,0.01,0.12,0.2,0.67,0.30000000000000004,0.7,0.03,0.1,0.27,0.45,0.15
Lol yeah at this point I guess not,0.97,0.03,0.96,0.01,0.01,0.02,0.97,0.03,0.95,0.03,0.01,0.005,0.005
How do you plan to manage that,0.97,0.03,0.95,0.01,0.01,0.03,0.75,0.25,0.93,0.04,0.02,0.01,0.0
