text,contact__no,contact__yes,identity__no,identity__yes,financial__no,financial__yes,credentials__no,credentials__yes,device__no,device__yes,share_risk__low,share_risk__moderate,share_risk__high
"Update on patient 5628948567526253: The individual, aged 93 years, exhibits green eyes (Eye color: Amber) and height of 138 centimeters. They've shown improved attitude in therapy. For billing matters, please refer to 96753038 under Credit Card Account.",0.97,0.03,0.88,0.12,0.15000000000000002,0.85,0.97,0.03,0.98,0.02,0.1,0.1,0.8
Inviting all 38 years old Male to enhance their coding skills through a rigorous training program at West Emie STEM Hub.,0.98,0.02,0.95,0.05,0.99,0.01,0.99,0.01,0.99,0.01,0.94,0.05,0.01
"Holden, Thank you for your insights on social emotional learning during our last session. We've arranged for a copy of the latest SEL resource to be sent to Suite 846 with charges to your card 6549801056306564.",0.75,0.25,0.09999999999999998,0.9,0.030000000000000027,0.97,0.98,0.02,0.98,0.02,0.01,0.04,0.95
"Maxine, a slight reminder. Please do not share your personal PIN 8308 or account 36223212 details to anyone.",0.97,0.03,0.06999999999999995,0.93,0.09999999999999998,0.9,0.030000000000000027,0.97,0.98,0.02,0.01,0.03,0.96
Adrien_Jaskolski88 will assist with financial software. Update password to tEZuFY7pMenB for full access.,0.97,0.03,0.30000000000000004,0.7,0.97,0.03,0.030000000000000027,0.97,0.98,0.02,0.02,0.06,0.92
I'm the nutritionist for a new Female client. She's 8 years old and about 132 centimeters. She wants a tailored diet plan.,0.98,0.02,0.95,0.05,0.99,0.01,0.99,0.01,0.99,0.01,0.85,0.12,0.03
Alberto_Hudson shared her struggles with balancing her Quality duties and personal life. Recommend setting boundaries and scheduling 'me' time.,0.98,0.02,0.15000000000000002,0.85,0.99,0.01,0.99,0.01,0.99,0.01,0.15,0.83,0.02
Use this 0xb8ed57ef09051b3082cbfca332d10ce66f63a7e9 to pay for your training. Make sure to send the correct amount in Pataca.,0.98,0.02,0.98,0.02,0.040000000000000036,0.96,0.98,0.02,0.98,0.02,0.03,0.02,0.95
"Dear Kathlyn Langosh, on the upcoming 27/05/1909, we will be hosting a live Q&A session regarding recent advances in dermatology. Kindly confirm your availability for the same.",0.98,0.02,0.030000000000000027,0.97,0.99,0.01,0.99,0.01,0.99,0.01,0.06,0.9,0.04
"Reminder to all International Assurance Architect: we will be standardizing courses. We need to pool resources, kindly remit any resources and use your SGD for associated costs.",0.98,0.02,0.98,0.02,0.98,0.02,0.99,0.01,0.99,0.01,0.95,0.04,0.01
Renowned Chief Accounts Assistant Miss London from Ferry - Wolf will speak at a legal education seminar in Livermore. Secure your seat by registering at https://dry-in-laws.info/.,0.96,0.04,0.38,0.62,0.99,0.01,0.99,0.01,0.99,0.01,0.4,0.58,0.02
"Re: Trademark dispute of Johnston and Sons. Complaint has been lodged in Borders, Wisconsin court. Opposition's attorney Vinnie can be reached at 0560-76066548. For settlement details, connect with our in-house attorney at Garett64@yahoo.com.",0.020000000000000018,0.98,0.09999999999999998,0.9,0.98,0.02,0.98,0.02,0.98,0.02,0.03,0.92,0.05
"For privacy reasons, the unique IDs 756.4154.4215 and 5732828644029859 were used in place of students' names during the comparison of their performance in public and private schools.",0.97,0.03,0.5,0.5,0.55,0.45,0.97,0.03,0.97,0.03,0.38,0.07,0.55
Urgent health evaluation needed for Bettye. Increasing stress levels may connect to his difficult role as a Strategist.,0.98,0.02,0.06999999999999995,0.93,0.99,0.01,0.99,0.01,0.99,0.01,0.08,0.9,0.02
"We can work to foster a deeper connection, Miss Aditya.",0.98,0.02,0.06999999999999995,0.93,0.99,0.01,0.99,0.01,0.99,0.01,0.1,0.88,0.02
"As a participant in the academic competitions, Judd, you are expected to attend the workshops. I have reserved a virtual seat for you. To access the session, use your MAC ID: ab:66:15:d9:b4:11 on your device.",0.97,0.03,0.09999999999999998,0.9,0.98,0.02,0.97,0.03,0.030000000000000027,0.97,0.02,0.1,0.88
A warm greeting Dean. Based on your request our clinic at Suite 809 is arranging a doctor's session on sexual and reproductive health. Hope to see you there.,0.8,0.2,0.15000000000000002,0.85,0.98,0.02,0.99,0.01,0.98,0.02,0.2,0.75,0.05
The leadership credentials for the upcoming grant program have been made accessible at 115.184.3.154. We need your insights by 1973-01-24T03:06:46.649Z.,,,,,,,,,,,,,
"For Demi-woman patients, we have added a direct hotline for rapid responses. Please note the number 099-501-2470 for future correspondence. Remember, we're here to support!",0.4,0.6,0.96,0.04,0.98,0.02,0.98,0.02,0.98,0.02,0.42,0.55,0.03
"Hello Erling, have you reviewed the Personal Loan Account? Please confirm your availability to discuss further. Regards, Durgan",0.97,0.03,0.040000000000000036,0.96,0.96,0.04,0.99,0.01,0.99,0.01,0.06,0.9,0.04
"Couldn't have asked for a better teacher than Johnpaul. A true role model to all students, regardless of their Pangender.",0.98,0.02,0.050000000000000044,0.95,0.99,0.01,0.99,0.01,0.99,0.01,0.08,0.9,0.02
Could you explain how the county West Midlands handles cases of fraud involving large amounts of $?,0.99,0.01,0.99,0.01,0.99,0.01,0.99,0.01,0.99,0.01,0.97,0.02,0.01
Career counselling tailored to Male portential in Director role in Saxony-Anhalt available. Contact Weldon31@hotmail.com for detailed information.,0.030000000000000027,0.97,0.7,0.3,0.99,0.01,0.99,0.01,0.99,0.01,0.05,0.92,0.03
"Mrs., the International Human Rights Conference is taking place on 15/09/1944. As a Legacy Accounts Coordinator, your attendance would be greatly beneficial. Use the corporate mastercard card for travel expenses, keeping within the specified budget.",0.97,0.03,0.9,0.1,0.95,0.05,0.98,0.02,0.98,0.02,0.82,0.12,0.06
"Hello Mr. Wilkinson, it's been a pleasure conducting therapy sessions with you. To continue our personalized approach next month, we request you to provide it to us via email at Russ.Durgan64@yahoo.com or call us at 045-7125.1710.",0.020000000000000018,0.98,0.06999999999999995,0.93,0.98,0.02,0.98,0.02,0.98,0.02,0.03,0.9,0.07
"Course enrollment for the next session is due by 12/08/1900. If you are interested in the cardiology module, kindly contact Lyric Ryan. The fees can be wired to LT606040320070664817. Ensure your transfer is complete by 01.",0.96,0.04,0.06999999999999995,0.93,0.030000000000000027,0.97,0.98,0.02,0.98,0.02,0.02,0.06,0.92
Financial report for health expenditure in the locale 23273 will be discussed on 29/05/1990.,0.92,0.08,0.9299999999999999,0.07,0.97,0.03,0.98,0.02,0.98,0.02,0.88,0.09,0.03
"Dear Maymie, the holistic education program for West Donny is a highly coordinated effort. Your suggestions and Marketing expertise would truly make a difference.",0.98,0.02,0.06999999999999995,0.93,0.99,0.01,0.99,0.01,0.99,0.01,0.1,0.88,0.02
"The Risk Department is planning to migrate our servers. We need to check if there will be any potential risk involving the new IP address allocation. As the lead Forward Security Strategist, please run a risk assessment on the IP addresses 45.225.250.85 and fbad:a14f:43c6:afcc:ba9f:9a3c:2c33:ebc2, and report back any findings.",0.97,0.03,0.97,0.03,0.98,0.02,0.98,0.02,0.030000000000000027,0.97,0.05,0.05,0.9
"Marshall, our Investor Assurance Facilitator, will be leading a seminar. The webinar details are available at IP address 44.5.210.6. Registration is free and open for all.",0.96,0.04,0.15000000000000002,0.85,0.98,0.02,0.98,0.02,0.06999999999999995,0.93,0.04,0.3,0.66
Our students living at 4167 or Suite 179 are eligible to attend the upcoming seminar on stress management.,0.7,0.3,0.97,0.03,0.98,0.02,0.98,0.02,0.98,0.02,0.66,0.31,0.03
"Infectious diseases have become a global concern. We are partnering with Jordan's Senior Program Strategist team to tackle this issue. Our new PATH program focuses on identifying and treating diseases in [-41.7421,74.9686] area.",0.97,0.03,0.38,0.62,0.98,0.02,0.98,0.02,0.06999999999999995,0.93,0.04,0.08,0.88
"You are receiving this message in connection with the recent amendments to our business continuity plan. Using Mozilla/5.0 (Windows NT 5.1; rv:8.3) Gecko/20100101 Firefox/8.3.2, please visit the provided link to confirm the address details for our 7292 based in Iowa.",0.95,0.05,0.97,0.03,0.98,0.02,0.98,0.02,0.040000000000000036,0.96,0.08,0.04,0.88
Our global eduction exposure field trip got approved! Transaction number is 7688144296829426. Travel will be to the Southeast region and cover several schools.,0.98,0.02,0.98,0.02,0.8,0.2,0.99,0.01,0.99,0.01,0.78,0.04,0.18
Payment through visa for homeopathic medicine purchase has declined. Please update your 4587172594867838.,0.98,0.02,0.98,0.02,0.030000000000000027,0.97,0.98,0.02,0.99,0.01,0.02,0.02,0.96
Could you please add Male Director in your team to assist in field trips for this upcoming year?,0.98,0.02,0.97,0.03,0.99,0.01,0.99,0.01,0.99,0.01,0.95,0.04,0.01
"Mrs. Cremin, your appointment for marriage counseling with Mrs. Smith on 17/04/1906 has been scheduled. Please use this link https://unwitting-nonbeliever.org/ to join the session. Any questions? Reach out to us at +56-020 925.6350 or Zoie_Heaney66@yahoo.com. Thank you.",0.050000000000000044,0.95,0.050000000000000044,0.95,0.98,0.02,0.98,0.02,0.98,0.02,0.03,0.88,0.09
"Mrs. London, for shipment tracking use the bee6:ec73:f90e:2db9:bece:9d5d:86c1:2edb on our Infrastructure platform. Also, confirm if the transfer amount of $958602.14 has been received.",0.97,0.03,0.12,0.88,0.95,0.05,0.98,0.02,0.040000000000000036,0.96,0.03,0.1,0.87
"Dear Brant, referring to your ICU patient transport request, to verify your credentials, could you please reconfirm the last 4 digits of your card as 6944189316771870?",0.97,0.03,0.09999999999999998,0.9,0.040000000000000036,0.96,0.96,0.04,0.98,0.02,0.01,0.04,0.95
Prepare the £244366.28 payment invoice for the medical imaging services availed by Guido Beatty. Send it to Checking Account.,0.98,0.02,0.030000000000000027,0.97,0.92,0.08,0.99,0.01,0.99,0.01,0.03,0.85,0.12
"Our Pediatric Care services are rated top in the north east region, situated right on Belmont Road. For consultations and appointments, call 7244966433673119.",0.5,0.5,0.97,0.03,0.75,0.25,0.98,0.02,0.98,0.02,0.45,0.35,0.2
The latest data seizure at 96880 brought ilegal exploits of maritime laws into light. Relevant digital data stored under d4f7:ca67:9edd:dea4:4af0:b7df:3523:a380.,0.8,0.2,0.95,0.05,0.97,0.03,0.97,0.03,0.12,0.88,0.25,0.13,0.62
"Research on developmental psychology seeks participants from Cleveland. The study will track progression in spatiotemporal competences. Contact our Internal Communications Associate, Maxie, for more details. +11 306.315-7708.",0.040000000000000036,0.96,0.15000000000000002,0.85,0.98,0.02,0.98,0.02,0.98,0.02,0.05,0.9,0.05
"Mr. 6107088373514366, your secure connection to your patient's data would be through user agent Mozilla/5.0 (Windows; U; Windows NT 6.0)AppleWebKit/533.1.0 (KHTML, like Gecko) Version/4.0.0 Safari/533.1.0 and IP address 27.242.246.12. The server location being [-51.6038,96.264]. Please keep this information confidential.",0.97,0.03,0.85,0.15,0.4,0.6,0.97,0.03,0.020000000000000018,0.98,0.01,0.03,0.96
"We've now shifted our family therapy sessions online. Please ensure fast internet connectivity at home, 168.119.26.247/7fa6:a893:b257:e680:be31:9dec:cf4a:f9ef to ensure seamless communication with our therapists. If you encounter any issues please email us at: Jannie.Bogan@hotmail.com.",0.040000000000000036,0.96,0.15000000000000002,0.85,0.98,0.02,0.98,0.02,0.050000000000000044,0.95,0.02,0.13,0.85
"Urgently need a healthcare specialist Liaison at location [-52.6467,171.9544] for Male patient, aged 10 years. Use fee3:d4cd:ebee:9b3c:c4bd:c18c:fdca:f80c for secure comms.",0.94,0.06,0.95,0.05,0.98,0.02,0.98,0.02,0.030000000000000027,0.97,0.04,0.06,0.9
"After meeting with Gunner and discussing her role as a Principal Interactions Specialist in Huels Inc, I am excited to provide her with the career guidance she needs to excel. Her dedication to her work in the company is commendable.",0.98,0.02,0.09999999999999998,0.9,0.99,0.01,0.99,0.01,0.99,0.01,0.15,0.83,0.02
"Kindly note that all data and transactions will be audited. For instance, payments made via 1657994969108133 issued by discover or transactions made using the bitcoin address 1bh9WPAsP6Nj4cYj7RApeGKgtJbkgb6fP2B will be accounted for. Any discrepancy should be reported immediately to your supervisor.",0.98,0.02,0.97,0.03,0.020000000000000018,0.98,0.98,0.02,0.98,0.02,0.02,0.02,0.96
"Bessie, sharing with you a few healthy eating habits to sustain during exams. Check your Rosella_Kertzmann73@hotmail.com for information.",0.030000000000000027,0.97,0.050000000000000044,0.95,0.98,0.02,0.98,0.02,0.98,0.02,0.04,0.9,0.06
Our Public Health Initiative powered by 0xb43c27f06efd2be953c8b1a0b85ddf8ee5ba06e1 is launching soon. Keep your eyes on our 200.236.23.152 for further details.,0.97,0.03,0.97,0.03,0.040000000000000036,0.96,0.98,0.02,0.050000000000000044,0.95,0.03,0.03,0.94
"Dear Jaleel, keep informed our Legal Affairs Department regarding the medicines approved for Murray. We just received a lawsuit in Myrtlefort. Make sure to secure the company's intellectual property and mask sensitive data.",0.98,0.02,0.06999999999999995,0.93,0.99,0.01,0.99,0.01,0.99,0.01,0.1,0.85,0.05
"From Louisiana, I've been invited to talk about Social Emotional Learning at 796.",0.97,0.03,0.97,0.03,0.99,0.01,0.99,0.01,0.98,0.02,0.93,0.05,0.02
We have organised a seminar on 'cryptocurrencies in education'. Speaker's note will cover how bitcoin addresses like 3XCi7Ucs6pJGArM34eSY9RyxioHxd8j1FvBN5HX convert into real currencies like Won. Do join us.,0.97,0.03,0.97,0.03,0.30000000000000004,0.7,0.98,0.02,0.97,0.03,0.3,0.05,0.65
"""Our Creative sector requires a detailed Business Continuity Plan. Rory.Weimann25, I would like your team to prepare it by 18/01/1956.""",0.95,0.05,0.15000000000000002,0.85,0.98,0.02,0.98,0.02,0.98,0.02,0.15,0.78,0.07
"As the Principal Solutions Architect for Altenwerth LLC, Daron should receive specialized psychoanalysis according to her role in Configuration.",0.98,0.02,0.06999999999999995,0.93,0.99,0.01,0.99,0.01,0.99,0.01,0.1,0.87,0.03
Paramedics identified female patient Lon showing symptoms of a stroke. She was rushed immediately for medical attention. Stable but breathing problem persists. Her case has been registered under her social security number - 518-29-4370.,0.98,0.02,0.020000000000000018,0.98,0.99,0.01,0.99,0.01,0.99,0.01,0.01,0.04,0.95
User Sonny61 unauthorizedly accessed the halls of residence's wifi-network from IP a3d6:7fe0:1bff:4cca:7db6:2b3b:de71:b65e during a test conducted in 94413's area. campus,0.7,0.3,0.6,0.4,0.98,0.02,0.98,0.02,0.040000000000000036,0.96,0.05,0.1,0.85
"Multigender Developer at 21383 S High Street in Worcestershire, state of Georgia. Please provide SSN 75674893841 and DOB 1927-08-11T22:01:28.308Z for verification.",0.06999999999999995,0.93,0.030000000000000027,0.97,0.98,0.02,0.98,0.02,0.98,0.02,0.01,0.03,0.96
Diagnostic configurations for MAC address 58:54:fb:c2:d0:0f have been adjusted. Please reset your password using encrypted link sent to 7ebd:9cfc:afab:3e6c:7faa:2ab5:f5c0:1286.,0.97,0.03,0.98,0.02,0.98,0.02,0.96,0.04,0.020000000000000018,0.98,0.05,0.05,0.9
"Your health record password is WgksJFY4PdvG, you can log in using Mozilla/5.0 (X11; Linux x86_64; rv:8.5) Gecko/20100101 Firefox/8.5.9, and check your preventive medicine progress.",0.98,0.02,0.97,0.03,0.99,0.01,0.020000000000000018,0.98,0.050000000000000044,0.95,0.01,0.02,0.97
I got a job offer for a Future Integration Technician role at Trantow - Wiegand. Can I discuss the offer with you?,0.99,0.01,0.98,0.02,0.99,0.01,0.99,0.01,0.99,0.01,0.96,0.03,0.01
"Share the findings of the recent market research at the team meeting, Nicklaus. Meeting is scheduled for 14/10/1948.",0.97,0.03,0.06999999999999995,0.93,0.98,0.02,0.98,0.02,0.98,0.02,0.12,0.82,0.06
"Hello Willard, I came across this brilliant alternative medicine tool, it can be operated from your device with the user agent Mozilla/5.0 (Macintosh; Intel Mac OS X 10_5_0)  AppleWebKit/536.1.1 (KHTML, like Gecko) Chrome/18.0.885.0 Safari/536.1.1.",0.98,0.02,0.06999999999999995,0.93,0.99,0.01,0.99,0.01,0.030000000000000027,0.97,0.03,0.12,0.85
"At Pfannerstill Inc, our records indicate that the demand for rheumatologists is steadily increasing in Brandenburg.",0.98,0.02,0.97,0.03,0.99,0.01,0.99,0.01,0.99,0.01,0.95,0.04,0.01
"""Dear Nicholas_Hoeger8, we need to analyze the effect of demographic factors such as Male, 12 years old, 1.3 m, and Hazel on global health outcomes. This involves extensive research and in-depth insights. Let's meet at 2 AM to discuss.""",0.97,0.03,0.25,0.75,0.99,0.01,0.99,0.01,0.99,0.01,0.28,0.69,0.03
"Dear Elliot, we became aware of a payment of ƒ726313 from your account number 20807039 that's linked to Bitcoin account number 3HBSqUZn9efXpVJaH8Zp17YVEDEGC. This might be related to a potential academic dishonesty violation.",0.97,0.03,0.06999999999999995,0.93,0.020000000000000018,0.98,0.98,0.02,0.98,0.02,0.01,0.03,0.96
"Lastly, the profits from the 'Art in Education' project will be donated towards education of underprivileged in form of Libyan Dinar (EGP), after conversion.",0.99,0.01,0.98,0.02,0.99,0.01,0.99,0.01,0.99,0.01,0.96,0.03,0.01
"Need help studying for Optimization exam. Can I borrow your notes, Colby?",0.99,0.01,0.06999999999999995,0.93,0.99,0.01,0.99,0.01,0.99,0.01,0.1,0.88,0.02
"Hey Louisa, as per our conversation, Dr. Shannon will be your dietician, you will receive a daily/Southeast diet chart from her.",0.98,0.02,0.050000000000000044,0.95,0.99,0.01,0.99,0.01,0.99,0.01,0.1,0.87,0.03
"I am concerned about our data security measures, especially with the increasing reliance on online systems. We need to update our cURRKG_PXWt4 regularly and ensure all accesses are tracked by b17b:7f09:fa9a:d121:23ec:a4b4:b08c:795a addresses.",0.97,0.03,0.97,0.03,0.97,0.03,0.5,0.5,0.07999999999999996,0.92,0.06,0.06,0.88
"Client: Megane Ward, our palliative care team will meet you as per the schedule on 25/09/1901 at your Apt. 115 location.",0.6,0.4,0.030000000000000027,0.97,0.98,0.02,0.98,0.02,0.97,0.03,0.04,0.82,0.14
Trusted mental health care provider in Suite Apt. 223 is now accepting CAD payment for consultations.,0.78,0.22,0.97,0.03,0.97,0.03,0.99,0.01,0.98,0.02,0.78,0.2,0.02
International Factors Executive Mohammad West will speak to the upcoming Grade 12 students regarding career paths. They will use student data encrypted as 7152465430553164 for illustration.,0.97,0.03,0.06999999999999995,0.93,0.44999999999999996,0.55,0.96,0.04,0.97,0.03,0.04,0.42,0.54
"Dear James, as our main speaker in the field of mental health advocacy, we need your approval for the revised agenda document. Kindly check your Auto Loan Account, a notification has been sent to you.",0.97,0.03,0.15000000000000002,0.85,0.96,0.04,0.98,0.02,0.98,0.02,0.2,0.75,0.05
"You will need access to [-89.185,-144.1449] for the genetic testing process. If there's any issue, please contact your appointed Engineer.",0.97,0.03,0.97,0.03,0.98,0.02,0.98,0.02,0.09999999999999998,0.9,0.1,0.05,0.85
Can teachers in Dorotheaton share examples of how they've integrated psycho-educational interventions in their classrooms? Academicians can submit their inputs at our survey portal https://fluffy-sty.name/,0.97,0.03,0.98,0.02,0.99,0.01,0.99,0.01,0.99,0.01,0.95,0.04,0.01
"Before downloading an app or game, check user reviews. Don't download if comments mention personal data leaks like 68-106929-965654-7 or (427).5145181.",0.15000000000000002,0.85,0.95,0.05,0.95,0.05,0.98,0.02,0.19999999999999996,0.8,0.08,0.25,0.67
"Ms. Reilly, could I have your permission to access your work log for the past month? I am conducting an internal assessment, and your data is a crucial part of the analysis.",0.98,0.02,0.15000000000000002,0.85,0.99,0.01,0.99,0.01,0.99,0.01,0.2,0.78,0.02
"Students have had exceptional results from Ms. Hyatt's classes. School Board requests Mr. Aufderhar-Gorczany's details for teacher of the year. Namely, brown and 94 centimeters.",0.97,0.03,0.06999999999999995,0.93,0.98,0.02,0.98,0.02,0.98,0.02,0.1,0.86,0.04
Iliana_Dicki feels overwhelmed with her Operations which could lead to burnout. Therapy to focus on self-care and setting boundaries.,0.98,0.02,0.050000000000000044,0.95,0.99,0.01,0.99,0.01,0.99,0.01,0.08,0.85,0.07
"Kendall, please note that we've got new Oncology software available. To gain access, you will need your login (located within ffd2:0ebc:a53c:65dd:cbcd:5dda:baeb:ddeb) and your password 'bRGtVddezFhL'. Remember to update your secondary email address to 3aPWNqB6UfLJrvHziCKVRfy5eqFyGHTg1U7 too.",0.88,0.12,0.30000000000000004,0.7,0.44999999999999996,0.55,0.020000000000000018,0.98,0.050000000000000044,0.95,0.01,0.03,0.96
"In recent course iterations, I've included more contemporary subjects within the Social Studies curriculum. For example, the rise of cryptos such as Bitcoin led me to add information about Bitcoin and Ethereum, along with typical addresses (3hhWBgqNKG6RbbQj5YJLcwHFfB, 0xc8a3c3bd872a2aea38c86a2714eca260c4ac8f6b).",0.97,0.03,0.97,0.03,0.30000000000000004,0.7,0.98,0.02,0.97,0.03,0.32,0.08,0.6
Data from our recent survey in Fort Domingoburgh showed Female have a strong incline towards private schooling.,0.98,0.02,0.97,0.03,0.99,0.01,0.99,0.01,0.99,0.01,0.95,0.04,0.01
Patients of age 16 years don't have access to the healthcare services provided by Bayer Inc. What steps are planned to improve the service in our 62613-7957 region?,0.7,0.3,0.95,0.05,0.98,0.02,0.98,0.02,0.96,0.04,0.68,0.28,0.04
The student art projects are stored in the 53449 room. Main focus is to promote Apt. 888 programs.,0.85,0.15,0.97,0.03,0.98,0.02,0.98,0.02,0.98,0.02,0.83,0.15,0.02
"A civil rights case from Greater Manchester, Mississippi is focusing on the unauthorized usage of client's IP addresses: 95.168.214.51, 0aad:12fd:b89a:be3c:ba8e:3cb1:b9c4:e4fe. This has shown to infringe privacy rights as the client's location was illegally tracked.",0.97,0.03,0.97,0.03,0.99,0.01,0.99,0.01,0.020000000000000018,0.98,0.05,0.05,0.9
"Dear Male, would it be possible for you to review the lawsuit against an international sportswear company and provide a brief that includes previous rulings and similar cases? Please remember to conduct this using a secured connection (84:98:04:66:b0:ae).",0.97,0.03,0.44999999999999996,0.55,0.98,0.02,0.98,0.02,0.050000000000000044,0.95,0.05,0.08,0.87
Yasmin Extension franchise detected multiple sign-ins from 137.136.189.98. Please reset your passwords and contact us at 38944481.,0.4,0.6,0.7,0.3,0.97,0.03,0.95,0.05,0.040000000000000036,0.96,0.05,0.15,0.8
"""Dear Dr. Stroman, we need to update our records as per the new Employment Law regulations. May we ask you to confirm if 'Savings Account' is your current bank account type and 51876172 is your bank account number?""",0.97,0.03,0.15000000000000002,0.85,0.040000000000000036,0.96,0.98,0.02,0.98,0.02,0.02,0.05,0.93
"""An unidentified vehicle with VIN 566XRSVZDVTE72750 has been parked near Southwest gate since 1905-11-13T17:07:35.783Z. The owner must contact Campus Safety.""",0.98,0.02,0.97,0.03,0.99,0.01,0.99,0.01,0.030000000000000027,0.97,0.05,0.1,0.85
"Hello Queenie just calling to let you know that an authorization PIN code has been sent to your device with IMEI 27-646815-861497-0, please acknowledge upon receipt!",0.97,0.03,0.09999999999999998,0.9,0.98,0.02,0.92,0.08,0.030000000000000027,0.97,0.02,0.13,0.85
"In geriatric medicine field, location matters because the elderly can't travel much. Our service extends Southwest till 61550-5060.",0.7,0.3,0.97,0.03,0.98,0.02,0.98,0.02,0.97,0.03,0.68,0.3,0.02
"Adrien_Shanahan, our annual health check-up is scheduled for 1/72 and 6/22. This year we're focusing on the relationship between physical fitness and mental health. We're looking forward to your participation!",0.97,0.03,0.06999999999999995,0.93,0.99,0.01,0.99,0.01,0.99,0.01,0.1,0.87,0.03
"Dear Doctor Hettinger, we have a Female patient named Braxton with a height of 4'6"". She prefers the conversation to be held in a lower tone due to her age, 20 years.",0.97,0.03,0.06999999999999995,0.93,0.99,0.01,0.99,0.01,0.99,0.01,0.1,0.85,0.05
"In case of any discrepancies in the registration process, contact our help center available from 2:26am or send us an email at support@Lizzie_Kuphal@gmail.com.com mentioning your student ID and query.",0.09999999999999998,0.9,0.4,0.6,0.98,0.02,0.98,0.02,0.98,0.02,0.12,0.83,0.05
"I work as an Orchestrator from 15 o'clock, do you offer sessions after my work hours?",0.99,0.01,0.98,0.02,0.99,0.01,0.99,0.01,0.99,0.01,0.96,0.03,0.01
"In our next Web departmental meeting, we are discussing ethical implications of storing digital health records (01-255784-572922-2, (241) 3837766, 900 27 4787). Your presence Anissa would be valuable.",0.12,0.88,0.09999999999999998,0.9,0.6,0.4,0.97,0.03,0.97,0.03,0.03,0.3,0.67
"We would like to confirm your appointment for cognitive therapy with Internal Infrastructure Producer Hadley on 20/11/2002 at 8486, Stone Coves, Warren County. In case of any queries or changes feel free to email us at Angus_Cartwright5@yahoo.com or contact us at 93-581781-580842-0.",0.030000000000000027,0.97,0.09999999999999998,0.9,0.97,0.03,0.98,0.02,0.98,0.02,0.03,0.85,0.12
"We visited Brendan Camp on 1935-12-10T02:08:50.043Z regarding enquiries about SF47YPM. Will report to Paucek, Crist and Wiegand soon.",0.97,0.03,0.15000000000000002,0.85,0.98,0.02,0.98,0.02,0.15000000000000002,0.85,0.05,0.15,0.8
"Hi there, we need to start rebuilding our HR database. Could you please gather and organise all of our Security personnel's data, starting with Jettie.Stroman72's file?",0.95,0.05,0.19999999999999996,0.8,0.98,0.02,0.98,0.02,0.98,0.02,0.22,0.73,0.05
"Dear Kamryn, Given your Female and your experiences, I believe that your story could greatly motivate our students to continue their academic pursuits in STEM. We are particularly interested in your journey.",0.98,0.02,0.06999999999999995,0.93,0.99,0.01,0.99,0.01,0.99,0.01,0.12,0.85,0.03
"Dear Trans, we anticipate your contributions in the upcoming Arts in Education initiative. We hope to hear from you soon - Thiel - Gerhold's line is 97-622956-907554-7.",0.12,0.88,0.06999999999999995,0.93,0.97,0.03,0.98,0.02,0.98,0.02,0.06,0.88,0.06
Transferring KWD₮9485480198177463 to the palliative care account today.,0.98,0.02,0.97,0.03,0.65,0.35,0.98,0.02,0.98,0.02,0.6,0.05,0.35
We're about to receive a new BIO Vaccination funding transaction. The deposit to 97528706 will be done through our 100.138.162.61. Be alert for updates.,0.97,0.03,0.96,0.04,0.19999999999999996,0.8,0.98,0.02,0.06999999999999995,0.93,0.04,0.04,0.92
"Dear Casimer63, we noticed an unauthorized access attempt from d18f:bd5f:2416:d32c:5ad2:9ea3:1a1e:07b9 to our company's financial data. As a International Solutions Associate, please investigate the issue.",0.97,0.03,0.6,0.4,0.97,0.03,0.98,0.02,0.040000000000000036,0.96,0.05,0.15,0.8
"Jermaine, as a Lead Metrics Director in our Cardiology division, you will present our findings at the next meeting. Please, be prepared.",0.98,0.02,0.09999999999999998,0.9,0.99,0.01,0.99,0.01,0.99,0.01,0.2,0.78,0.02
"To continue with our patent registration process, please send the payment of 0.0b Ouguiya from your account 06261340 to our Ethereum address 0x4cbaac1bdd9f9628e57e0bdfccea8edb8cf5a383.",0.97,0.03,0.97,0.03,0.030000000000000027,0.97,0.98,0.02,0.98,0.02,0.02,0.03,0.95
"Your insurance details are essential for us. The primary provider is Home Loan Account, and the policy covers up to Turkish Lira $. The PIN for the insurance is 9785 and it expires on 18th September.",0.98,0.02,0.95,0.05,0.92,0.08,0.040000000000000036,0.96,0.99,0.01,0.03,0.05,0.92
"As an addiction treatment center, we strive to provide optimal services. You're expected to process payments online via 4786796276315465, visa. Use CVV 448. Receipt will be sent to Kaylie65@gmail.com.",0.030000000000000027,0.97,0.75,0.25,0.010000000000000009,0.99,0.97,0.03,0.98,0.02,0.005,0.01,0.985
"Attn: Greer, we need you to conduct a comprehensive study analyzing the impact of industrial culture on employee motivation. Please use your account Money Market Account for any necessary purchases and keep track of all transactions for auditing purposes.",0.97,0.03,0.15000000000000002,0.85,0.9,0.1,0.98,0.02,0.98,0.02,0.20000000000000004,0.7000000000000001,0.10000000000000002
Ensure if the IBAN KW26DNOCKH26J1541545L94649Q466 and our client's masked credit number 7432853492517674 comply with EU's General Data Protection Regulation (GDPR).,0.98,0.02,0.97,0.03,0.020000000000000018,0.98,0.98,0.02,0.98,0.02,0.02,0.03,0.95
"Hi Team,

I noticed that the N Elm Street project had some several quality assurance discrepancies. The detailed information is available at https://powerful-ferryboat.com/",0.97,0.03,0.98,0.02,0.99,0.01,0.99,0.01,0.98,0.02,0.94,0.05,0.01
Our objective is to provide better healthcare access to individuals like Mrs. Weber. She lives at 67211 in Schaefermouth and works as a Forward Research Officer. Email her at Darian_Hammes@gmail.com or call +825.016-015-0492.,0.020000000000000018,0.98,0.06999999999999995,0.93,0.98,0.02,0.98,0.02,0.97,0.03,0.03,0.9,0.07
"Hello Luisa, we're organizing an event on preventive healthcare at our Delano office. It will take place on 10/23 at 12:07. Please find our location via [80.1658,46.8897].",0.95,0.05,0.050000000000000044,0.95,0.99,0.01,0.99,0.01,0.06999999999999995,0.93,0.03,0.22,0.75
"Hello Cisgender female, Please deliver the new batch of medicines to the address registered at IP b82b:7aa7:c2e4:eac4:d4fb:6bd2:ddff:5afe during your shift hours.",0.96,0.04,0.96,0.04,0.98,0.02,0.98,0.02,0.030000000000000027,0.97,0.05,0.07,0.88
"In Friuli-Venezia Giulia, there is a 09562-9455 where many Female individuals, particularly those of 30, are struggling with healthcare accessibility.",0.65,0.35,0.95,0.05,0.98,0.02,0.98,0.02,0.97,0.03,0.6,0.35,0.05
"Destiny15, we're looking into potential ethical concerns around confidential information storage. Could you provide your device's IMEI number 08-938976-195528-6 for our records?",0.97,0.03,0.6,0.4,0.98,0.02,0.98,0.02,0.040000000000000036,0.96,0.02,0.05,0.93
"Jerad, Your height of 98 cm makes you perfect for handling our decorations. We need volunteers.",0.98,0.02,0.09999999999999998,0.9,0.99,0.01,0.99,0.01,0.99,0.01,0.15,0.82,0.03
"Suite 433: Fall risk identified in 72 years Cisgender female, kinectrical inquiry set in motion.",0.92,0.08,0.94,0.06,0.99,0.01,0.99,0.01,0.99,0.01,0.85,0.12,0.03
"Pay your STEM camp fees at Suite 103. We accept checks, Tenge and transfers to HU59813142198019065401700083.",0.85,0.15,0.97,0.03,0.030000000000000027,0.97,0.98,0.02,0.98,0.02,0.03,0.05,0.92
"Dear Kali, we would like to congratulate you on your promotion to the role of Corporate Response Consultant. We hope you will bring rejuvenation to our Web sector. More details will be discussed on 19/07/1932 via the URL https://cylindrical-disease.biz/.",0.96,0.04,0.09999999999999998,0.9,0.99,0.01,0.99,0.01,0.98,0.02,0.15,0.82,0.03
"Hello Rory, Your appointment is booked at [59.4299,-56.4781] Rehabilitation Center for 28/07/2001. For payment details connect to our secure wifi: MAC Address fa:9b:af:5b:19:a4, and use PASSWORD: 06GxMYJrG1L0.",0.95,0.05,0.09999999999999998,0.9,0.97,0.03,0.030000000000000027,0.97,0.020000000000000018,0.98,0.01,0.04,0.95
Our medical device for Woman is popular in Newfoundland and Labrador. We just closed a deal in West Jedside to sell a huge lot. Details are available at https://outgoing-achievement.net.,0.97,0.03,0.97,0.03,0.99,0.01,0.99,0.01,0.98,0.02,0.95,0.04,0.01
Your session on Sexual Education for Female scheduled on 1939-11-12T23:58:43.256Z. Room Apt. 791.,0.85,0.15,0.9299999999999999,0.07,0.98,0.02,0.98,0.02,0.98,0.02,0.8,0.17,0.03
We confirm the receipt of Kwacha via your credit card 3603389597184553.,0.98,0.02,0.98,0.02,0.020000000000000018,0.98,0.99,0.01,0.99,0.01,0.01,0.02,0.97
"Could you provide insights on spending Swiss Franc0.3474m on digital marketing in West Midlands? In our Money Market Account, it seemed to be a promising area.",0.98,0.02,0.98,0.02,0.96,0.04,0.99,0.01,0.99,0.01,0.93,0.04,0.03
"Hi Dr. Kulas, Patient Ruby's data has been updated. Can you look on it  on the computer with 129.217.239.51 address when possible? If you forgot, the access is the usual one LBWxtfkoGbMF. Thanks!",,,,,,,,,,,,,
"We have received a payment from a new Bitcoin address, 16jJ8YZTomK5sJ9vKjjoJodUZWARPwuFXH. Please update the billing information for patient with SSN 892-36-7433.",0.98,0.02,0.030000000000000027,0.97,0.040000000000000036,0.96,0.98,0.02,0.98,0.02,0.01,0.02,0.97
Examine the financial records associated with Officer at our New Wayne County branch.,0.98,0.02,0.92,0.08,0.97,0.03,0.99,0.01,0.99,0.01,0.9,0.08,0.02
"Dear Sir/Madam, This is an annual report of our Intensive Care Unit (ICU). In this report, you'll find the summarized health status of our patients, provided by the attending nurses for the patients' families. We have also gathered the data obtained from our devices (IP: 152.57.40.44 or d89a:7ad3:fc0b:bf2f:781d:6cdb:8f2a:c4b8), that were used in admitting the Dyfed cases of infection.",0.98,0.02,0.95,0.05,0.99,0.01,0.99,0.01,0.030000000000000027,0.97,0.05,0.05,0.9
"A novelty medication (tracked by 50-887607-427952-2) has been prescribed to you post your surgical procedure. This has been classified under patient 756.8208.2253 with user agent Mozilla/5.0 (X11; Linux x86_64 AppleWebKit/533.0.2 (KHTML, like Gecko) Chrome/28.0.832.0 Safari/533.0.2.",0.97,0.03,0.5,0.5,0.96,0.04,0.98,0.02,0.040000000000000036,0.96,0.03,0.07,0.9
Want teens to embrace healthy habits? Sex education is key! Make donations easily in Kip via 1rMP1zF7St3Z4U2YreJhAJ1hRu and contribute to a safer growing up environment!,0.97,0.03,0.97,0.03,0.12,0.88,0.98,0.02,0.98,0.02,0.1,0.05,0.85
You are required to exchange the involved amount in the account 17886681 with the currency code KWD. This might be necessary in compliance with the rulings of the arbitration.,0.97,0.03,0.96,0.04,0.09999999999999998,0.9,0.98,0.02,0.98,0.02,0.08,0.05,0.87
"As part of our hospital protocol, we have updated our primary care patients' records. We need to validate the information for Herman Reign Dooley with SSN 75662296267.",0.98,0.02,0.010000000000000009,0.99,0.98,0.02,0.99,0.01,0.99,0.01,0.01,0.03,0.96
An urgent consultation from Dr. Kutch in Cardiac Electrophysiology is required. Find more information at https://interesting-sprinter.net. Account number 05583980 has been designated for covering any accompanying costs.,0.95,0.05,0.15000000000000002,0.85,0.28,0.72,0.98,0.02,0.98,0.02,0.04,0.36,0.6
"Hello Valerie, please provide your transportation details. Specifically your RDEB22R814B349339.",0.97,0.03,0.09999999999999998,0.9,0.96,0.04,0.98,0.02,0.18000000000000005,0.82,0.03,0.22,0.75
Good day! We've got a shipment of new STEM textbooks on the way to our Southeast branch. Please acquire them using our account at IL559204170040021260235.,0.97,0.03,0.97,0.03,0.040000000000000036,0.96,0.98,0.02,0.98,0.02,0.03,0.03,0.94
"Dear patient Fredrick, your dental surgery on 28/07/1943 is successfully scheduled. The amount due post-insurance claim is ¥276k. Kindly make the necessary payment arrangements. Thank you.",0.97,0.03,0.040000000000000036,0.96,0.96,0.04,0.98,0.02,0.98,0.02,0.08000000000000002,0.8400000000000001,0.08000000000000002
"Patients payment details for ICU Room 1140, Trigender. Transaction id: e819:601e:c6a9:9dfb:91d1:e274:69bf:8ffe. Please process.",0.97,0.03,0.92,0.08,0.85,0.15,0.98,0.02,0.4,0.6,0.38,0.1,0.52
"Transaction for next month's treatment is complete. Card issuer: discover, last digits of card: 4600416808485251.",0.98,0.02,0.97,0.03,0.050000000000000044,0.95,0.98,0.02,0.98,0.02,0.04,0.03,0.93
Your child's SSN is kept confidential (810 68 9211). You can make payments to the Ethereum address 0x52d20aa9acb22abf1dbf7528a86efac0b5999a78. Your information is processed securely via d08c:fec9:9afc:8ded:a1eb:89cb:fb6d:afa0 and our server recognizes your dd:09:97:92:9b:41 address.,0.97,0.03,0.06999999999999995,0.93,0.030000000000000027,0.97,0.98,0.02,0.030000000000000027,0.97,0.01,0.02,0.97
"The payment transaction from Demarco's Ethereum address, 0xcac51ecd8b62186d45bb812575c96b424b5a685a, successfully came through. The paid amount is equivalent to 921.0k in Tenge.",0.97,0.03,0.15000000000000002,0.85,0.030000000000000027,0.97,0.98,0.02,0.98,0.02,0.02,0.05,0.93
"We need to track medical devices being connected to our surgical network. The following MAC addresses, (ff:f4:05:6a:90:37,33:46:b0:eb:a3:04), will be white-listed. Protect privacy of patient Male to female in adherence to HIPAA guidelines, by keeping her 477 52 9806 confidential.",0.97,0.03,0.09999999999999998,0.9,0.97,0.03,0.98,0.02,0.030000000000000027,0.97,0.02,0.05,0.93
"Alert: Attempted unauthorized login detected on diagnostic tools. IP address f011:3ed9:e27b:fb7c:5ddb:4a4b:dd03:1a6a. User information: Mozilla/5.0 (Windows; U; Windows NT 5.3) AppleWebKit/534.0.2 (KHTML, like Gecko) Chrome/27.0.884.0 Safari/534.0.2 are recorded for any future probe.",0.98,0.02,0.98,0.02,0.99,0.01,0.99,0.01,0.020000000000000018,0.98,0.05,0.05,0.9
"Dr. Lockman, your scheduled emergency drill in Yostmouth is on 1950-11-13T20:26:05.654Z at 20. Please make sure all your emergency medical team attend the drill at the designated location.",0.97,0.03,0.09999999999999998,0.9,0.99,0.01,0.99,0.01,0.98,0.02,0.15,0.82,0.03
"For our new telemedicine service, we will need to validate your insurance. Please provide your Auto Loan Account and 67061973.",0.97,0.03,0.95,0.05,0.44999999999999996,0.55,0.92,0.08,0.97,0.03,0.4,0.05,0.55
"In Logan County, patient Ariane Will has applied for sensitive medical procedure. We need info about possible current treatments & medical history. Please respond with informed consent and remember to mask sensitive data like 880 16 7837, 27th May.",0.95,0.05,0.020000000000000018,0.98,0.97,0.03,0.98,0.02,0.98,0.02,0.01,0.14,0.85
"Hello Kellen, Please provide your account number IL410529945007004960662 for processing the stipend for your medical training.",0.98,0.02,0.06999999999999995,0.93,0.020000000000000018,0.98,0.99,0.01,0.99,0.01,0.01,0.03,0.96
"If you choose to pay in Russian Ruble, your total fee will be calculated based on the current exchange rate. We also accept payments in cryptocurrencies. Here is our Litecoin address if needed: MKgXf5NvuT5icx6bZpvFUnXBFBoNiU4.",0.98,0.02,0.98,0.02,0.040000000000000036,0.96,0.99,0.01,0.99,0.01,0.04,0.03,0.93
"Hi Lead Program Consultant, Request to check your company's fleet vehicle 982R9D8TBLNR83101 records. Please confirm if there's a lease agreement associated with the mentioned VIN.",0.98,0.02,0.97,0.03,0.98,0.02,0.99,0.01,0.040000000000000036,0.96,0.08,0.04,0.88
"As part of the Project Management team, Koby_Zieme93, you might need to make overseas payments for project resources. For these transactions, you have been authorized to use the corporate IBAN PK49NDGO6036001342406487.",0.97,0.03,0.44999999999999996,0.55,0.050000000000000044,0.95,0.98,0.02,0.98,0.02,0.04,0.06,0.9
Take the first step towards better mental health with our mindfulness therapy sessions by Maddison Runolfsdottir.,0.98,0.02,0.040000000000000036,0.96,0.99,0.01,0.99,0.01,0.99,0.01,0.12,0.86,0.02
"To increase student awareness on mental wellbeing, Maybelle from Pike County Mental Health Services should give a seminar. If there are any charges add them to 5940683763132874.",0.96,0.04,0.06999999999999995,0.93,0.07999999999999996,0.92,0.98,0.02,0.98,0.02,0.03,0.08,0.89
"Hello Omer, we recently found an IPv6 address 7eb4:e75d:5a0b:dfb6:fcc6:4de7:7d34:b659 and an IPv4 237.228.208.1. Could you cross-reference these IPs with potential competitors and analyze their business strategy?",0.97,0.03,0.12,0.88,0.98,0.02,0.98,0.02,0.030000000000000027,0.97,0.03,0.12,0.85
"We have a team of Planner experts that would conduct the psycho-oncology exchange in Lake Emmyhaven. 1988-06-01T14:20:01.392Z is the date we have proposed for this. Would that be suitable for you, Rosemary_Padberg?",0.97,0.03,0.09999999999999998,0.9,0.98,0.02,0.98,0.02,0.97,0.03,0.12,0.84,0.04
"Dear Theodora, we're glad to inform you that your application for rotation at Warren County Hospital has been accepted. Congratulations!",0.98,0.02,0.030000000000000027,0.97,0.99,0.01,0.99,0.01,0.99,0.01,0.08,0.9,0.02
"Anonymous 0.001bLBP donation to fund research on Lake County's outbreak. Transaction via 1SuFbwcBDhiqoKj1Po7UemozUP4v3G, much appreciated!",0.98,0.02,0.97,0.03,0.06999999999999995,0.93,0.99,0.01,0.98,0.02,0.06,0.04,0.9
I need to do some transactions related to our occupational therapy department using Bitcoin. Could you please send me the Bitcoin address 1ouvKFC1YpK2ZU7FtdQk4NC52Y7cNRU5U along with the PIN 2401 for verification purpose?,0.97,0.03,0.97,0.03,0.030000000000000027,0.97,0.040000000000000036,0.96,0.98,0.02,0.01,0.02,0.97
"Dear Human Group Producer Applicant, before we proceed with the next steps, could you please provide us with your personal details such as SSN 756.3844.7087 for data verification? Our preferred way of communication is through IP Phone contact 217.247.180.63.",0.7,0.3,0.06999999999999995,0.93,0.97,0.03,0.98,0.02,0.09999999999999998,0.9,0.02,0.05,0.93
"Good day, Clint. Your library account password has expired. Please set a new password. Your new initial password: hso2Flhtj4MR.",0.98,0.02,0.15000000000000002,0.85,0.99,0.01,0.020000000000000018,0.98,0.99,0.01,0.01,0.04,0.95
"Part of the life skills curriculum is about personal privacy. Never disclose sensitive health info such as 140centimeters, blue, and your Male. Your personal info is an important asset.",0.98,0.02,0.95,0.05,0.99,0.01,0.99,0.01,0.99,0.01,0.9,0.08,0.02
Your dental services will be taken care of at our Judson Loaf clinic by our trained experts. Prepare payment of MWKkr400 to 0xfc7d4d7960a49ba57df7f7ffafd6430faa244dca.,0.97,0.03,0.7,0.3,0.040000000000000036,0.96,0.98,0.02,0.98,0.02,0.03,0.05,0.92
"Dear Modesto, to secure your dental surgery slot, please provide your signed consent along with the payment details of your diners_club card 5567586621722495.",0.97,0.03,0.06999999999999995,0.93,0.030000000000000027,0.97,0.98,0.02,0.98,0.02,0.01,0.04,0.95
"Good day, Miss Lang. Our legal tech team would need your Bitcoin address: 3cS2f2VeAX2vSZjQWaeeqFbm9gorxgMKaLwsP for the upcoming cryptocurrency law project.",0.97,0.03,0.15000000000000002,0.85,0.030000000000000027,0.97,0.98,0.02,0.98,0.02,0.02,0.05,0.93
"Dear Felicity, I am writing to inform you that the roundtable discussion on modern Educational Leadership practices is booked for 1/00 at our Gwynedd County branch. Please get back to me at your earliest.",0.97,0.03,0.09999999999999998,0.9,0.99,0.01,0.99,0.01,0.99,0.01,0.12,0.86,0.02
"Monserrate, your lecture at Oregon University on the influence of parenting styles in child development was insightful. Reach out at Julio78@hotmail.com for more collaborations.",0.020000000000000018,0.98,0.050000000000000044,0.95,0.99,0.01,0.99,0.01,0.99,0.01,0.03,0.94,0.03
"Trevor Wilkinson, the Metastad School Library will be closed for the holidays, beginning 20/04/2011, and will reopen 02/11/1979. Happy holidays! - Pollich",0.98,0.02,0.030000000000000027,0.97,0.99,0.01,0.99,0.01,0.99,0.01,0.05,0.92,0.03
On-site registration for vaccination available at Suite 417. Make sure to carry your SSN 626 70 3808.,0.88,0.12,0.030000000000000027,0.97,0.98,0.02,0.98,0.02,0.98,0.02,0.02,0.05,0.93
"Hello Sammy, are there any particular teaching methodologies being followed in Clay County's special education program?",0.98,0.02,0.09999999999999998,0.9,0.99,0.01,0.99,0.01,0.99,0.01,0.2,0.78,0.02
"Dr. Murray, We kindly remind you of the counseling session on November 16, 1921 at 12:22. The session will be in Room 60688 on E 4th Avenue, Anchorage, Marche. Please contact us if you have any issues. Regards, Considine, Donnelly and Effertz School Counseling Services",0.6,0.4,0.12,0.88,0.98,0.02,0.98,0.02,0.97,0.03,0.12,0.83,0.05
"Hello Ms., we would like to notify you that your educational funds of Fiji Dollar669.44k have been transferred to your account AT418002800404004086.",0.98,0.02,0.95,0.05,0.030000000000000027,0.97,0.99,0.01,0.99,0.01,0.02,0.04,0.94
Scheduled a career counseling session for Kara at Tacoma in Rohan Camp. Confirmation sent to Chadrick.OHara29@hotmail.com.,0.030000000000000027,0.97,0.050000000000000044,0.95,0.99,0.01,0.99,0.01,0.99,0.01,0.02,0.95,0.03
"Mrs. Walter, we have received your curriculum for the Mathematics Education course. We will begin hosting the classes from 6/24.",0.98,0.02,0.15000000000000002,0.85,0.99,0.01,0.99,0.01,0.99,0.01,0.2,0.78,0.02
"We have recieved attempt to steal April 29, 1929 data. Do not share your 3TC_PnR4U7j6 with anyone, contact us directly via 18NDMayxwojW1JKSCV19hUQTo8 for any queries.",0.95,0.05,0.5,0.5,0.31999999999999995,0.68,0.25,0.75,0.97,0.03,0.1,0.12,0.78
"We noticed high engagement from users in Southwest. Target communications there. Evie, please manage this.",0.98,0.02,0.15000000000000002,0.85,0.99,0.01,0.99,0.01,0.98,0.02,0.25,0.73,0.02
We've taken note of your complaint regarding the doctor. Your details such as your minor daughter's 56 years old and vehicle VIN DNXP6ED5R2N028028 registered to the hospital have been securely noted and will remain confidential throughout this process.,0.98,0.02,0.94,0.06,0.98,0.02,0.99,0.01,0.030000000000000027,0.97,0.03,0.07,0.9
"Dear Transexual, Your child has been given access to a new online mathematics platform. Please log in using the following details: IP - 56cd:1fda:d0af:fa25:d9b5:6dbc:ee9d:ae9d, Username - Ari, and Password - F6OGzv13yRey.",0.96,0.04,0.6,0.4,0.98,0.02,0.020000000000000018,0.98,0.040000000000000036,0.96,0.01,0.03,0.96
"Dear Mrs. Keebler, we, at Flatley, Hauck and Zulauf, are striving to create a safer and healthier environment for our patients. We'd like to inform you about a new initiative we've taken toward achieving this. Please provide us your feedback through Tia.Waters88@yahoo.com on the steps we've taken.",0.030000000000000027,0.97,0.050000000000000044,0.95,0.99,0.01,0.99,0.01,0.99,0.01,0.03,0.93,0.04
"Our Trans female health initiative located at [30.2965,108.1646] serves individuals of age 98 years and older.",0.95,0.05,0.95,0.05,0.98,0.02,0.98,0.02,0.15000000000000002,0.85,0.3,0.1,0.6
"Casimir, it has come to our attention that suspicious transactions have been made from North Maxwell, Ohio via your Credit Card Account 61149346. We urgently need your confirmation on this.",0.97,0.03,0.09999999999999998,0.9,0.09999999999999998,0.9,0.98,0.02,0.98,0.02,0.03,0.1,0.87
Residents of Mill Road will be contacted for psycho-oncology awareness seminar. Enquiries can be made on 127.26.243.32.,0.85,0.15,0.95,0.05,0.97,0.03,0.97,0.03,0.09999999999999998,0.9,0.25,0.15,0.6
"Dear Kelsi, healthcare information cannot be shared without patient consent. Therefore, may we have your permission to share your health information 881 68 2000 with your physician to discuss your sexual and reproductive history?",0.8,0.2,0.030000000000000027,0.97,0.97,0.03,0.98,0.02,0.98,0.02,0.02,0.35,0.63
"""Our Ethical Trading Initiative requires a comprehensive update. Could you provide a review of our existing parameters and suggest improvements? They can be found on our company's internal network at https://black-and-white-stranger.com. Your expertise in Accountability should prove to be invaluable in this matter.""",0.97,0.03,0.98,0.02,0.99,0.01,0.99,0.01,0.98,0.02,0.95,0.04,0.01
"Sylvan Renner, a MTF, has some concerns about contracts. Session to cover TV rights as well as brand endorsements. Check Charles1@yahoo.com for info.",0.030000000000000027,0.97,0.030000000000000027,0.97,0.98,0.02,0.99,0.01,0.98,0.02,0.02,0.94,0.04
"We have received a notification for an unpaid tax bill related to our property in Ticino, city Lake Angelashire. Could you, with your Markets experience, investigate this immediately?",0.97,0.03,0.97,0.03,0.98,0.02,0.99,0.01,0.99,0.01,0.92,0.07,0.01
Workout plan for Rosamond has been revised. Check your Email Trevion87@gmail.com for the new schedule.,0.030000000000000027,0.97,0.06999999999999995,0.93,0.99,0.01,0.99,0.01,0.99,0.01,0.03,0.94,0.03
We noticed that the computer 12:7a:4c:c5:f2:4d from the robotics club had some issues. Could Director from the IT team check it out?,0.98,0.02,0.97,0.03,0.99,0.01,0.99,0.01,0.030000000000000027,0.97,0.08,0.05,0.87
"Dear resident of Fadel Way, we have a seminar on Chronic Disease Management. Get your ticket using this link M4zSCup2rm1ZVgLvCzijZ33f6Dd1.",0.9,0.1,0.96,0.04,0.92,0.08,0.97,0.03,0.98,0.02,0.8200000000000001,0.10000000000000002,0.08000000000000002
"Dear Raymond, can you confirm if the email April.Huels@hotmail.com we have in our records is your primary or secondary email? We want to ensure that all future communications reach you at the right place.",0.030000000000000027,0.97,0.050000000000000044,0.95,0.99,0.01,0.99,0.01,0.99,0.01,0.03,0.93,0.04
Curriculum development for Creative is underway and we'd appreciate your intervention as an expert. Please log on to our secure network with your username Chet.Gottlieb8 and password s2ibGJZT_uHN.,,,,,,,,,,,,,
"Donated learning materials have been shipped to your address Apt. 861. For tracking, use 45-923350-003919-6.",0.65,0.35,0.95,0.05,0.96,0.04,0.98,0.02,0.97,0.03,0.6,0.36,0.04
We found an unauthorized billing attempt for patient ID 147 50 7172 from IP 38.148.49.149. The transaction details were 8453634609705130 issued by discover.,0.95,0.05,0.44999999999999996,0.55,0.040000000000000036,0.96,0.97,0.03,0.030000000000000027,0.97,0.01,0.03,0.96
"Hi Dedrick, payment for distance learning can be made via bank transfer. Please use the following details: AL436430615220024W443977O387, NRFETL14. Your order number is 4584704700604762.",0.97,0.03,0.15000000000000002,0.85,0.020000000000000018,0.98,0.97,0.03,0.98,0.02,0.01,0.03,0.96
"Hello, Andre Prosacco, as part of our ongoing dedication to professional development, you are welcomed to a training event on 2015-10-07T12:37:09.382Z. This corporate training will focus on better practices in your role as a Forward Assurance Agent.",0.98,0.02,0.030000000000000027,0.97,0.99,0.01,0.99,0.01,0.99,0.01,0.05,0.92,0.03
Can you confirm the payment for the maternal health project? The account details are IBAN: FO7950430084183062 and BIC: YJMISX7JGES. The amount is (OMR$U).,0.98,0.02,0.97,0.03,0.020000000000000018,0.98,0.99,0.01,0.99,0.01,0.02,0.03,0.95
Personal Loan Account needs to be updated to receive fund reimbursement for the next semester. We'll need MD7814XR731U9M42250E2988 for the transaction.,0.98,0.02,0.97,0.03,0.040000000000000036,0.96,0.99,0.01,0.99,0.01,0.02,0.03,0.95
"Cheyanne, deals with acute depression and suicidal thoughts. Immediately set up a session on user agent Opera/12.57 (Windows NT 5.3; U; RU Presto/2.9.189 Version/11.00). Payment can be expected via Ethereum Address: 0x25fc24524bf4fa5b3f8aa7cef09e1d2da9eabf2d.",,,,,,,,,,,,,
Revised the business model for Assistant. Feedback needed to 166.13.180.138 before we finalize.,0.97,0.03,0.96,0.04,0.99,0.01,0.99,0.01,0.040000000000000036,0.96,0.08,0.1,0.82
"Having you on board for our upcoming seminar is fantastic, Mrs. Thompson. Given your profession as a Lead Interactions Developer, your insights will be very beneficial for us.",0.98,0.02,0.09999999999999998,0.9,0.99,0.01,0.99,0.01,0.99,0.01,0.15,0.83,0.02
"Hello Waino, as a Forward Accounts Coordinator, could you help us in understanding the credibility of the source https://tidy-listening.com/? We are particularly interested in the sales figures mentioned there. Please also cross-verify these numbers with the ones from our account Auto Loan Account.",0.97,0.03,0.09999999999999998,0.9,0.95,0.05,0.98,0.02,0.97,0.03,0.2,0.75,0.05
"Alison, in the context of Intranet, could you suggest some diet plan suiting the long working hours?",0.98,0.02,0.09999999999999998,0.9,0.99,0.01,0.99,0.01,0.99,0.01,0.15,0.83,0.02
"Dr. Angel, I'd like to gather more information about the role of a Liaison in a clinical psychology setup.",0.98,0.02,0.19999999999999996,0.8,0.99,0.01,0.99,0.01,0.99,0.01,0.3,0.68,0.02
"New HQ for merged Farrell - Homenick and Kuhn, Mertz and Marquardt at Alvena Lane 160, Schneiderbury, Hauts-de-France, 99491. Please have all deliveries rerouted there.",0.6,0.4,0.85,0.15,0.98,0.02,0.99,0.01,0.98,0.02,0.55,0.42,0.03
"Elisha.Pollich83, We have noticed a surge of traffic from 182.239.184.0 and 0aa4:8121:bf89:f6ec:41de:28da:9bb1:f817 to our site. As our lead Web specialist, your insights would be invaluable in interpreting this data. Could you conduct an analysis and share your findings?",0.95,0.05,0.38,0.62,0.98,0.02,0.98,0.02,0.050000000000000044,0.95,0.05,0.2,0.75
An email from 3XJSduQatCJ9xwAuprZbWPeqD93iKHWDy9aq has uploaded a suspicious file to our database. Might be related to patient Berenice's case.,0.88,0.12,0.25,0.75,0.30000000000000004,0.7,0.97,0.03,0.96,0.04,0.08,0.3,0.62
"Hello Female, your dental insurance plan at Savings Account is due for renewal. Check your email for details.",0.97,0.03,0.9,0.1,0.95,0.05,0.99,0.01,0.99,0.01,0.85,0.11,0.04
"Following up on the property evaluation of 845 Georgianna Drive, Neuchâtel initiated by Clementina Zboncak.",0.09999999999999998,0.9,0.030000000000000027,0.97,0.98,0.02,0.99,0.01,0.98,0.02,0.05,0.88,0.07
"Hi, Can you send me the updated presentation on the '20-'21 Branding sales predictions? Here's my secure location for downloads should you prefer sending it by https://assured-pigeon.com: 96f8:abcf:eefd:71d1:fbf2:ba4b:7afe:a5b5.",0.95,0.05,0.97,0.03,0.98,0.02,0.98,0.02,0.050000000000000044,0.95,0.08,0.07,0.85
"For the recent cross-fire incident, I need details of the team involved. Send over their names, ranks and 639-28-1565 to Virgie.Klein71@yahoo.com by 12:54.",0.030000000000000027,0.97,0.06999999999999995,0.93,0.97,0.03,0.98,0.02,0.98,0.02,0.02,0.13,0.85
"Syble, someone has attempted to access your health records from an unfamiliar IP 115.83.216.234. Please confirm if it was you using device Mozilla/5.0 (Windows; U; Windows NT 5.3)AppleWebKit/534.0.2 (KHTML, like Gecko) Version/7.1.0 Safari/534.0.2.",0.97,0.03,0.15000000000000002,0.85,0.98,0.02,0.98,0.02,0.020000000000000018,0.98,0.02,0.1,0.88
"Hello Mrs., thank you for confirming your bank account GT94Y2787308759OYSX6D3340WF3. We have initiated the transfer of your funding amounting to Moldovan Leu276959.58, and it should reflect in your account in 3-5 working days.",0.98,0.02,0.97,0.03,0.020000000000000018,0.98,0.99,0.01,0.99,0.01,0.01,0.03,0.96
Our law firm needs to review the property papers of the estates located on Harber Hollow and Suite 161. Kindly make sure to keep the original documents along with a soft copy available for verification purposes on Dennis.Zulauf@gmail.com.,0.030000000000000027,0.97,0.44999999999999996,0.55,0.98,0.02,0.98,0.02,0.98,0.02,0.04,0.92,0.04
"Website updates on nutritious options from Grant Run, Graubünden accessible via IP Address ca84:9c51:dc9b:9cbd:dfc2:aafd:ec3d:a344. Reagan has provided some recipes for us to try out, and we need help preparing them.",0.95,0.05,0.15000000000000002,0.85,0.98,0.02,0.98,0.02,0.030000000000000027,0.97,0.03,0.12,0.85
"Dear Shaylee White, we hope you're pleased with our dental care service. Your visa card ending with 0772279146103214 was charged $0.0b. You can view the report on our portal.",0.97,0.03,0.030000000000000027,0.97,0.040000000000000036,0.96,0.98,0.02,0.98,0.02,0.02,0.06,0.92
"This forum at our clinic [87.4822,-10.0146] focuses on chronic disease management, and I strongly encourage you to attend. There will be a $ fee associated with attendance.",0.97,0.03,0.98,0.02,0.98,0.02,0.99,0.01,0.050000000000000044,0.95,0.08,0.07,0.85
"Emergency alert: Transexual woman, 97, fall injury at [-66.5097,-145.8463]. Send ambulance to 18001. Urgent!",0.55,0.45,0.9,0.1,0.98,0.02,0.98,0.02,0.06999999999999995,0.93,0.05,0.12,0.83
Identified: Stephon IP: 113.144.15.49. The similarity in your submission raises questions of academic integrity.,0.97,0.03,0.12,0.88,0.99,0.01,0.99,0.01,0.030000000000000027,0.97,0.02,0.08,0.9
"Your recent hospital bill was credited to Checking Account, but the transaction got reverted. Could you confirm the last four digits of your card 7138283419365896 so we could resolve the issue?",0.98,0.02,0.97,0.03,0.020000000000000018,0.98,0.98,0.02,0.99,0.01,0.01,0.02,0.97
Dear Vernice. Your surgical appointment on 8/65 has been confirmed. Please stop eating and drinking liquid as of 16 o'clock.,0.98,0.02,0.06999999999999995,0.93,0.99,0.01,0.99,0.01,0.99,0.01,0.1,0.86,0.04
We've detected a potentially suspicious transaction on account number 30127405. The transaction was processed by using password x7KdsXXA4Gq0. Further investigation needed.,0.97,0.03,0.96,0.04,0.09999999999999998,0.9,0.040000000000000036,0.96,0.98,0.02,0.02,0.03,0.95
"Principal Operations Designer Training update! The location has been moved to Auburn, Minnesota. Training starts by 9:23 AM. Do not forget your Home Loan Account.",0.97,0.03,0.97,0.03,0.96,0.04,0.98,0.02,0.98,0.02,0.93,0.05,0.02
"To access oncology department's database, use xe2dWqzVBJ7Z. For further access-related concerns, reach out to our Future Web Developer, Sawyer.",,,,,,,,,,,,,
Volunteer meet-up at 68266 on Bogisich Way! We look forward to seeing everyone there at 15.,0.4,0.6,0.95,0.05,0.98,0.02,0.98,0.02,0.97,0.03,0.42,0.55,0.03
"For the purpose of our case study, could you please use the 61a8:bbef:db28:bdd0:fb30:8126:d190:ee3e address and Mozilla/5.0 (Windows; U; Windows NT 5.2) AppleWebKit/536.0.1 (KHTML, like Gecko) Chrome/29.0.861.0 Safari/536.0.1 data from our server logs to identify the browsing tendencies of users from different demographics and how this may influence their behavior?",0.98,0.02,0.98,0.02,0.99,0.01,0.99,0.01,0.020000000000000018,0.98,0.05,0.05,0.9
"Hello Ms., we've arranged a health talk about diabetes prevention on July 14, 1905. We encourage every member of our community to attend.",0.97,0.03,0.92,0.08,0.99,0.01,0.99,0.01,0.99,0.01,0.9,0.09,0.01
"For the recent GPS spoofing, we checked the 7de5:5833:c5e4:9dc2:a03c:b85b:fa52:4b9e. I have forwarded the details to Trudie69@yahoo.com.",0.030000000000000027,0.97,0.65,0.35,0.98,0.02,0.98,0.02,0.050000000000000044,0.95,0.02,0.15,0.83
"Dear Lyda, got your query on payment. You have paid with Sri Lanka Rupee (XPF), but we also accept Australian Dollar during these challenging times.",0.98,0.02,0.09999999999999998,0.9,0.97,0.03,0.99,0.01,0.99,0.01,0.12,0.85,0.03
"Our pediatric care unit has extended hours in 76276-4834. You can now visit us until 9:00 PM. For bookings, call our reception desk at 04-0053 7179.",0.44999999999999996,0.55,0.97,0.03,0.98,0.02,0.98,0.02,0.97,0.03,0.47,0.5,0.03
I am a Male to female tutor who can teach biology. You can find me at my IP address 126.80.26.66.,0.97,0.03,0.96,0.04,0.99,0.01,0.99,0.01,0.030000000000000027,0.97,0.08,0.07,0.85
"An infectious disease awareness program has been organized by Cole, Conroy and McClure at Grapevine on 13th April. Lura Mante, the Future Web Analyst of International Web Agent will be addressing the gathering. Contact him at Marlen_Cremin-Robel@hotmail.com for additional information.",0.020000000000000018,0.98,0.030000000000000027,0.97,0.99,0.01,0.99,0.01,0.99,0.01,0.03,0.94,0.03
"Need advice on a telescope for Tony. She has blue eyes. Also, suggest a good northeast direction (Southwest) of our location [-81.1485,71.4838] for stargazing.",0.97,0.03,0.19999999999999996,0.8,0.98,0.02,0.98,0.02,0.06999999999999995,0.93,0.04,0.16,0.8
"For ensuring your safety, Frederick, could you share your [47.3766,83.2349]? We can better coordinate your healthcare.",0.97,0.03,0.06999999999999995,0.93,0.99,0.01,0.99,0.01,0.09999999999999998,0.9,0.03,0.15,0.82
Write a legal agreement regarding the transfer of a sum of 831680.04 Qatari Rial from 3GwUxG7Tc21Bznr2t929YM1t7aH to 0x9cf0b40aff43bbbd5d7e4fadffed7c2ce5bbe26b. This transfer needs to be Legal and compliant with the Clwyd's crypto regulations.,0.98,0.02,0.95,0.05,0.030000000000000027,0.97,0.99,0.01,0.98,0.02,0.03,0.04,0.93
"Dear Estefania, regarding  the Friesenstead shareholders meeting, the revised schedule and structure of the meeting are now live at https://jagged-bather.com.",0.97,0.03,0.050000000000000044,0.95,0.99,0.01,0.99,0.01,0.98,0.02,0.08,0.9,0.02
"High-speed healthcare accessibility granted by Botsford, Hamill and Kautzer for patients greater than 45 years old years has been limited to providing services in the higher income 78309-4683 region.",0.75,0.25,0.88,0.12,0.98,0.02,0.99,0.01,0.97,0.03,0.7,0.27,0.03
"Our representative Christop Sanford, based at location [-43.2961,-114.6958], will be delivering the requested medical equipment to Morgan County by vehicle with VIN MNDX7P0892D611715.",0.97,0.03,0.030000000000000027,0.97,0.99,0.01,0.99,0.01,0.020000000000000018,0.98,0.01,0.05,0.94
"Hi Tatum, your distance learning course starts tomorrow. Your classes will be held as per Southeast timezone.",0.98,0.02,0.06999999999999995,0.93,0.99,0.01,0.99,0.01,0.98,0.02,0.12,0.85,0.03
Giovani77 shared insights from his addictive cross-cultural study that reveals how different cultures interact with the Communications domain. His findings got published on 13/05/2003.,0.98,0.02,0.5800000000000001,0.42,0.99,0.01,0.99,0.01,0.99,0.01,0.55,0.42,0.03
"Hi, Dr. Mayer. Find a behavior chart attached for each student. The report indicates marked improvement in overall conduct since the beginning of the semester. Please distribute among the fellow staff members.",0.97,0.03,0.15000000000000002,0.85,0.99,0.01,0.99,0.01,0.99,0.01,0.25,0.72,0.03
"Hi Suite 904, considering a gifted program for my daughter who's 70. Could you provide some recommendation?",0.72,0.28,0.94,0.06,0.99,0.01,0.99,0.01,0.99,0.01,0.7,0.28,0.02
"An order from Murazik for medical devices was placed. Transaction details: bank - AT710072700060290029, payment amount - $0.000b. Delivery to: Apt. 370, Santosshire.",0.44999999999999996,0.55,0.25,0.75,0.030000000000000027,0.97,0.98,0.02,0.98,0.02,0.02,0.08,0.9
"Inappropriate handling of sensitive data (75684512532, 28th July) of an 10 old Trigender has led to an ethical crisis at our institution.",0.55,0.45,0.4,0.6,0.9,0.1,0.96,0.04,0.95,0.05,0.15,0.4,0.45
"Please remember to bring your appointment code, 3328, and your ID for verification while traveling to Ile-de-France for the therapy.",0.97,0.03,0.95,0.05,0.98,0.02,0.65,0.35,0.98,0.02,0.6,0.1,0.3
"Hello Dr. Mueller, we noticed you've shown great interest in our Social Emotional Learning course. You can register and make payment by logging in with your Astrid92 and t7vW_mUuvSc0 at https://primary-timber.biz/. Should you need any assistance, please contact us via Mark50@gmail.com.",0.030000000000000027,0.97,0.06999999999999995,0.93,0.97,0.03,0.040000000000000036,0.96,0.98,0.02,0.01,0.06,0.93
Your PASSWORD bkcHtUPp7opD will grant access to the Nolan LLC's patient portal.,0.97,0.03,0.96,0.04,0.98,0.02,0.020000000000000018,0.98,0.98,0.02,0.02,0.03,0.95
"Welcome to Streich and Sons, Eldred! We've set up your workstation with the IP 49ec:c8bd:80fe:3f4f:c91a:1aab:884c:039c and MAC address: bf:5c:ff:c2:b7:c2. Please make sure to connect when you start.",0.97,0.03,0.09999999999999998,0.9,0.98,0.02,0.98,0.02,0.020000000000000018,0.98,0.02,0.08,0.9
"We represent Rachel, who was injured in an accident involving vehicle with the VRM JR86XJB. The estimated compensation is Ft857739.77. Contact her through her email, Celestino_Little81@hotmail.com, or by phone at +507 09.318-0767.",0.020000000000000018,0.98,0.15000000000000002,0.85,0.97,0.03,0.99,0.01,0.050000000000000044,0.95,0.01,0.2,0.79
"Ms. Sasha, your health insurance policy number 4097746504470960 remains unpaid after due date 25th September. Do visit https://timely-logo.biz to make the payment or call 071.850.7323 for any issues.",0.040000000000000036,0.96,0.06999999999999995,0.93,0.65,0.35,0.98,0.02,0.98,0.02,0.03,0.6,0.37
"If you're interested in collaborating to improve the nutritional content of school meals in Jefferson County, please message us at 30-545301-540799-5 or Birdie61@yahoo.com.",0.040000000000000036,0.96,0.75,0.25,0.85,0.15,0.98,0.02,0.98,0.02,0.05,0.8,0.15
You can pay the transportation fees using your visa card ending with 0207738128895188.,0.98,0.02,0.97,0.03,0.06999999999999995,0.93,0.98,0.02,0.98,0.02,0.05,0.03,0.92
"Due to rising cases in Hampshire, a quarantine has been implemented until July 14, 1907. Please respect the guidelines. Consult your Director for more info & use this 7x2mzaOABKbQ for secure data access.",0.98,0.02,0.96,0.04,0.98,0.02,0.15000000000000002,0.85,0.98,0.02,0.13,0.04,0.83
Male 0416449254725779 needs clarification on what the Witting Group Oops health cover policy is and how to choose the right options. Zip code for correspondence is 15035.,0.5,0.5,0.75,0.25,0.8,0.2,0.97,0.03,0.97,0.03,0.32,0.48,0.2
"We're gearing up for the school food drive. Assembly point will be nearby [63.4226,-69.5133]. Please notify us before proceeding. Contact via the school's main line 45-162323-410707-9.",0.6,0.4,0.96,0.04,0.97,0.03,0.98,0.02,0.06999999999999995,0.93,0.05,0.12,0.83
"Final report on the effects of cryptocurrency, particularly 0x63a185e827463435dbd829e36c5d5cd64bac5a9d, on inhabitants of South Gennaroview region is out on https://acrobatic-grammar.biz.",0.95,0.05,0.96,0.04,0.040000000000000036,0.96,0.98,0.02,0.97,0.03,0.05,0.05,0.9
Very important for student 75679251668 to know. The new trimester of M.A. Sociology has come up with a fee of Zimbabwe Dollar0.687m. Network info: IP - 244.218.73.225.,0.97,0.03,0.7,0.3,0.96,0.04,0.98,0.02,0.040000000000000036,0.96,0.05,0.1,0.85
"Our Two-spirit centric nutrition sessions are designed to accommodate diet needs based on your February 4, 1909.",0.97,0.03,0.31999999999999995,0.68,0.98,0.02,0.98,0.02,0.98,0.02,0.35,0.55,0.1
We're launching a new software for Special Ed. Please download from this 107.196.163.248 after 12:27 PM.,0.97,0.03,0.97,0.03,0.99,0.01,0.99,0.01,0.040000000000000036,0.96,0.1,0.05,0.85
Policy update reminder: A review meeting will be held tomorrow 14/09/1930. Please ensure all members from 84882-2688 district are aware.,0.92,0.08,0.94,0.06,0.98,0.02,0.99,0.01,0.98,0.02,0.86,0.1,0.04
"Hey Mateo, we noticed you have Female on your profile. We've been looking for more Transexual man to join our volunteering events department. Would you be interested?",0.98,0.02,0.06999999999999995,0.93,0.99,0.01,0.99,0.01,0.99,0.01,0.12,0.8,0.08
"Dear Rickie Marlowe, tutoring sessions this week have been assigned. Please contact your student Ocie at least once before the session to establish the conversation.",0.98,0.02,0.030000000000000027,0.97,0.99,0.01,0.99,0.01,0.99,0.01,0.08,0.9,0.02
"Hello Male, we have a new service for Idaho residents, a telemedicine forum. Login details will be sent to Dorris_Hodkiewicz@hotmail.com.",0.020000000000000018,0.98,0.09999999999999998,0.9,0.99,0.01,0.97,0.03,0.99,0.01,0.03,0.94,0.03
I hope this message find you well Fae. We have scheduled a fire safety drill next week at our East Midlands location. The drill will be conducted under the supervision of Mr. Welch.,0.98,0.02,0.09999999999999998,0.9,0.99,0.01,0.99,0.01,0.99,0.01,0.15,0.83,0.02
"Looking forward to your eye-opening talk on learning disabilities, Robel, Bashirian and Jast. Join via Opera/10.15 (Windows NT 5.1; U; EN Presto/2.9.174 Version/11.00), password: vYb4wKJjdp5y.",0.97,0.03,0.65,0.35,0.98,0.02,0.030000000000000027,0.97,0.050000000000000044,0.95,0.02,0.04,0.94
"Your genetic testing results were sent to the address Suite 164, Pasadena, 17787. If you did not receive them, please inform us.",0.12,0.88,0.95,0.05,0.98,0.02,0.98,0.02,0.97,0.03,0.1,0.78,0.12
We've detected unauthorized login attempts to your patent application with the password ZhkHNT33SdVY from the IP address bde6:341d:46c3:95ec:bcc5:d4be:d4cb:d61a.,0.98,0.02,0.97,0.03,0.99,0.01,0.030000000000000027,0.97,0.030000000000000027,0.97,0.01,0.02,0.97
"Tatum, we just received 175069.13NT$ funds for ops in Personal Loan Account. Thought you should know.",0.97,0.03,0.15000000000000002,0.85,0.92,0.08,0.99,0.01,0.99,0.01,0.15,0.75,0.1
We spotted a delivery van with the vehicle registration mark RP82XON outside your office at 937 Spinka Throughway. Was it for a new equipment delivery?,0.35,0.65,0.95,0.05,0.98,0.02,0.98,0.02,0.050000000000000044,0.95,0.05,0.15,0.8
"Maude Heller-Nikolaus, we have received your application for the Education Fund for the upcoming academic year. We have acknowledged your account 88624032 for further proceedings. Anticipated fund amount: RD$439332. Contact Jacky_Wuckert44@gmail.com.",0.030000000000000027,0.97,0.020000000000000018,0.98,0.18000000000000005,0.82,0.98,0.02,0.98,0.02,0.01,0.22,0.77
To better serve our patients in 85221 we've added a new online payment mode. Use credit card number 6655186125542784 to make hassle-free payments for treatments.,0.8,0.2,0.97,0.03,0.040000000000000036,0.96,0.98,0.02,0.98,0.02,0.04,0.06,0.9
"Let's plan a session about the 'Importance of Personal Information.' Examples like 25th July, 72054 could be used without exposing individual details.",0.72,0.28,0.7,0.3,0.97,0.03,0.97,0.03,0.97,0.03,0.6000000000000001,0.32000000000000006,0.08000000000000002
"Hi Kailee, are you still at address 59609? The gender you indicated is Intersex person. And, as an brown-eyed team member, could we involve you in our diversity program?",0.55,0.45,0.050000000000000044,0.95,0.98,0.02,0.98,0.02,0.97,0.03,0.05,0.85,0.1
Please access the Analyst curriculum with IP: df8c:a626:edab:2e59:aa7b:f624:06e4:6cbe and Password: KHu_NWgTICVI.,0.97,0.03,0.97,0.03,0.98,0.02,0.020000000000000018,0.98,0.030000000000000027,0.97,0.01,0.02,0.97
"Hello Xenogender, you're due for vaccination. Please make payment via Ethereum. Attached is the payment address: 0xa1d6dec1a1f3a0e3f181dbd7fa8a6dc581114bd7.",0.97,0.03,0.30000000000000004,0.7,0.030000000000000027,0.97,0.98,0.02,0.98,0.02,0.02,0.05,0.93
"Dear Charlene, our seminar in Ceasarberg will be discussing how blockchain technology can enhance EdTech.",0.98,0.02,0.09999999999999998,0.9,0.99,0.01,0.99,0.01,0.99,0.01,0.15,0.83,0.02
"We've organized a governance committee meeting to discuss our Company's future strategic direction. Lamont, as part of your role as Direct Accountability Representative, can I request you to present an overview of the current market trends and their potential impact on our prospects? Please prepare for this meeting by 2006-04-03T08:35:14.949Z.",0.98,0.02,0.15000000000000002,0.85,0.99,0.01,0.99,0.01,0.99,0.01,0.25,0.72,0.03
"Internal Branding Agent, Please update our Learning Management System. We aim to improve the logging system with an IP-based system. Start testing with these IP addresses: 138.244.55.129 and cbc3:ca39:adac:6d23:6bae:eb75:0d7e:ef34.",0.98,0.02,0.98,0.02,0.99,0.01,0.99,0.01,0.030000000000000027,0.97,0.08,0.04,0.88
"We have just received a subrogation claim regarding vehicle NR23AXH with VIN 7TP7Z2E4LVNV96950. As you are also our expert on automotive legal matters, could you take a look?",0.98,0.02,0.97,0.03,0.98,0.02,0.99,0.01,0.020000000000000018,0.98,0.08,0.1,0.82
"For the school newsletter, please approve 24/02/1932 as the birthday of Mrs. Yost for our monthly birthday announcements.",0.97,0.03,0.030000000000000027,0.97,0.99,0.01,0.99,0.01,0.99,0.01,0.03,0.68,0.29
"Miss Mills, we regret to inform that your insurance doesn't cover the total cost of oncology treatment. Please contact us on +221-68.382.3560 or June_Mueller@yahoo.com for options.",0.020000000000000018,0.98,0.06999999999999995,0.93,0.98,0.02,0.99,0.01,0.99,0.01,0.02,0.85,0.13
"Greetings Mrs. Donnelly, an update to our Mathematics Education portal requires a reset on your login password QpryNqzpOXFi. An email has been to Daniela.Lemke@gmail.com.",0.030000000000000027,0.97,0.040000000000000036,0.96,0.98,0.02,0.050000000000000044,0.95,0.98,0.02,0.01,0.06,0.93
"Hi Gerardo, we'll be conducting a training session on Life Skills Education. If interested, please transfer the course fee to our bank account IE58545903052894481818. Feel free to reach out for any questions.",0.97,0.03,0.09999999999999998,0.9,0.020000000000000018,0.98,0.99,0.01,0.99,0.01,0.01,0.05,0.94
"Felicity, we have an upcoming session on the topic of 'Sex Education'. I think you must join because, as you know, knowledge is power. Contact us at 90a0:e6ce:45d4:ffd3:1fbc:76fc:fca1:eed6 for more information.",0.88,0.12,0.15000000000000002,0.85,0.98,0.02,0.98,0.02,0.06999999999999995,0.93,0.04,0.16,0.8
Please be informed about our Xxx psychoeducation session taking place at Cleveland at 4 AM. You are required to confirm attendance with your 4211.,0.96,0.04,0.94,0.06,0.97,0.03,0.62,0.38,0.98,0.02,0.58,0.08,0.34
"Hi Gregorio, we've received a number of applications from Tayside for our student exchange program. Before processing, could you confirm the funds transferred through BH87PEHK3403Y532X63351 with PRKRCCT0?",0.97,0.03,0.12,0.88,0.030000000000000027,0.97,0.97,0.03,0.98,0.02,0.02,0.05,0.93
"Hello, we need advice managing blockchain in education leadership. You are recommended as a specialist in Applications with knowledge in BTC transactions. We noted a unfamiliar transaction at 1FPDwc8TTF4jpeSS3Xah9qmfL1zqLmwfaWhfm.",0.98,0.02,0.97,0.03,0.050000000000000044,0.95,0.99,0.01,0.98,0.02,0.04,0.04,0.92
"Time Management skills can be your key to efficient learning and stress-free student life in Pennsylvania. From prioritising tasks (Representative) to setting achievable targets, our guide will help you significantly. Check it out at https://buoyant-luxury.biz.",0.97,0.03,0.97,0.03,0.99,0.01,0.99,0.01,0.99,0.01,0.95,0.04,0.01
"Patient in bed 694 is stabilising. They are no longer the 11 years old we admitted, seeming much more youthful and healthy.",0.98,0.02,0.94,0.06,0.99,0.01,0.99,0.01,0.99,0.01,0.9,0.08,0.02
Students moving around in the Southeast of campus late night should inform the security before. Use 47-567982-762581-2.,0.7,0.3,0.97,0.03,0.96,0.04,0.97,0.03,0.30000000000000004,0.7,0.1,0.28,0.62
"Hi Milo, Here's draft of our school nutrition plan, could you review? IT needs 2d3c:6529:ea9f:f4ad:dfc2:cae7:8a20:cdfc of your system to enable access. Also, send 1TS5Wo2dZ4v7b4aS2zuBu5Po5uUtvd7An7Riu for payment to nutritionist.",0.97,0.03,0.15000000000000002,0.85,0.06999999999999995,0.93,0.97,0.03,0.050000000000000044,0.95,0.01,0.03,0.96
Final year students must submit their thesis by 27th May. Failure to do so will result in a 5% grading penalty. Access the submission platform via the IP 139.250.107.5.,0.97,0.03,0.97,0.03,0.98,0.02,0.98,0.02,0.12,0.88,0.3,0.05,0.65
"Let's Kendall, rectify your information fetching device, IPV6 4fa8:e3ff:64fb:0491:0d0c:7e78:87ec:adaa, and confirm your gender M2F. I am also updating your card on file 6446909393768382.",0.97,0.03,0.09999999999999998,0.9,0.030000000000000027,0.97,0.98,0.02,0.040000000000000036,0.96,0.01,0.02,0.97
"Dear Modesta20, we're investigating your Savings Account account (Number: 48693767) for possible securities law infractions. Please review information at https://abandoned-going.com.",0.97,0.03,0.5,0.5,0.09999999999999998,0.9,0.98,0.02,0.98,0.02,0.05,0.1,0.85
"We're glad you've opted for natural healing. The therapy info will be on our site: 225.148.249.21 by 28/05/1938. May health be with you, Trevor Rogahn.",0.95,0.05,0.050000000000000044,0.95,0.98,0.02,0.98,0.02,0.06999999999999995,0.93,0.03,0.15,0.82
Could we request your assistance in drafting a press release for our corporate social responsibility initiatives aimed at giving back to the Lake Forest community? This includes our most recent donation to the local hospital system. Access the full report here https://clean-aside.biz and compose a compelling narrative.,0.97,0.03,0.97,0.03,0.99,0.01,0.99,0.01,0.98,0.02,0.95,0.04,0.01
Book club is hosting an author talk at 5421. All 25 grade students welcome.,0.9299999999999999,0.07,0.97,0.03,0.99,0.01,0.98,0.02,0.99,0.01,0.9,0.08,0.02
Why not invite a famous health specialist Breanne for a talk? We can use the card number 4555678952748262 for the payment.,0.98,0.02,0.15000000000000002,0.85,0.020000000000000018,0.98,0.99,0.01,0.99,0.01,0.01,0.03,0.96
"In the medical malpractice case of Bobby, personal data such as 756.5530.5209 and 14/01/1962 was shared with unauthorized personnel leading to a breach in confidentiality protocols.",0.7,0.3,0.030000000000000027,0.97,0.96,0.04,0.98,0.02,0.97,0.03,0.02,0.38,0.6
Thanks for your interest in our Positive Psychology course. Reservations can be made at https://prestigious-estrogen.org. The course fee for the Web is £0.0001b. Please reach out to us at +72.541 034.8285 if you have any other queries.,0.28,0.72,0.96,0.04,0.97,0.03,0.98,0.02,0.97,0.03,0.3,0.65,0.05
"Patient Will, you suffered from an ankle sprain. We recommend 6 sessions of physical therapy. Start date is 5/04. We'll invoice your insurance on your behalf. Please keep the agreement number 3146523105141429 for your reference.",0.97,0.03,0.15000000000000002,0.85,0.75,0.25,0.98,0.02,0.98,0.02,0.12,0.63,0.25
"Dear Parents, we have changed buses, the new details including VIN numbers R91ZSPMBG6WJ20296, Y2HMVJDZRTST48622 can be checked on our portal.",0.98,0.02,0.97,0.03,0.98,0.02,0.98,0.02,0.06999999999999995,0.93,0.15,0.05,0.8
"Dr. Boyle, we advise inputting your cryptocurrency accounts including 1rv4uPwUKXPCXVGyQ1T8sC5PrDGrfD6CV1, 0xc0ac525e78689c15421f1bcafb5d56c4b37fa6eb and 3KAtXuCu5dWwRrqgeXNAUXbts1 in your estate planning documents.",0.97,0.03,0.15000000000000002,0.85,0.020000000000000018,0.98,0.98,0.02,0.98,0.02,0.01,0.03,0.96
"Looking forward to Mrs. Vladimir's talk on the current trends in global education coming this August 14, 1913.",0.98,0.02,0.09999999999999998,0.9,0.99,0.01,0.99,0.01,0.99,0.01,0.15,0.83,0.02
"Best regards, Dejon Kendall Greenfelder, Senior Mobility Manager Larkin - Jacobson. If you need further support, my office is located at 43730, Meredith Centers, New Rita, Geneva 47035-9308. You may also send me an email at April.DuBuque24@gmail.com.",0.020000000000000018,0.98,0.030000000000000027,0.97,0.98,0.02,0.99,0.01,0.98,0.02,0.02,0.93,0.05
"26. Looking into the insurance claim filed by Zelma, regarding vehicle AE12TZH involved in the accident near [-38.8298,-156.8514].",0.97,0.03,0.15000000000000002,0.85,0.98,0.02,0.99,0.01,0.020000000000000018,0.98,0.02,0.1,0.88
"Greetings Breanne, As part of our updated chronic disease management, we are updating all our patient details. Can you confirm your height is 1.71m?",0.98,0.02,0.06999999999999995,0.93,0.99,0.01,0.99,0.01,0.99,0.01,0.08,0.85,0.07
Can we organize a remote session with the patient represented by the masked number 4265476650867919? Let's use the prescribed IPV4 address 189.8.32.143 for the online session. Ensure to respect all standard procedures and privacy etiquette during this digital session.,0.97,0.03,0.94,0.06,0.38,0.62,0.97,0.03,0.040000000000000036,0.96,0.03,0.07,0.9
"The payment for Mrs. Modesto's treatment was processed through 8751278873602841. For privacy, the CVV 827 is masked.",0.98,0.02,0.06999999999999995,0.93,0.030000000000000027,0.97,0.97,0.03,0.99,0.01,0.01,0.03,0.96
"To the Central Usability Liaison of Swift - Oberbrunner, we hope this letter from our office in Apt. 480 extends our gratitude for your support in previous years. Could we count on your assistance to expand in South Dakota?",0.8,0.2,0.92,0.08,0.98,0.02,0.98,0.02,0.98,0.02,0.75,0.22,0.03
"Sorry, but I've reviewed the paperwork and it does not look like we have a solid case to fight the eviction for 1856 Buckridge Points.",0.19999999999999996,0.8,0.95,0.05,0.99,0.01,0.99,0.01,0.98,0.02,0.25,0.72,0.03
"Hello, Cale.Krajcik41. Your recent Marketing related campaign has exceeded the allocated budget by Won 649151.41. Please advise on how to proceed.",0.95,0.05,0.25,0.75,0.97,0.03,0.98,0.02,0.98,0.02,0.3,0.65,0.05
We've received payment through your 8268593470869460 having 507. It seems to be ok.,0.98,0.02,0.97,0.03,0.06999999999999995,0.93,0.96,0.04,0.98,0.02,0.05,0.03,0.92
Notice: IP address eaaf:fee7:ad9f:4ba5:178c:3a0e:4457:30a2 accessed Intellectual Property files on 2015-05-10T17:19:38.919Z. This has been flagged as an unusual activity and requires immediate attention from Consultant.,0.98,0.02,0.97,0.03,0.99,0.01,0.99,0.01,0.020000000000000018,0.98,0.05,0.05,0.9
"The clinical trial server IP 55.145.48.225 updated. Network accessed via user-agent Mozilla/5.0 (Windows; U; Windows NT 5.2) AppleWebKit/531.1.1 (KHTML, like Gecko) Chrome/30.0.831.0 Safari/531.1.1.",0.98,0.02,0.98,0.02,0.99,0.01,0.99,0.01,0.020000000000000018,0.98,0.08,0.05,0.87
"Hello Leonardo, I'm looking for a peer tutor. Could we meet in North Kayceeton this week?",0.98,0.02,0.050000000000000044,0.95,0.99,0.01,0.99,0.01,0.99,0.01,0.12,0.86,0.02
Homework should be turned in by 5:42am every day. Please use the classroom's 67.62.22.222 to submit your assignments.,0.97,0.03,0.98,0.02,0.99,0.01,0.99,0.01,0.050000000000000044,0.95,0.12,0.05,0.83
Security breach reported on 10th November at 16 o'clock. The IP addresses 19.22.140.140 and user agent Mozilla/5.0 (Windows NT 6.3; rv:5.5) Gecko/20100101 Firefox/5.5.3 are identified as related to the theft of Nu315.0k.,0.98,0.02,0.97,0.03,0.97,0.03,0.99,0.01,0.020000000000000018,0.98,0.05,0.05,0.9
"Dear Dylan, the tuition fee for this academic year will be directly transferred to your account. For this purpose, kindly verify your Account number 91716830.",0.97,0.03,0.15000000000000002,0.85,0.06999999999999995,0.93,0.98,0.02,0.98,0.02,0.02,0.08,0.9
Our university is engaging in a initiative to foster STEM learning among Transexual. Donate to 0x7aed8fd8ee72b33e947f7decae00ffc2db50f1ca to support us.,0.97,0.03,0.97,0.03,0.040000000000000036,0.96,0.99,0.01,0.98,0.02,0.04,0.03,0.93
Important reminder: Art class will not be held today due to a staff meeting. Please work on your projects at home. Instructions were sent to your Monica.Pouros@yahoo.com accounts and the due date is 27/01/1921.,0.030000000000000027,0.97,0.5,0.5,0.98,0.02,0.98,0.02,0.98,0.02,0.05,0.88,0.07
We had an insightful session on Positive Psychology today. The discussion highlighted how emotional well-being affects various job areas including Communications. More details can be found on https://passionate-toaster.com.,0.97,0.03,0.98,0.02,0.99,0.01,0.99,0.01,0.98,0.02,0.95,0.04,0.01
"Greetings, requesting psychological testing for Trans male, 71 years old. Contact via email 0953147490252170 or browse https://paltry-philosopher.org/ for appointiments.",0.4,0.6,0.95,0.05,0.9,0.1,0.98,0.02,0.98,0.02,0.4,0.52,0.08
"Hello, Reina, just discovered leaked passwords in our systems. Found one as GjDnpEdKLNw6 urging to prioritize this risk.",0.98,0.02,0.09999999999999998,0.9,0.98,0.02,0.040000000000000036,0.96,0.98,0.02,0.02,0.05,0.93
756.4759.5706 associated with job title Customer Paradigm Agent was noted in our market research survey. Please ensure this information is correct.,0.7,0.3,0.30000000000000004,0.7,0.96,0.04,0.98,0.02,0.97,0.03,0.1,0.3,0.6
I'd need your help in our global health project. You can access the relevant files using this IP 93.84.28.230. Password is d9N8txdfGo24. Do reach out if you encounter any issues.,,,,,,,,,,,,,
We are contacting you in reference to the bankruptcy case associated with the currency code TND. The total debt in Pataca needs to be discharged as soon as possible.,0.98,0.02,0.97,0.03,0.97,0.03,0.99,0.01,0.99,0.01,0.93,0.05,0.02
"Medical negligence claim by Don, with device IMEI: 11-768864-935629-4. Transaction records show Hryvnia from 15XQNvGVoPPt28ykLEknjNsFKF3DN.",0.97,0.03,0.15000000000000002,0.85,0.09999999999999998,0.9,0.97,0.03,0.040000000000000036,0.96,0.02,0.05,0.93
"I'm happy to see your career progress, Jalyn. Our next session scheduled for November 15, 1907 will focus on promotions and potential job roles at Mills Inc.",0.98,0.02,0.050000000000000044,0.95,0.99,0.01,0.99,0.01,0.99,0.01,0.1,0.87,0.03
Anonymised data gathered from public health initiatives are essential for planning better health strategies. One such initiative uses device 8c:62:97:74:7c:dc to log anonymous health trends. We ensure privacy and do not store sensitive information such as bfKEbFIohgE1 or 9642.,0.98,0.02,0.97,0.03,0.97,0.03,0.30000000000000004,0.7,0.040000000000000036,0.96,0.03,0.04,0.93
"Dear Miss Waters, as your counselor, I encourage open dialogue without fear. Feel free to get back to me on +195.63 419 8895",0.050000000000000044,0.95,0.15000000000000002,0.85,0.98,0.02,0.98,0.02,0.98,0.02,0.05,0.9,0.05
"Dear Anabelle, We need a comprehensive review of recent literature on burnout among professionals in Mobility. By 1992-07-27T15:51:51.606Z, can you prepare a report and mail it to Roberto.Hackett@hotmail.com?",0.030000000000000027,0.97,0.050000000000000044,0.95,0.99,0.01,0.99,0.01,0.99,0.01,0.03,0.94,0.03
"We noticed that the IP address 213.153.40.220 has been accessing our internal HR system more frequently than usual. Our Cybersecurity team is investigating. Meanwhile, please change your password mpYuu8f2oD4k and enable two-factor authentication on all sensitive accounts.",0.98,0.02,0.98,0.02,0.99,0.01,0.020000000000000018,0.98,0.020000000000000018,0.98,0.01,0.03,0.96
"Dear Team, Please take note of the recent changes in state tax regulations in Corsica. This will notably affect our branch in Washington County. For in-depth understanding, you can visit https://foolhardy-romance.biz/. Password: NrCsUCus8Sji.",0.97,0.03,0.97,0.03,0.98,0.02,0.030000000000000027,0.97,0.97,0.03,0.04,0.04,0.92
"Dear Kailey, we suspect that an unauthorized party accessed your Auto Loan Account and withdrew ﷼0.3240m. You need to contact our risk management team immediately.",0.98,0.02,0.09999999999999998,0.9,0.97,0.03,0.99,0.01,0.99,0.01,0.1,0.85,0.05
Your subscription to our health informatics journal will be renewed automatically. The charge of S133253 will be taken from your credit card ending with 9479559930880428 on 6/16.,0.97,0.03,0.96,0.04,0.040000000000000036,0.96,0.98,0.02,0.98,0.02,0.03,0.04,0.93
A credit of 506034.10 Barbados Dollar has been made to the account 32513853 as per our discussion.,0.98,0.02,0.97,0.03,0.050000000000000044,0.95,0.99,0.01,0.99,0.01,0.04,0.06,0.9
"Dear Guadalupe, the report you requested about Carter - Hilpert has been sent to Burdette20@gmail.com kindly check your mail.",0.030000000000000027,0.97,0.06999999999999995,0.93,0.99,0.01,0.99,0.01,0.99,0.01,0.03,0.94,0.03
"Patient Profile: Name -Token, 28/11/1972, SSN - 75621348857, IP - 2820:ac6c:de1a:9bbc:baf2:3e9c:4fcb:eabe, MAC - 16:8d:1b:e5:c8:5c. Please take note.",0.97,0.03,0.020000000000000018,0.98,0.98,0.02,0.98,0.02,0.020000000000000018,0.98,0.01,0.03,0.96
"We acknowledge your last payment received from the Bitcoin address 3HBSqUZn9efXpVJaH8Zp17YVEDEGC, Elliot. Is it your default address?",0.97,0.03,0.09999999999999998,0.9,0.050000000000000044,0.95,0.98,0.02,0.98,0.02,0.02,0.06,0.92
"The advent of the information age has redefined Educational Leadership. Connect with our specialist, Kai, through our IP address 93fb:cab1:8ef2:247f:ec29:dd6c:d944:b9da.",0.92,0.08,0.25,0.75,0.98,0.02,0.98,0.02,0.040000000000000036,0.96,0.05,0.15,0.8
To all Trans person students in Nottinghamshire with learning disabilities: Join our online forum to share your experiences and ways to improve learning techniques that work for you.,0.98,0.02,0.97,0.03,0.99,0.01,0.99,0.01,0.99,0.01,0.94,0.04,0.02
"""According to our records, there is an amount of 455861.84Riel at stake in this arbitration process; could you please confirm?""",0.98,0.02,0.98,0.02,0.97,0.03,0.99,0.01,0.99,0.01,0.94,0.04,0.02
"Our key resource, 5652 Nellie Hollow, is under construction. Use 53:45:2e:43:53:31 address to access the blueprints to integrate that in the canvas.",0.4,0.6,0.9,0.1,0.98,0.02,0.97,0.03,0.06999999999999995,0.93,0.05,0.1,0.85
Sharply scrutinize case number 9013901801093325. There's a potential violation of Amendment rights involved. High importance matter relating to Lombardy.,0.97,0.03,0.9,0.1,0.85,0.15,0.98,0.02,0.98,0.02,0.72,0.1,0.18
"After recent maintenance on our ed-tech portal, users might have to reset their passwords C9dMPDTf1CyX for security reasons. If you're having any trouble in doing so, kindly contact our International Solutions Director for help.",0.97,0.03,0.96,0.04,0.98,0.02,0.18000000000000005,0.82,0.98,0.02,0.16,0.06,0.78
We note that you recently accessed our trade laws and regulations portal via IP address 76c4:e68f:2d4f:cfae:ad59:4dac:54ff:f48f. Could you provide us with the device's Phone IMEI 44-898793-908206-9 for validation purposes?,0.98,0.02,0.98,0.02,0.99,0.01,0.99,0.01,0.010000000000000009,0.99,0.02,0.03,0.95
"If any parent in 57905-8325 is involved in Science, Technology, Engineering, Art, and Math (STEAM) and wish to present a discussion/workshop, please call 07-27-75 07.37. Participation will be honored with Turkish Lira tokens.",0.19999999999999996,0.8,0.96,0.04,0.98,0.02,0.98,0.02,0.97,0.03,0.27,0.7,0.03
Our Designer Erick shall create a risk report on the legal perspective on employing minors in the entertainment industry and make sure to mask sensitive details using the 8599401935701423.,0.97,0.03,0.15000000000000002,0.85,0.4,0.6,0.95,0.05,0.96,0.04,0.05,0.35,0.6
6. Make sure to visit our training center in the Northeast wing of the hospital. Look for suite Apt. 774.,0.88,0.12,0.97,0.03,0.99,0.01,0.99,0.01,0.98,0.02,0.88,0.11,0.01
"19. It is imperative that non-public data, including the IPv6: 1d72:1b30:f5ad:9a33:a9cc:ff8e:bb4e:d5ce and masked number: 6545726117031363 is safeguarded during this litigation process.",0.97,0.03,0.95,0.05,0.19999999999999996,0.8,0.97,0.03,0.030000000000000027,0.97,0.02,0.04,0.94
"Our undisclosed client, named 2689257966555561 on file, hails from Mecklenburg-Vorpommern and fears for their personal data safety.",0.97,0.03,0.7,0.3,0.65,0.35,0.97,0.03,0.97,0.03,0.5,0.2,0.3
"Dear Marc Sasha, we would like to update your physical therapy records with us. Could you please reconfirm your SSN, 858 61 4254, and ZIP code, 45162?",0.44999999999999996,0.55,0.010000000000000009,0.99,0.99,0.01,0.99,0.01,0.99,0.01,0.005,0.015,0.98
"Hey, Lueilwitz Rest Elementary School, Suite 334, 53819-3755 is seeking funds for new art supplies. Bank details: BE62507060049286 OAZHEGQAXXX. We've mailed the details to your 1sVG6jTvibusShHE6VSSCBLk1cMnVAiX1.",0.65,0.35,0.85,0.15,0.020000000000000018,0.98,0.97,0.03,0.97,0.03,0.03,0.07,0.9
"It has come to our attention that a 2 years old patient 9403559879679829 has initiated a malpractice suit against you, Ms. Zieme. Please refer to Savings Account for additional information.",0.97,0.03,0.050000000000000044,0.95,0.4,0.6,0.98,0.02,0.98,0.02,0.02,0.4,0.58
Ms. Allan will deliver a lecture about the implications of Mozilla/5.0 (compatible; MSIE 9.0; Windows NT 6.3; Trident/7.1; .NET CLR 2.2.26570.6) to Educational Psychology. More information can be found at https://coarse-legume.name,0.97,0.03,0.15000000000000002,0.85,0.99,0.01,0.99,0.01,0.09999999999999998,0.9,0.08,0.25,0.67
"Dear Mrs. Isidro Gusikowski, I am writing to discuss the recent citation you received on 20/08/1943. I understand that the citation issued due to breaching local animal protection laws. Following an unannounced inspection on 17/12/1963 at Tobin Lock Apt. 985 South Ethel.",0.28,0.72,0.030000000000000027,0.97,0.98,0.02,0.98,0.02,0.97,0.03,0.03,0.88,0.09
"Dr. Karlie, your expertise in oncology is required for a paper we're preparing.",0.98,0.02,0.15000000000000002,0.85,0.99,0.01,0.99,0.01,0.99,0.01,0.2,0.78,0.02
"As per our agreement with Holden, Norwegian Krone was transferred via LV16HGFM7I9E8A02142UW for the new pharmaceutical product.",0.97,0.03,0.4,0.6,0.040000000000000036,0.96,0.98,0.02,0.98,0.02,0.03,0.05,0.92
"Hey Boyer, we at Metz and Sons are excited to be part of your career transition to Web. Do join us on 22/03/2002 for an insightful session.",0.98,0.02,0.09999999999999998,0.9,0.99,0.01,0.99,0.01,0.99,0.01,0.15,0.82,0.03
"Corporate Integration Director, breaks for Special Ed students should be updated in the system. Also, is there any update on future web accessibility in Quality?",0.98,0.02,0.97,0.03,0.99,0.01,0.99,0.01,0.99,0.01,0.94,0.05,0.01
"""In case of emergency, dial 4058583919741726 or head straight to the Safety Office at Monroe County Suite 375.""",0.65,0.35,0.95,0.05,0.30000000000000004,0.7,0.97,0.03,0.97,0.03,0.2,0.2,0.6
"Elna, could you please review the contracts for the new real estate deals in South Sydnibury and share your findings on Marquise_Kerluke9@gmail.com.",0.030000000000000027,0.97,0.06999999999999995,0.93,0.98,0.02,0.99,0.01,0.98,0.02,0.03,0.94,0.03
"For Future Implementation Engineer, Please check your account Checking Account for any unexpected transactions done through Mozilla/5.0 (Macintosh; U; Intel Mac OS X 10_7_0 rv:2.0; AB) AppleWebKit/533.1.2 (KHTML, like Gecko) Version/4.0.5 Safari/533.1.2. If any anomalies are found, report immediately.",0.98,0.02,0.97,0.03,0.96,0.04,0.99,0.01,0.040000000000000036,0.96,0.08,0.05,0.87
The final stakeholder meeting for Reicheltown's education reform policy will be held at 2 tomorrow. Details are in the attached file.,0.98,0.02,0.97,0.03,0.99,0.01,0.99,0.01,0.99,0.01,0.95,0.04,0.01
"While discussing digital assets, we will also touch upon cryptocurrencies. Please get familiar with these terms: 1zR73WPErH4NcSVhSRZe1Y4CC5n8J, M3DG7w5njh3H4NwzzPrnArDD7J, 0x7870052c0d1b2c16e8126dbc1ec95eb50cd33d56.",0.98,0.02,0.97,0.03,0.06999999999999995,0.93,0.98,0.02,0.98,0.02,0.06,0.03,0.91
Parking permit enquiries: The vehicle BL41JMY does not have a valid parking permit. The car is parked at Old Road.,0.95,0.05,0.97,0.03,0.99,0.01,0.99,0.01,0.040000000000000036,0.96,0.06,0.1,0.84
"Dear Yolanda, our team of trained professionals in Tactics have evaluated your case. Please make a payment of Db956.5108k from your account ending with 75944444 by 23 on August 7, 1990.",0.97,0.03,0.09999999999999998,0.9,0.38,0.62,0.98,0.02,0.98,0.02,0.03,0.4,0.57
"A call to parents residing in 41753 to join us for the Annual Parent-Teacher Meet. To RSVP for the same, kindly call us at +574-41 169-2892. Come be a part and experience the joy of mutual learning.",0.44999999999999996,0.55,0.97,0.03,0.99,0.01,0.99,0.01,0.98,0.02,0.48,0.48,0.04
Could you perform a detailed analysis of the data traffic we experienced from the IP addresses 173.101.49.228 and a6b1:5b4e:deb9:3aaf:dafa:47d3:a6db:5e19? This is crucial to understand our website's user behavior.,0.98,0.02,0.98,0.02,0.99,0.01,0.99,0.01,0.030000000000000027,0.97,0.05,0.05,0.9
"Dr. Fritsch, we have gathered data from various sources about the implementation of Animal-assisted Therapy in Ebertton. Can you provide an insight into the potential benefits from this approach? Please review the data stored in the URL: https://deep-time.org and share your insight in discussion board.",0.97,0.03,0.15000000000000002,0.85,0.99,0.01,0.99,0.01,0.98,0.02,0.25,0.72,0.03
"An odd correlation has appeared concerning individuals living along Eleanora Wall. The Male gender seems to show higher risk of infection, specifically those with Eye color: Grey color eyes.",,,,,,,,,,,,,
"Hi Mrs. Bode, I suggest looking into how existentialism prompts self-reflection and responsibility in your area of work, Applications.",0.98,0.02,0.15000000000000002,0.85,0.99,0.01,0.99,0.01,0.99,0.01,0.2,0.78,0.02
"You've been matched with a student who lives at Suite 549, Triston View, 2587. Their Sex is Male.",0.12,0.88,0.92,0.08,0.99,0.01,0.99,0.01,0.98,0.02,0.12,0.82,0.06
"We need an experienced Direct Implementation Director in Paradigm to participate in our Holistic Education panel discussion at 9623, Pollich Curve. RSVP at Bernita_Corkery93@hotmail.com.",0.040000000000000036,0.96,0.55,0.45,0.98,0.02,0.98,0.02,0.98,0.02,0.05,0.9,0.05
Successfully diagnosed device with IMEI 00-152205-305204-1. Report sent to 9b31:5db3:baae:4a17:013e:c1bd:bc13:c2cb.,0.97,0.03,0.97,0.03,0.98,0.02,0.98,0.02,0.020000000000000018,0.98,0.05,0.05,0.9
"With regards to participant Cameron, from Eliezerberg, 8:34 AM, the Executive was effectively employed, however the participant's 04-048366-651772-7 was withheld to protect their privacy.",0.95,0.05,0.06999999999999995,0.93,0.65,0.35,0.97,0.03,0.97,0.03,0.03,0.42,0.55
"As part of our patient advocacy work, we're looking to upgrade our tech resources, including our network hardware (MAC address: b6:30:b4:92:0e:27). Taking your Quality expertise into account, could you potentially assist us?",0.98,0.02,0.97,0.03,0.99,0.01,0.99,0.01,0.030000000000000027,0.97,0.05,0.05,0.9
"Madam Miss, as we discussed on 4th July, here is the transcript related to 'Rights and Obligations'. It pertains to the case from Thompsonville, Umbria (62475-1435). It was an intriguing case indeed, particularly because it occurred in the Southeast part of town near geolocation [-11.4951,-129.4587].",0.7,0.3,0.92,0.08,0.98,0.02,0.98,0.02,0.050000000000000044,0.95,0.04,0.08,0.88
"Hello Polly, please make sure you're following the diet as described by your nutritionist, where are you currently located? Last recorded address is near [-48.1525,20.7406]?",0.95,0.05,0.07999999999999996,0.92,0.98,0.02,0.98,0.02,0.06999999999999995,0.93,0.03,0.15,0.82
"Dear Principal Optimization Executive, we're holding a seminar on mindfulness-based therapy and would like to invite you as a guest speaker. Please confirm your availability and send a brief overview of your address to Colt.Wolf.",0.9,0.1,0.15000000000000002,0.85,0.99,0.01,0.99,0.01,0.99,0.01,0.27,0.7,0.03
"Dear team, for the upcoming real estate law seminar scheduled at 18 on 5/58 in Boscomouth, Onie Williamson from our legal department will be the keynote speaker.",0.97,0.03,0.030000000000000027,0.97,0.99,0.01,0.99,0.01,0.98,0.02,0.08,0.9,0.02
We have received your application for the Agent position. Please confirm the application with the last four digits of your SSN 75614641633.,0.95,0.05,0.18000000000000005,0.82,0.96,0.04,0.94,0.06,0.97,0.03,0.1,0.15,0.75
"Reminder! For ordering your child's school uniform, parents can log into the school site using the AkGOfdE2sse4 provided. Also include Dejon’s last measured 6'1"" in the 'notes' field to ensure a perfect fit!",0.97,0.03,0.15000000000000002,0.85,0.98,0.02,0.12,0.88,0.98,0.02,0.05,0.12,0.83
"Hello, Dr.Thiel. Going through patient file - 87259623. Found discrepancies. Could you check?",0.97,0.03,0.09999999999999998,0.9,0.97,0.03,0.98,0.02,0.98,0.02,0.12,0.75,0.13
"Dear Irving.Kassulke-Parker54, you're scheduled to appear on a panel discussion at 09:15. The discussion will be revolving around the evolving trends in the assurance sector. Please share your talking points with us by 22/04/1984.",0.95,0.05,0.07999999999999996,0.92,0.98,0.02,0.98,0.02,0.98,0.02,0.1,0.85,0.05
"Hello Dr., the claim for your spouse's treatment for amount ₨276972 has been approved successfully. The amount has been withdrawn from her Money Market Account76948092. If you have any questions, you can contact us on (448).2386231 or write us at Travon_Gusikowski83@hotmail.com.",0.07999999999999996,0.92,0.55,0.45,0.06999999999999995,0.93,0.98,0.02,0.98,0.02,0.02,0.1,0.88
"Sign up to our wellness program designed for the residents of Borders, access portal at https://untidy-examiner.info/.",0.97,0.03,0.97,0.03,0.99,0.01,0.99,0.01,0.98,0.02,0.95,0.04,0.01
"Mathematical skills can be an incredible asset in decoding the complexities of the cryptocurrency market. For instance, guessing a Litecoin address like M3Nz27irPzZNChtbwEG3i2Fz7VBXqk or an Ethereum address like 0x0ed0567224546d0a8edf5c4ee7ddadafa72aa379.",0.97,0.03,0.96,0.04,0.06999999999999995,0.93,0.98,0.02,0.97,0.03,0.06,0.04,0.9
Preventive medicine campaign will be conducted in Yasmin Extension. Contact us via +88-00.934-0224 for volunteer work.,0.30000000000000004,0.7,0.9,0.1,0.98,0.02,0.98,0.02,0.98,0.02,0.35,0.62,0.03
Urgent: Ignatius Kyle is responsible for Turcotte Inc case litigation. Query on 01-93.83 26-27 or reach at Noemi_OHara@gmail.com.,0.020000000000000018,0.98,0.030000000000000027,0.97,0.98,0.02,0.98,0.02,0.98,0.02,0.03,0.9,0.07
Annamarie during the health and safety class at 10 mentioned the importance of following the secure protocols when accessing IBAN MR7100057351483707323006054 and credit card number 0236777676475491.,0.97,0.03,0.09999999999999998,0.9,0.020000000000000018,0.98,0.97,0.03,0.98,0.02,0.01,0.03,0.96
"Dear Ashleigh Bradtke-Gibson, can you propose a strategy that aligns our current Interactions with the upcoming restructuring? Looking forward to your insights.",0.98,0.02,0.030000000000000027,0.97,0.99,0.01,0.99,0.01,0.99,0.01,0.05,0.92,0.03
"Dear Paxton, our records show your last visit was on 13/11/1942. We recommend making another appointment.",0.98,0.02,0.06999999999999995,0.93,0.99,0.01,0.99,0.01,0.99,0.01,0.08,0.88,0.04
"Dear Taylor, we haven't received payment for last consultation. Please submit ƒ100 using bank account 63523204. Provider, Representative of primary care appreciates your timeliness.",0.97,0.03,0.15000000000000002,0.85,0.06999999999999995,0.93,0.98,0.02,0.98,0.02,0.03,0.07,0.9
Abnormal activities on account Credit Card Account from LTC and ETH addresses: MZivenqbyrpPgPnA2vvYrdZAe8hE3R and 0xb05c3cde1cebebd8bcaee4cbfb07e0a9dddb88bd. Immediate attention needed.,0.98,0.02,0.97,0.03,0.030000000000000027,0.97,0.99,0.01,0.98,0.02,0.02,0.03,0.95
"Dear Ryan, this is a reminder on the upcoming 'Advanced Pedagogical Training in the Age of Digital Learning' workshop. Date: 3rd March. Please use your 6970505037133629 to cover the cost of materials.",0.97,0.03,0.15000000000000002,0.85,0.09999999999999998,0.9,0.97,0.03,0.98,0.02,0.03,0.1,0.87
"We are in the process of preparing a case to advocate for better personal data protection for our client, referred to as 1669246931096465 in Veneto.",0.97,0.03,0.75,0.25,0.8,0.2,0.98,0.02,0.97,0.03,0.6,0.15,0.25
"Dear Ms. Jules Reichel, as per the directive issued by the authorities, we need to confirm the details of your Litecoin address 3331sNEffgWaZ6dQqLb8S7C5eBsZN used for the transaction of 100 coins on 1925-10-08T09:35:12.901Z. Please reply to Alysha12@yahoo.com at your earliest convenience.",0.030000000000000027,0.97,0.040000000000000036,0.96,0.06999999999999995,0.93,0.98,0.02,0.98,0.02,0.01,0.08,0.91
"Patient 3049427972650813, previously under Terry and Sons, is now shifting to Murazik, Schuster and Ernser, and needs his records transferred. Use the oro6wLq_4SMD for verification.",0.97,0.03,0.8,0.2,0.65,0.35,0.30000000000000004,0.7,0.97,0.03,0.2,0.12,0.68
"Dear Serenity, due to third party payment gateway limitations, we will be sending your educational funds to your 3Sb8KQsXRv2TWW8qDwHf3mUemL7WQFFThX5gwh.",0.97,0.03,0.15000000000000002,0.85,0.06999999999999995,0.93,0.98,0.02,0.98,0.02,0.02,0.08,0.9
"During the investigation of the Stokes Freeway crime scene, a vehicle with the VIN number 4YNCRBE0W0JM35126 and registered to Adelbert Skiles was located nearby. 000 9036001 was listed as their contact information.",0.06999999999999995,0.93,0.020000000000000018,0.98,0.98,0.02,0.98,0.02,0.020000000000000018,0.98,0.01,0.06,0.93
Supply chain notifications will be forwarded to you through our Minnesota server at 77.83.15.182.,0.97,0.03,0.98,0.02,0.99,0.01,0.99,0.01,0.06999999999999995,0.93,0.25,0.05,0.7
"""During our deep-dive, we noticed that a credit card issued by visa with a CVV 211 is linked to your name. Can you confirm this?""",0.98,0.02,0.96,0.04,0.050000000000000044,0.95,0.97,0.03,0.99,0.01,0.04,0.06,0.9
Patient Destany (SSN: 795-96-5484) filed a lawsuit against her physician alleging unreasonable fees in the credit card 7034185469966620 issued by visa. Associated IP: 109.131.103.90.,0.97,0.03,0.010000000000000009,0.99,0.020000000000000018,0.98,0.98,0.02,0.020000000000000018,0.98,0.005,0.01,0.985
Mrs. Lisa_Brown91's psychological assessment suggests potential bipolar disorder. It's highly recommended she continue with ICU sessions.,0.97,0.03,0.12,0.88,0.98,0.02,0.98,0.02,0.98,0.02,0.08,0.72,0.2
"Ambulance dispatched to deliver emergency aid to Cisgender male personnel at Low Road, 4391. Current obstacle: heavy traffic at [10.3025,-49.3837] according to our GPS. 9STD7UNA8GU531222 is on scene.",0.12,0.88,0.94,0.06,0.98,0.02,0.99,0.01,0.030000000000000027,0.97,0.02,0.08,0.9
"Please take note, the 30-149498-241567-2 user contributed important data that helped map the spread in Somerset.",0.97,0.03,0.75,0.25,0.96,0.04,0.98,0.02,0.96,0.04,0.6,0.28,0.12
Campus safety update: a suspicious vehicle with VRM RC11QRQ was reported on Moss Lane. It's a white van and was parked near building number 8727. Please contact security if you see it.,0.7,0.3,0.95,0.05,0.98,0.02,0.98,0.02,0.050000000000000044,0.95,0.1,0.2,0.7
"Hi Mr. Breitenberg, there will be a fundraiser to raise financial support for kids with learning disabilities. It's on 14/02/1907 at 2:40 AM. Let's stand together for this cause.",0.97,0.03,0.06999999999999995,0.93,0.99,0.01,0.99,0.01,0.99,0.01,0.1,0.87,0.03
"Good morning team, kindly update our company-wide area of operations list. Include the latest addition of Integration and consider other potential areas for expansion. Feel free reach out to our operations manager at Santa_Goldner79@gmail.com for further clarifications.",0.030000000000000027,0.97,0.44999999999999996,0.55,0.99,0.01,0.99,0.01,0.99,0.01,0.05,0.9,0.05
"To ensure security, please update your password to yJReIgFVVfsb by 23th May, to prevent unauthorized access.",0.98,0.02,0.98,0.02,0.99,0.01,0.030000000000000027,0.97,0.99,0.01,0.03,0.03,0.94
"The prepayment has been received, thanks to your bank GUEMOM94NDK. We're in the Southeast wing of the main building. Please provide the IBAN (LV58WLHK7W1MR5T322OEE) for further transactions.",0.95,0.05,0.96,0.04,0.020000000000000018,0.98,0.98,0.02,0.98,0.02,0.01,0.03,0.96
"Hello Miss Lemke, This is a parent's support email. We are here to help you with your child's health issues and are confident that we can provide the best care for your child. Please confirm Mark.Paucek on https://french-kinase.biz/ and the insurance policy number44860973.",0.9,0.1,0.050000000000000044,0.95,0.75,0.25,0.97,0.03,0.97,0.03,0.08,0.6,0.32
"The hiking club is having its first hike of the year this weekend. We shall be meeting up at the Northeast part of the park, close to [12.4092,16.1604]. Come prepared and stay hydrated!",0.95,0.05,0.97,0.03,0.98,0.02,0.98,0.02,0.15000000000000002,0.85,0.3,0.1,0.6
Call out to all amber–eye residents from the 04978-9665 zip code! Make sure to receive the vaccine!,0.7,0.3,0.97,0.03,0.98,0.02,0.98,0.02,0.97,0.03,0.68,0.29,0.03
"To continue providing cognitive therapy sessions, we need to charge your credit card 7722456093091626 from discover for the amount of ₪806k. Please confirm the charge by replying to this email (Eddie.Rodriguez@yahoo.com) or calling us at (85)-1309 2446.",0.010000000000000009,0.99,0.07999999999999996,0.92,0.010000000000000009,0.99,0.98,0.02,0.98,0.02,0.01,0.02,0.97
Received authorization for Address 0x69bcf8bd38179928e08fe3c4f75f3f1ae7a7b5ef for a patient's medical procedure. Please put it in patient file 642-42-2137.,0.97,0.03,0.19999999999999996,0.8,0.050000000000000044,0.95,0.98,0.02,0.97,0.03,0.02,0.03,0.95
"In our effort to promote eye health awareness, we are seeking volunteers with Grey for a monthly check-up campaign. For more details, log-in with your 'user agent': Mozilla/5.0 (X11; Linux x86_64 AppleWebKit/536.0.0 (KHTML, like Gecko) Chrome/33.0.872.0 Safari/536.0.0.",0.98,0.02,0.97,0.03,0.99,0.01,0.97,0.03,0.040000000000000036,0.96,0.08,0.05,0.87
You've received a message from your patient on the occupational therapy portal. Please check your portal using your credentials Mohammad.Wiegand and respond by 26/01/2017.,0.97,0.03,0.15000000000000002,0.85,0.98,0.02,0.9,0.1,0.98,0.02,0.15,0.77,0.08
"Hello Barton, please make sure to secure your internet connection. The system flagged your IP 199.26.226.175 as potentially compromised. Prompt action is required.",0.97,0.03,0.09999999999999998,0.9,0.99,0.01,0.99,0.01,0.020000000000000018,0.98,0.02,0.1,0.88
"Greetings Hillary, As you know, estate planning is crucial. With your job in Data, setting aside assets is paramount. Kindly get back to us.",0.98,0.02,0.06999999999999995,0.93,0.98,0.02,0.99,0.01,0.99,0.01,0.12,0.85,0.03
"Good afternoon, Savanna. You have an appointment on 30/07/1971. Please be sure to bring your mask and sanitize before entering the clinic. Your adherence to our COVID-19 protocols is highly appreciated.",0.97,0.03,0.050000000000000044,0.95,0.98,0.02,0.98,0.02,0.98,0.02,0.07000000000000002,0.8500000000000001,0.08000000000000002
Carmela's scheduled for her next assessment on 10th November. Her mood charts suggest some improvement.,0.98,0.02,0.050000000000000044,0.95,0.99,0.01,0.99,0.01,0.99,0.01,0.08,0.85,0.07
"Evergency procedure training scheduled for 23th January at 09. All medical staff required to attend. Location coordinates: [76.5997,122.3857]",0.95,0.05,0.96,0.04,0.98,0.02,0.98,0.02,0.09999999999999998,0.9,0.3,0.08,0.62
"Hi, during our competitive analysis, we found unusual activity from IP 28.204.243.96 on https://incomparable-yesterday.com which might be from one of our competitors. Anastacio, please look into this.",0.97,0.03,0.15000000000000002,0.85,0.99,0.01,0.99,0.01,0.040000000000000036,0.96,0.05,0.15,0.8
A data breach occurred in Mitchelltown. The culprit IP seems to be 146.32.63.157. Get in touch with Chauncey at +70.71-672 0425 for further instruction.,0.030000000000000027,0.97,0.06999999999999995,0.93,0.98,0.02,0.98,0.02,0.040000000000000036,0.96,0.02,0.15,0.83
"Hi Team, be informed that the IP fb89:d5b9:e739:b9a7:800c:cf6f:544e:6c55 has been detected as harmful, affecting our Ethereum blockchain address 0x7b52fb6a946cf14aed8944a1bc2f1aa015dadfda which has been suspended for the time being. Our technical lead Kennedy is investigating the issue. Please refrain from conducting any transactions till further notice.",0.97,0.03,0.25,0.75,0.040000000000000036,0.96,0.98,0.02,0.040000000000000036,0.96,0.02,0.05,0.93
"Dear student, if you are having trouble managing your time, connect to our time management app with 89.201.248.30 through your Mozilla/5.0 (Macintosh; PPC Mac OS X 10.6.7; rv:12.5) Gecko/20100101 Firefox/12.5.2.",0.98,0.02,0.98,0.02,0.99,0.01,0.99,0.01,0.030000000000000027,0.97,0.08,0.04,0.88
You can pay for the orthopedic adjuster using ₨Quetzal on our platform. Please enter your 611 for the transaction.,0.97,0.03,0.97,0.03,0.9,0.1,0.85,0.15,0.98,0.02,0.75,0.07,0.18
13. Please process payment of 817k to account 96841922 (BIC: XOLHCIYOFC1) for web services.,0.97,0.03,0.96,0.04,0.030000000000000027,0.97,0.98,0.02,0.98,0.02,0.02,0.03,0.95
"Our art project gallery is now live for Female officials. Access through the browser Mozilla/5.0 (X11; Linux i686 AppleWebKit/531.1.2 (KHTML, like Gecko) Chrome/29.0.846.0 Safari/531.1.2.",0.98,0.02,0.97,0.03,0.99,0.01,0.99,0.01,0.040000000000000036,0.96,0.08,0.05,0.87
"We've noted a fraudulent charge on your credit card 6479736033678413 verified by american_express, associated with your account Francis.Shields89,. Email Lupe94@hotmail.com or use this https://physical-clover.org link to report the unauthorized transaction of $583,056.49.",0.030000000000000027,0.97,0.19999999999999996,0.8,0.020000000000000018,0.98,0.97,0.03,0.97,0.03,0.01,0.03,0.96
"Rasheed, we've noticed international trade law discrepancies in our contracts. As our Global Solutions Producer, kindly review them. Please get back to us via email at Saige49@yahoo.com.",0.030000000000000027,0.97,0.09999999999999998,0.9,0.99,0.01,0.99,0.01,0.99,0.01,0.04,0.93,0.03
The Applications business in Valais has shown promising sales figures. Further details at 89.84.60.186.,0.98,0.02,0.98,0.02,0.99,0.01,0.99,0.01,0.040000000000000036,0.96,0.08,0.04,0.88
"If you prefer driving to the office, kindly register your vehicle in the system with your name Lucas Harper Breitenberg and the vehicle's VIN LK32PRJ7DBSM85780 and VRM UT38XMR.",0.98,0.02,0.020000000000000018,0.98,0.99,0.01,0.99,0.01,0.020000000000000018,0.98,0.01,0.08,0.91
"Simeon Koss-Waelchi, we have noticed an IP 27.15.65.246 repeatedly accessing the secure sections of our website. Since your role is Dynamic Security Agent we ask that you investigate this further.",0.97,0.03,0.030000000000000027,0.97,0.98,0.02,0.98,0.02,0.030000000000000027,0.97,0.02,0.13,0.85
"I am Travis41, live in Northamptonshire county in Oklahoma, currently facing severe financial stress due to accumulated credit card (8177978011875047) debt after losing my job as Legacy Quality Planner. Looking to file for bankruptcy. Please guide.",0.97,0.03,0.4,0.6,0.030000000000000027,0.97,0.98,0.02,0.98,0.02,0.02,0.04,0.94
"Ms. Janet Labadie, would love to discuss Neuropsychology. Please make payment of ₦607047 for the session. Contact me via Anahi7@hotmail.com or 024 8766321.",0.020000000000000018,0.98,0.030000000000000027,0.97,0.97,0.03,0.99,0.01,0.99,0.01,0.02,0.93,0.05
Our Officer team working in Washington County will need access to our system. Code: hjlGWnTp2ufi.,0.98,0.02,0.97,0.03,0.98,0.02,0.25,0.75,0.98,0.02,0.22,0.06,0.72
"Miss Adelia, try to turn conflict into dialogue.",0.98,0.02,0.15000000000000002,0.85,0.99,0.01,0.99,0.01,0.99,0.01,0.25,0.72,0.03
"Mrs. Avery Murazik, your insight on healthcare reform was incredibly valuable. We would like to send documents to Naomi29@gmail.com for further discussions on improving patient care.",0.020000000000000018,0.98,0.030000000000000027,0.97,0.99,0.01,0.99,0.01,0.99,0.01,0.02,0.94,0.04
"In order to provide better digital learning resources, we are investigating access issues on our platform. Please provide your current 77.74.85.9 for our Direct Brand Coordinator to look into the matter.",0.97,0.03,0.97,0.03,0.99,0.01,0.99,0.01,0.040000000000000036,0.96,0.05,0.07,0.88
"To help ensure increased productivity, we have added a new Mozilla/5.0 (Windows; U; Windows NT 6.3)AppleWebKit/534.2.2 (KHTML, like Gecko) Version/7.1.5 Safari/534.2.2 version. For geolocalization concerns, our address is 89184-0106.",0.55,0.45,0.97,0.03,0.98,0.02,0.98,0.02,0.06999999999999995,0.93,0.15,0.25,0.6
"According to our record, your next premium will be 553095.95 UAH. Please make sure to have enough balance",0.98,0.02,0.98,0.02,0.97,0.03,0.99,0.01,0.99,0.01,0.94,0.04,0.02
"Dear Mrs., in our upcoming trade law seminar, we will discuss recent changes in currency regulations pertaining to Venezuelan bolívar and EGP. Your insights as a Customer Division Architect would be invaluable.",0.98,0.02,0.94,0.06,0.98,0.02,0.99,0.01,0.99,0.01,0.9,0.08,0.02
"Gathering data on global education trends in Somerset. Submit details on 1iVrgxsn7JMv6HzEwxxpo5manRumU7LtExx, password: wBM1Mv0r9SZ1.",,,,,,,,,,,,,
"Hi Narciso. For prompt healthcare bookings, verify 15-261554-906720-6. Set strong sZDILeWMrYfz for secure transactions.",0.95,0.05,0.09999999999999998,0.9,0.85,0.15,0.12,0.88,0.96,0.04,0.03,0.12,0.85
Here is a briefing on the recent impacts of trade law on businesses in Minnesota. Available at https://petty-sunlamp.org/.,0.97,0.03,0.97,0.03,0.99,0.01,0.99,0.01,0.98,0.02,0.94,0.05,0.01
"Confidential: Paul's report shows high levels of work-related distress. Sent details, masked as needed, to her employer Manley_Stroman13@hotmail.com",0.030000000000000027,0.97,0.09999999999999998,0.9,0.98,0.02,0.98,0.02,0.98,0.02,0.03,0.85,0.12
The payment of Bahraini Dinar for our diagnostic tech encounter on 05/04/2023 has successfully been processed via 14jZHBzEgzVFh1gfPx6WbHtq9KoHzhvPpUN.,0.97,0.03,0.94,0.06,0.050000000000000044,0.95,0.98,0.02,0.98,0.02,0.04,0.05,0.91
"As our new Central Operations Liaison, we would like you to review our organizational design structure. The due date for this task is 12:46am.",0.98,0.02,0.97,0.03,0.99,0.01,0.99,0.01,0.99,0.01,0.95,0.04,0.01
"Dear Mrs. Oswald Finley Langworth, your recent research into geriatric psychology has piqued our interest. We would appreciate if you could pen a detailed article for our blog. Could you please send us the write-up by 1942-08-15T22:15:57.177Z on Lura93@gmail.com?",0.030000000000000027,0.97,0.040000000000000036,0.96,0.99,0.01,0.99,0.01,0.99,0.01,0.02,0.94,0.04
"As per the new banking laws, all banking-related email communications should now be encrypted. Please check your registered 1bEBzgpLh2tYtUSP1Fxn9FQTzLqibCaYNRDEKqC or 3ZSncpu5bHsRYeDD7rdnQGfw9MeZvMMVd address for further instructions.",0.95,0.05,0.97,0.03,0.09999999999999998,0.9,0.98,0.02,0.98,0.02,0.07,0.05,0.88
"In Maryland, the education policy reform is picking up pace. As a National Implementation Engineer, I am spearheading initiatives to make education more inclusive and future-ready.",0.98,0.02,0.97,0.03,0.99,0.01,0.99,0.01,0.99,0.01,0.95,0.04,0.01
"Idell, 1295706668365130 not processing. Please verify 5958949933550049 & CVV 570. Use ed2e:8600:e7ff:342a:eead:daa9:86c6:68da to log into the account.",0.96,0.04,0.15000000000000002,0.85,0.020000000000000018,0.98,0.97,0.03,0.040000000000000036,0.96,0.01,0.02,0.97
"Dear Mrs. Charlie Thompson, we have scheduled a consultation session with you on 06/05/1902 at 12:48pm to discuss our Rehabilitation Psychology strategies.",0.97,0.03,0.040000000000000036,0.96,0.99,0.01,0.99,0.01,0.99,0.01,0.06,0.9,0.04
"As part of an ongoing issue related to a cyber-attack on our servers by 45.122.18.210, we request your legal opinion as the Principal Research Engineer of the institution.",0.97,0.03,0.97,0.03,0.99,0.01,0.99,0.01,0.040000000000000036,0.96,0.1,0.05,0.85
We are located at 30461 on Bernier Green. Please provide your 95313 for correct directions.,0.30000000000000004,0.7,0.95,0.05,0.98,0.02,0.97,0.03,0.97,0.03,0.32,0.63,0.05
A reminder to the team to respect environmental legislation in Saskatchewan. Our discussions can be tracked via 0.137.50.63. Contact our Cisgender male respresentative.,0.95,0.05,0.94,0.06,0.98,0.02,0.98,0.02,0.15000000000000002,0.85,0.25,0.1,0.65
"All participants are required to update their personal details, such as contact number and age, in our database. Please ensure that you avoid sharing sensitive information like your 482-66-7733 or NL69EAKN8201207210. For assistance, contact us at +506.587 089.2889.",0.35,0.65,0.06999999999999995,0.93,0.050000000000000044,0.95,0.97,0.03,0.97,0.03,0.02,0.05,0.93
"Hello Elyse, our team invites you to evaluate our new diagnostic tech. For your comfort, we chose the location near [7.4001,94.4563].",0.96,0.04,0.050000000000000044,0.95,0.98,0.02,0.98,0.02,0.06999999999999995,0.93,0.02,0.12,0.86
"Miss Blick, payment request of Rbl659k from account 27446563 for a pharmaceutical transaction has been initiated. Kindly confirm.",0.97,0.03,0.09999999999999998,0.9,0.06999999999999995,0.93,0.98,0.02,0.98,0.02,0.03,0.1,0.87
"Dear Julien, kindly update your iPad to continue using our educational resources. The best performance guaranteed with Mozilla/5.0 (compatible; MSIE 8.0; Windows NT 5.0; Trident/7.0) and above.",0.97,0.03,0.09999999999999998,0.9,0.98,0.02,0.98,0.02,0.15000000000000002,0.85,0.05,0.3,0.65
"Field trip to Northwest open to students. Payment of ман457k due before March 25, 2015 to IBAN GR360404402466V977Y8230Y6N5. Call Senior Operations Executive on +29.149 242-1905 for queries.",0.06999999999999995,0.93,0.94,0.06,0.030000000000000027,0.97,0.98,0.02,0.98,0.02,0.02,0.06,0.92
I require the total cost of the surgical procedure for patient Johanna Morar which is scheduled on 11/12/1904. Please review the case and provide an estimate at Rowan.Rice93@hotmail.com.,0.020000000000000018,0.98,0.030000000000000027,0.97,0.98,0.02,0.99,0.01,0.99,0.01,0.02,0.85,0.13
"Please remember the appointment on 5/00 with the geriatric patient at Apt. 325, 12840-6492. The patient's name is Aniyah_Kshlerin-Champlin52. They will provide you with more important information.",0.19999999999999996,0.8,0.09999999999999998,0.9,0.98,0.02,0.98,0.02,0.98,0.02,0.05,0.85,0.1
Important notice! There'll be a system update on 18/04/1951. Site https://clean-finger.name will be down during this time. Plan accordingly.,0.96,0.04,0.88,0.12,0.98,0.02,0.98,0.02,0.97,0.03,0.86,0.1,0.04
"You know, Abe was the one who started talking about the need for public school reform in the North Rhine-Westphalia.",0.98,0.02,0.09999999999999998,0.9,0.99,0.01,0.99,0.01,0.98,0.02,0.15,0.83,0.02
"We have a copyright issue concerning our Group operations. Reva, can you draft necessary legal documents?",0.98,0.02,0.15000000000000002,0.85,0.99,0.01,0.99,0.01,0.99,0.01,0.25,0.73,0.02
"Dear Beverly.Leuschke68, get ready for our coming health and wellness week. We will have guest speakers, virtual meetings and workplace assessments. You can get more info at https://automatic-definition.biz/.",0.92,0.08,0.15000000000000002,0.85,0.98,0.02,0.98,0.02,0.97,0.03,0.2,0.77,0.03
This is to notify you about the changes in your tax plan. The state of Basel-Landschaft and county of Lake County have revised laws affecting businesses. Will connect with Legacy Branding Associate soon. Check in with https://basic-reparation.com/ for details.,0.97,0.03,0.96,0.04,0.99,0.01,0.99,0.01,0.99,0.01,0.93,0.06,0.01
"Hello Female, our therapists are available on a 24/7 basis. Reach out whenever it's convenient. PS: To avoid hackers, it's recommended you change your Cp9Kbr8pMR0B on a monthly basis.",0.97,0.03,0.95,0.05,0.97,0.03,0.15000000000000002,0.85,0.97,0.03,0.13,0.04,0.83
"Dear Cameron, Thank you for agreeing to be a part of the Orientation session. Could you please share some time management tips? We can add this information on our official page (https://ethical-poisoning.biz/).",0.95,0.05,0.06999999999999995,0.93,0.99,0.01,0.99,0.01,0.98,0.02,0.12,0.86,0.02
I am Corporate Quality Consultant in charge of student number 1499270124758255. I have noticed some alarming trends in their behavior that need immediate attention. I would like to schedule a meeting with you to discuss this.,0.97,0.03,0.7,0.3,0.9299999999999999,0.07,0.98,0.02,0.98,0.02,0.55,0.33,0.12
"To minimize conflicts of interest, I like to stay updated on my clients' industrial updates. Here I found PT86660466490031205820045, and I am curious about this bank account. It's from the Manat region if I'm not wrong. I want to know if this is ethical and under the current legal standards?",0.98,0.02,0.97,0.03,0.030000000000000027,0.97,0.99,0.01,0.99,0.01,0.03,0.04,0.93
"We noticed a donation attempt from your IP bbc2:f9e8:8eb4:deac:a7f9:b03b:bda3:5266 using cryptocurrency address 3YPvmkvV1D4Qs3YA64VLctpb4QWYEbcJbLdidsU. However, there were some issues. Could you retry or use other means?",0.98,0.02,0.98,0.02,0.050000000000000044,0.95,0.99,0.01,0.040000000000000036,0.96,0.02,0.03,0.95
Please remember your $986.37k fee for tomorrow's session. You can transfer it to MD44GG0827S32P028YP36650 or 0x9f4e472f5abb956a746cd313fb9a6aa3ee11ac7d.,0.97,0.03,0.97,0.03,0.020000000000000018,0.98,0.98,0.02,0.98,0.02,0.02,0.03,0.95
"Any issues with accessing the healthcare portal. Connect with us using Mozilla/5.0 (Windows; U; Windows NT 5.1)AppleWebKit/533.1.0 (KHTML, like Gecko) Version/4.1.0 Safari/533.1.0 browser, enter your 201.47.236.185 details and follow the instructions.",0.98,0.02,0.98,0.02,0.99,0.01,0.98,0.02,0.030000000000000027,0.97,0.05,0.05,0.9
"Hello Female, to proceed with your grant application, please provide your SSN 547 68 5066. Make sure your applied school is in state Centre-Val de Loire.",0.97,0.03,0.040000000000000036,0.96,0.97,0.03,0.98,0.02,0.98,0.02,0.02,0.05,0.93
"Regarding your mentorship subscription, your payment is due on September 5, 1922. Please ensure the credit card 9041225257637731 has sufficient balance.",0.98,0.02,0.97,0.03,0.020000000000000018,0.98,0.99,0.01,0.99,0.01,0.01,0.02,0.97
Hi! You've been given a Rwanda Franc allowance. Code of your currency: CLP.,0.98,0.02,0.98,0.02,0.97,0.03,0.97,0.03,0.99,0.01,0.94,0.04,0.02
"Dear Ms. Roberts, As part of our yearly school function, we are organizing an event. We would like Edwin to participate in a singing competition.",0.98,0.02,0.030000000000000027,0.97,0.99,0.01,0.99,0.01,0.99,0.01,0.08,0.9,0.02
Please arrange a session with Customer Division Architect at Hilll LLC. Send details to 251.40.16.148. Fee can be sent to my account 22999754. Address is Kacie Inlet.,0.8,0.2,0.92,0.08,0.07999999999999996,0.92,0.97,0.03,0.050000000000000044,0.95,0.03,0.07,0.9
Donation receipt: 22th February via Account 08619721. Amount: £0.00b. This will support literacy in Metzstead. Please keep for your records.,0.97,0.03,0.96,0.04,0.30000000000000004,0.7,0.98,0.02,0.98,0.02,0.3,0.05,0.65
Peer tutoring for Alicia is scheduled on 11/32. Please check Audra72@gmail.com for the details.,0.030000000000000027,0.97,0.050000000000000044,0.95,0.99,0.01,0.99,0.01,0.99,0.01,0.03,0.94,0.03
"Mrs. Mayer, in our next therapy session, we could cover topics around general health and wellbeing for members like Derick who is 48 years years old, a critical age.",0.98,0.02,0.06999999999999995,0.93,0.99,0.01,0.99,0.01,0.99,0.01,0.1,0.85,0.05
"Hello Kelley, I am Dr. Roob, your new rheumatologist. Let's go through your past reports together on 1973-10-13T04:38:07.481Z. Can we meet at my office near [59.5097,5.0176] around 3 PM?",0.95,0.05,0.050000000000000044,0.95,0.98,0.02,0.98,0.02,0.06999999999999995,0.93,0.02,0.15,0.83
"As part of updating our client database, could you please verify your Bitcoin address 3DHHWk1uYuoouZUfBQVNik8FGrb9dM and LiteCoin address 3W5EzibgnKGc2fxTRXi8Xp8RUD1QzXwqo? This is to ensure we have accurate data for clients who would like to make crypto payments.",0.98,0.02,0.97,0.03,0.030000000000000027,0.97,0.98,0.02,0.98,0.02,0.02,0.03,0.95
"We are arranging a Zoom meeting for parents at 09:41. For any technical problems, reach out to 72.63.154.207.",0.92,0.08,0.97,0.03,0.99,0.01,0.99,0.01,0.050000000000000044,0.95,0.1,0.08,0.82
"For security purposes, please confirm your litecoin address MKzPGiL2VLV7rxTs1m1XyMSC513pb6 linked to the account running the 'learning spectrum-analyzer tool'. Also, is the city registered still South Loyal?",0.97,0.03,0.96,0.04,0.040000000000000036,0.96,0.98,0.02,0.97,0.03,0.03,0.04,0.93
Seeking contributions for a public health initiative serving Female. Kindly direct all funds to AD199654053180L1025B176O.,0.97,0.03,0.96,0.04,0.050000000000000044,0.95,0.98,0.02,0.98,0.02,0.04,0.03,0.93
"As a part of our ongoing effort to improve the psycho-oncology services in Appenzell Innerrhoden, we are launching a survey that would require some of your data including your date of birth April 9, 1981, gender Cisgender man, and job area Marketing. Your cooperation is highly appreciated.",0.98,0.02,0.06999999999999995,0.93,0.99,0.01,0.99,0.01,0.98,0.02,0.1,0.75,0.15
"Hi Cristopher, follow-up with Ms.Hermiston on 17/02/1922 in accordance with your geriatric care. Answer security token 0690 to confirm.",0.97,0.03,0.050000000000000044,0.95,0.98,0.02,0.44999999999999996,0.55,0.98,0.02,0.03,0.47,0.5
Never share your 74V1NN3ZA4GY10750 or HC52PME in online forums.,0.98,0.02,0.97,0.03,0.97,0.03,0.97,0.03,0.06999999999999995,0.93,0.06,0.04,0.9
"""We're planning to use vehicle YX30IJD for some specific investigations related to our ongoing case. Can you let me know if the vehicle is available for the timeframe May 21, 1998 - 09/04/1975?""",0.98,0.02,0.94,0.06,0.99,0.01,0.99,0.01,0.040000000000000036,0.96,0.08,0.1,0.82
"Hello Kris, we're offering a free life skills course tailored for Demi-man. Interested? You can reach us at 00 6544 4480 or email us at Alda_Rosenbaum@gmail.com.",0.020000000000000018,0.98,0.050000000000000044,0.95,0.99,0.01,0.99,0.01,0.99,0.01,0.02,0.95,0.03
"Upon finishing the program, all candidates aged >60 are eligible for a subsidized trip to Occitanie. Please email your DOB (1936-01-28T05:48:03.872Z) to verify age. For queries, dial 0932 75562115. Or reach us at Glover Gardens, 15256, 42746.'",0.15000000000000002,0.85,0.15000000000000002,0.85,0.97,0.03,0.98,0.02,0.97,0.03,0.05,0.65,0.3
"In-service day: Training for educators on inclusion strategies, 1977-06-26T16:17:33.117Z. Please respond to Cale38@gmail.com to confirm attendance.",0.030000000000000027,0.97,0.88,0.12,0.99,0.01,0.99,0.01,0.99,0.01,0.05,0.9,0.05
"Dear Human Paradigm Technician, this message is to notify that the new security measures have been implemented. Please ensure to change the AO0PpNK2IKyh of vendor account 05615030. For more information, check our website at https://elliptical-forever.info/.",0.96,0.04,0.95,0.05,0.6,0.4,0.5,0.5,0.97,0.03,0.4,0.08,0.52
We require all necessary medical documents of patient Female for further observation. Kindly send them to our Herefordshire office. Her scheduled session will start from 1977-12-22T03:13:28.503Z and charges of kr839829.40 will be automatic.,0.96,0.04,0.78,0.22,0.97,0.03,0.99,0.01,0.98,0.02,0.68,0.22,0.1
"We're conducting a study on learning disabilities, centered around 3fb2:e022:bd60:ffce:14c0:d057:ad3e:cde3 for data analysis. Participants' addresses are masked under Suite 491, Erickberg, and 94247-9236.",0.4,0.6,0.95,0.05,0.97,0.03,0.98,0.02,0.050000000000000044,0.95,0.05,0.15,0.8
Could Dr. Cremin please access the provided https://everlasting-gale.com and assist in designing a curriculum that closely aligns with the latest theories in educational psychology?,0.96,0.04,0.09999999999999998,0.9,0.99,0.01,0.99,0.01,0.98,0.02,0.14,0.84,0.02
"On behalf of our dental clinic, I welcome you, Frederique, to our comprehensive dental health services program. Your appointment for check-up is set for 03/08/1904. We would need you to also send your billing details. IBAN is BG28JIRX0647046460D38Y.",0.97,0.03,0.050000000000000044,0.95,0.020000000000000018,0.98,0.98,0.02,0.98,0.02,0.01,0.03,0.96
We need to conduct a strategy review for our Northwest division. Raynor Inc's success there has been worrying.,0.99,0.01,0.97,0.03,0.99,0.01,0.99,0.01,0.99,0.01,0.95,0.04,0.01
Public health initiative for 09318-0243 mainly targets Female. Show your support today by sending your donations to LT841600456033600199.,0.65,0.35,0.95,0.05,0.040000000000000036,0.96,0.98,0.02,0.97,0.03,0.04,0.06,0.9
"The stress management session for Directors has changed location to Suite 264, 371 Robel Dale, Yukon. Remember your PIN 7275 for entrance.",0.5,0.5,0.95,0.05,0.98,0.02,0.050000000000000044,0.95,0.98,0.02,0.04,0.1,0.86
"""Kian, We've observed a correlation between economic status and mental health in East Donton, especially those dealing in currencies such as Leone. We'd appreciate your insight on this in our upcoming research journal.""",0.98,0.02,0.15000000000000002,0.85,0.98,0.02,0.99,0.01,0.98,0.02,0.2,0.77,0.03
In-depth understanding of genomics could provide breakthroughs in personalized medicine. Could you login using Opera/12.2 (Windows NT 5.2; U; NN Presto/2.9.188 Version/11.00) and b6RYEypXIGkD and check the data for patient with 551-96-5252?,,,,,,,,,,,,,
"Hey, the library has received a new shipment of books on 9/69. Log in to Savings Account to see the list.",0.98,0.02,0.97,0.03,0.96,0.04,0.98,0.02,0.98,0.02,0.92,0.04,0.04
"As part of our student engagement initiative, we're starting a digital currency course using accounts 1gCsXXMYxgL1BJpvtL4hrWxLP7H, 0xefbc399ada82f2fecf7e28b74e35dfe764bbc2c5, and L19kCWgLrJPwgDw11tyJCDx6qrFDHsFw. MPD419LUcG8z will be required to access course materials.",0.97,0.03,0.96,0.04,0.050000000000000044,0.95,0.19999999999999996,0.8,0.97,0.03,0.02,0.03,0.95
"Attention all Supervisors, there's been a change in salaries. Details are provided in your respective Personal Loan Accounts.",0.98,0.02,0.98,0.02,0.97,0.03,0.99,0.01,0.99,0.01,0.95,0.03,0.02
"Confirmation of insurance claim settled, transaction details as follows: Bitcoin address: 3T6iHMQsPfUpHR4JSYjuu5NaGFPaXar, Amount: 7768383439762423 New Israeli Sheqel",0.98,0.02,0.98,0.02,0.040000000000000036,0.96,0.99,0.01,0.99,0.01,0.03,0.03,0.94
"Shayna Micah, a 55 years Androgynous hailing from the Northeast, has shown tremendous improvement in the program. She could achieve this with consistent effort and the proper use of tools provided. Connect us at 09-795797-288349-5 for the tools.",0.15000000000000002,0.85,0.050000000000000044,0.95,0.96,0.04,0.98,0.02,0.98,0.02,0.05,0.85,0.1
"9. Ms. Dakota states that while she was based in North Rhine-Westphalia her credit card issuer, discover, had been receiving suspicious login attempts from 3da7:bafd:abba:7fe3:5f2f:7d6d:d6dc:4da3.",0.97,0.03,0.09999999999999998,0.9,0.96,0.04,0.98,0.02,0.040000000000000036,0.96,0.02,0.08,0.9
Academic Olympiad Northwest: looking for Eye color: Blue with a Director background. Contact 6788271813926515 ASAP.,0.65,0.35,0.95,0.05,0.4,0.6,0.97,0.03,0.97,0.03,0.15,0.27,0.58
"Hi Brianne, we've detected login attempts into your online learning account from this unusual device 17:06:81:eb:9f:20. If this is not your device, please contact us and revise your password. Current password: jtPCCYxPCgCX",0.97,0.03,0.06999999999999995,0.93,0.98,0.02,0.020000000000000018,0.98,0.050000000000000044,0.95,0.01,0.03,0.96
"For the same case, we've been able to track a suspicious user agent Mozilla/5.0 (compatible; MSIE 8.0; Windows NT 5.2; Trident/3.1; .NET CLR 3.6.57436.2) and an IP address 64.1.179.207. These features might provide essential clues to identify the culprit.",0.98,0.02,0.98,0.02,0.99,0.01,0.99,0.01,0.010000000000000009,0.99,0.03,0.05,0.92
Checking Amya24's scores. Charged BZ$3789139159514121 to 8066847964352562 today.,0.97,0.03,0.6,0.4,0.25,0.75,0.97,0.03,0.97,0.03,0.12,0.18,0.7
"Ashleigh, your appointment is located in Tyne and Wear. Don't forget to check the map coordinates ([86.3032,-55.5076]).",0.97,0.03,0.15000000000000002,0.85,0.98,0.02,0.98,0.02,0.09999999999999998,0.9,0.03,0.22,0.75
"Mariela, we value your insight as we push for crucial changes in education policy in Reunion.",0.98,0.02,0.09999999999999998,0.9,0.99,0.01,0.99,0.01,0.99,0.01,0.15,0.83,0.02
"More regarding your medical consultation 'round 10:24 PM tomorrow, Mya. Please confirm your Cisgender man and 85 years old for our records once again.",0.98,0.02,0.09999999999999998,0.9,0.99,0.01,0.99,0.01,0.99,0.01,0.10000000000000002,0.8200000000000001,0.08000000000000002
The advanced medical imaging training for Krystina is now open. We would like to remind you that your personal 3zNpTwMGRKzzsUbqPv2YMx5aaNqAc3 is used for all transactions.,0.97,0.03,0.15000000000000002,0.85,0.15000000000000002,0.85,0.96,0.04,0.97,0.03,0.04,0.14,0.82
"Part of the report has a section dedicated to thanking our donors from Wizacester, Scotland. Your help has been invaluable, your identities have been protected unless you wish to be named in the report.",0.98,0.02,0.97,0.03,0.99,0.01,0.99,0.01,0.99,0.01,0.95,0.04,0.01
"Should've completed the analytics dashboard for our Operations department by now. If you haven't, please access the data using the temporary 5dRrvsP4vLPi or contact IT support at 49-899321-227872-0.",0.44999999999999996,0.55,0.95,0.05,0.97,0.03,0.15000000000000002,0.85,0.97,0.03,0.08,0.17,0.75
"Dear Mr., we are inviting you as a special guest to our webinar on educational psychology trends. Please confirm your attendance at 83-971629-561380-4.",0.65,0.35,0.92,0.08,0.96,0.04,0.98,0.02,0.31999999999999995,0.68,0.1,0.3,0.6
I was stunned by the data from Clwyd schools. The Solutions offerings in public institutions go toe to toe with private schools. Could it be linked to a unique demographic?,0.99,0.01,0.98,0.02,0.99,0.01,0.99,0.01,0.99,0.01,0.96,0.03,0.01
The Personal Loan Account named in health suit has been linked to 8SDRU78CF0J537267 with an 174.174.17.241 address linked to Opera/11.83 (Windows NT 6.3; U; BG Presto/2.9.190 Version/11.00) on a recent data record. Can you confirm it's yours and associated at 3:57am?,0.97,0.03,0.95,0.05,0.92,0.08,0.98,0.02,0.020000000000000018,0.98,0.03,0.07,0.9
We need to clarify the rules about Group grants acquired through Tugrik funds as per the higher education policies. Please send an email with your review and potential recommendations to Arianna.Christiansen85@gmail.com.,0.030000000000000027,0.97,0.15000000000000002,0.85,0.98,0.02,0.98,0.02,0.98,0.02,0.05,0.9,0.05
Investigation requested for possible IP infringement detected by Opera/14.79 (X11; Linux x86_64; U; SO Presto/2.9.170 Version/10.00). The suspicious IP address is 108.194.191.164. Please dig into this matter asap.,0.97,0.03,0.97,0.03,0.98,0.02,0.98,0.02,0.030000000000000027,0.97,0.04,0.04,0.92
"As part of our current educational psychology project, we are surveying students of different age, including those aged 61. An online questionnaire will be sent to their 952c:eba5:06b4:47ec:deef:3d90:fa8b:580a. Discussions will focus on their learning and behavior within the school environment.",0.95,0.05,0.94,0.06,0.98,0.02,0.98,0.02,0.050000000000000044,0.95,0.08,0.12,0.8
"Horace, the PR strategy for Stoltenberg LLC is ready for your Integration review. Kindly provide your insights by December 2, 1922 at Jordy17@hotmail.com. Your expertise enhances our approach.",0.030000000000000027,0.97,0.06999999999999995,0.93,0.98,0.02,0.98,0.02,0.98,0.02,0.04,0.9,0.06
"Female to male trans man, your medical imaging has been confirmed for 02/05/1939. Please ensure to pay the Rbl14.470k fee on our online platform at https://carefree-communist.name.",0.95,0.05,0.65,0.35,0.96,0.04,0.98,0.02,0.97,0.03,0.6000000000000001,0.30000000000000004,0.10000000000000002
"Hi prosf. Shawn, We've noticed irregular parsing patterns identical to MAC Address c9:93:cb:80:67:23 in your submitted script for the Data Analysis class. This is a severe academic dishonesty. Please respond.",0.97,0.03,0.15000000000000002,0.85,0.99,0.01,0.99,0.01,0.030000000000000027,0.97,0.02,0.08,0.9
"Based on your current age 10 years old and 5d53:0b58:0795:1bf1:1ada:8cbe:bcdc:8df5, there are quite interesting career options for you, Marianna.",0.98,0.02,0.06999999999999995,0.93,0.98,0.02,0.98,0.02,0.040000000000000036,0.96,0.02,0.1,0.88
"Dear Mr.Braun, beckoning your eminence and experience, we request your esteemed presence in our panel conversation on Advanced Cardiology on 4/22.",0.98,0.02,0.15000000000000002,0.85,0.99,0.01,0.99,0.01,0.99,0.01,0.2,0.78,0.02
Could you verify the last 4 digits (7821782674839059) of your card. We’ll be charging you ៛35 for the acupuncture session.,0.98,0.02,0.97,0.03,0.050000000000000044,0.95,0.98,0.02,0.99,0.01,0.03,0.03,0.94
"Patricia_Zieme, we noticed an unusual sign-in to your account. Kindly confirm this was you by confirming your device MAC 3e:f3:f9:1d:6b:ab.",0.97,0.03,0.06999999999999995,0.93,0.98,0.02,0.98,0.02,0.030000000000000027,0.97,0.02,0.08,0.9
"Bud, Your medical records are completely secure with our system. If needed, you can access them using your ID number 1910974124817669. In case of any assistance, please contact us.",0.97,0.03,0.050000000000000044,0.95,0.75,0.25,0.95,0.05,0.98,0.02,0.03,0.42,0.55
"As per the pharmaceutical regulations of our company, Kemmer, Lang and Klein, any new drug application shall be submitted by the lead Agent. Make sure you get approval from Branding department.",0.99,0.01,0.98,0.02,0.99,0.01,0.99,0.01,0.99,0.01,0.95,0.04,0.01
"Web education evaluation system experienced a hiccup caused by 1.21.237.194. However, no data was lost. Login using your new password: h8bAFjZV6Mnh.",0.97,0.03,0.97,0.03,0.98,0.02,0.020000000000000018,0.98,0.030000000000000027,0.97,0.02,0.03,0.95
"Checked career counseling slot in West Glamorgan, Hesse for 36 is available. Sent details to Zachariah.Beer90@gmail.com.",0.030000000000000027,0.97,0.15000000000000002,0.85,0.99,0.01,0.99,0.01,0.99,0.01,0.04,0.93,0.03
"Your online payment for dietary supplements via 9209403251446030, issuer american_express was successful.",0.98,0.02,0.98,0.02,0.030000000000000027,0.97,0.99,0.01,0.99,0.01,0.02,0.02,0.96
5124753269524750 case file update: Medical malpractice has been sighted. Fees are listed under: FI4776823540430043.,0.97,0.03,0.96,0.04,0.050000000000000044,0.95,0.98,0.02,0.98,0.02,0.04,0.04,0.92
"The debate competition will be organized in the 51739 zone with a strong focus on privacy. Participants' data including their 756.7911.8475, efb9:fd0d:be62:ccbc:c5be:b7fd:1839:95fe, and other sensitive information will be securely stored.",0.6,0.4,0.44999999999999996,0.55,0.96,0.04,0.98,0.02,0.050000000000000044,0.95,0.03,0.1,0.87
"""We need a report on how our client transactions involving bitcoin and other cryptocurrencies are being logged and stored given their increasing impact on the financial sector. Can you flag any accounts that have transactions involving 163c1NHiPAfN6qtFMfyUBPJ5h4L or 0xaaf640c445fbeb5ec007dcfef881c1cb0bc8c9f9?""",0.98,0.02,0.97,0.03,0.040000000000000036,0.96,0.99,0.01,0.98,0.02,0.04,0.04,0.92
"Dear team, For any technical issues faced during your account transition, please contact Lexie Walter at Anais95@yahoo.com.",0.020000000000000018,0.98,0.030000000000000027,0.97,0.99,0.01,0.99,0.01,0.99,0.01,0.03,0.94,0.03
"Hello Miss O'Kon, remember to send the student assessment reports to the Satterfield, Fadel and Kshlerin on August 13, 2021.",0.97,0.03,0.06999999999999995,0.93,0.99,0.01,0.99,0.01,0.99,0.01,0.1,0.88,0.02
"Respected Dr. James, as the head surgeon, kindly ensure the MAC surgical tools for the surgery on 05/11/1901 are well sterilized before the procedure. The associated MAC address is 9c:3a:56:a7:48:0b. Please verify with the assistance of our IT department.",0.97,0.03,0.15000000000000002,0.85,0.98,0.02,0.98,0.02,0.040000000000000036,0.96,0.03,0.1,0.87
"Dr. Rowan, update the emergency medical info for the patient on MAC address 94:58:9b:f0:c7:ac.",0.97,0.03,0.15000000000000002,0.85,0.98,0.02,0.98,0.02,0.030000000000000027,0.97,0.03,0.12,0.85
Patient with Female aged 51 years old has unique psychometric test results. This might have connections with web usage (Mozilla/5.0 (compatible; MSIE 10.0; Windows NT 6.1; Trident/5.0; .NET CLR 1.0.52105.8)) certain webpage: https://crazy-map.com/. Please review and update files with PIN00469545.,0.97,0.03,0.88,0.12,0.97,0.03,0.4,0.6,0.050000000000000044,0.95,0.04,0.08,0.88
Put a note in the system for Patient 626 98 2924 to update their payment info. The current card ending in 5679131587305201 has expired.,0.97,0.03,0.18000000000000005,0.82,0.040000000000000036,0.96,0.98,0.02,0.98,0.02,0.01,0.03,0.96
Greetings! I wanted to personally invite you to a parent only meeting regarding our Gifted learner's program at our school. Please update your Loren_Runolfsson93@hotmail.com or +326 71-360-9108 for more details.,0.020000000000000018,0.98,0.25,0.75,0.98,0.02,0.98,0.02,0.98,0.02,0.03,0.9,0.07
"Would you be interested in a round table discussion on 'disruption in medical education due to COVID' organized by Paucek, O'Connell and Blanda over Zoom? Invited panelists: Dr. Jaskolski. Schwyz, South Yorkshire representatives.",0.98,0.02,0.15000000000000002,0.85,0.99,0.01,0.99,0.01,0.99,0.01,0.2,0.78,0.02
Kindly provide the IP addresses details for accounts with transactions above kr804766 from 12/07/1972 - 11/09,0.97,0.03,0.94,0.06,0.95,0.05,0.98,0.02,0.94,0.06,0.8600000000000001,0.060000000000000005,0.08000000000000002
"Dear Mrs. Huel, there will be a brief Parent-Teacher meeting at our school located at 1107 N Broadway Street, Suite Apt. 646, Diamondview Thurgau. Kindly confirm attendance by calling back at this number +37 52-796-5044. Refreshments will be served.",0.040000000000000036,0.96,0.06999999999999995,0.93,0.99,0.01,0.99,0.01,0.99,0.01,0.04,0.92,0.04
"To ensure security, we've updated your lab computer's MAC address to 0a:07:90:9e:05:2a. If you have any issues logging in, refer your case to the IT department using the id code IWOBLT8B.",0.98,0.02,0.97,0.03,0.99,0.01,0.97,0.03,0.030000000000000027,0.97,0.08,0.05,0.87
"For subscriptions to our SEL program for F2M staff at Graubünden, we accept payments through the IBAN bank account: SK2400628044647009090067.",0.97,0.03,0.97,0.03,0.020000000000000018,0.98,0.99,0.01,0.99,0.01,0.03,0.03,0.94
"As part of our efforts in advancing the field of Humanistic Therapy, we would love to have a Investor Division Liaison like yourself onboard. Our team in Port Miracle would greatly benefit from your expertise.",0.98,0.02,0.97,0.03,0.99,0.01,0.99,0.01,0.99,0.01,0.94,0.05,0.01
Started financial planning for North West England branch. Monitoring server at e0c5:d3de:88df:bfde:b60f:8bc9:21cf:cf4d for data inflow.,,,,,,,,,,,,,
"Hello, it's Bradford. Could we get some epidemiology data from Clark County for our project with Morissette - Hilll?",0.98,0.02,0.07999999999999996,0.92,0.99,0.01,0.99,0.01,0.98,0.02,0.15,0.83,0.02
"Payment is due on Auto Loan Account. Please make payment using valid bank card 1527705447922160, CCV: 999, ISSUER: diners_club",0.98,0.02,0.97,0.03,0.020000000000000018,0.98,0.97,0.03,0.98,0.02,0.01,0.02,0.97
Willa from Robel - Weber will be reaching out to discuss some proposed changes in the Operations curriculum.,0.98,0.02,0.06999999999999995,0.93,0.99,0.01,0.99,0.01,0.99,0.01,0.12,0.86,0.02
"Ericka Sage, we appreciate your efforts in promoting physical therapy benefits for patients. We're planning new treatment plans for patients, especially for the elderly Male individuals who are 27 years old.",0.98,0.02,0.040000000000000036,0.96,0.99,0.01,0.99,0.01,0.99,0.01,0.08,0.88,0.04
"A message has been sent to your phones (24-480590-756285-2, 42-355325-862255-1...). The code received is needed to unlock next week's safety drill instructions.",0.8,0.2,0.97,0.03,0.97,0.03,0.95,0.05,0.12,0.88,0.08,0.1,0.82
The use of blockchain technologies such as 0x4b0f395a4dfa99381fccea2e281a4aaf09ed2ebe and 3HYPPRjz5ZHLF7Qm9NUtbx3LHeyBL1 has been recommended by many Human Program Engineer for future health data collection and sharing.,0.98,0.02,0.97,0.03,0.09999999999999998,0.9,0.98,0.02,0.97,0.03,0.08,0.04,0.88
"For the upcoming course on Learning Disabilities, please make a transfer using RS71777700223510600034 and LGXJMP13. The course costs лвCongolese Franc.",0.98,0.02,0.97,0.03,0.030000000000000027,0.97,0.97,0.03,0.98,0.02,0.02,0.03,0.95
"Parents! Our annual art contest will resume on October 5, 1932. Check our website https://well-groomed-tankful.info/ to see last year's amazing creations!",0.97,0.03,0.97,0.03,0.99,0.01,0.99,0.01,0.98,0.02,0.95,0.04,0.01
"The prospect patient has Eye color: Green eyes. To continue with the research we need someone from Cisgender category with green eyes, please refer.",0.98,0.02,0.97,0.03,0.99,0.01,0.99,0.01,0.99,0.01,0.9,0.08,0.02
The amount of DZD40776.57 for your appointment can be paid via 3NoHJ7HTMbocZvAbTT4zsVCU454hTw or 0xbbfe2b6c61ca2ff7ae7ec0debc66d6b375500b40.,0.98,0.02,0.98,0.02,0.030000000000000027,0.97,0.98,0.02,0.98,0.02,0.02,0.03,0.95
"I am almost 8 years old years now and seek help with scholarships. I am a lifelong resident of Appenzell Ausserrhoden, living here at this Suite 508.",0.65,0.35,0.9,0.1,0.98,0.02,0.98,0.02,0.98,0.02,0.6,0.37,0.03
"Dear Lyla, Referring patient with 46-328203-647644-2 number to Endocrinologist recommended, also noted Male with similar symptoms. Spread seems geographically dispersed to Southwest. Keep Tomasa15@yahoo.com in the loop.",0.030000000000000027,0.97,0.050000000000000044,0.95,0.96,0.04,0.98,0.02,0.97,0.03,0.02,0.63,0.35
"Hi, this is Karen from Parisian, Daugherty and Zboncak. We're coordinating a medical aid initiative for Appenzell Ausserrhoden. Can you please send over some contacts?",0.97,0.03,0.12,0.88,0.99,0.01,0.99,0.01,0.99,0.01,0.15,0.82,0.03
"Don't forget! The annual training conference is taking place at 59116, 25062.",0.85,0.15,0.97,0.03,0.97,0.03,0.97,0.03,0.9,0.1,0.8,0.13,0.07
"The curriculum review for the Division department, will be on 1910-07-11T12:59:00.764Z. Join us on https://daring-item.biz/. If connectivity issues occur, use this IP: 136.58.145.11. Login using Fidel72.",0.95,0.05,0.6,0.4,0.98,0.02,0.88,0.12,0.050000000000000044,0.95,0.08,0.2,0.72
"For updates regarding the school counseling schedule, please log into our portal using your computer with User Agent: Opera/14.27 (Windows NT 6.2; U; KW Presto/2.9.163 Version/11.00). If you encounter any issues, contact our support team on IP: 53ae:1cf3:9bb2:0cee:5ef3:2deb:8a71:dd0a.",0.95,0.05,0.97,0.03,0.98,0.02,0.98,0.02,0.030000000000000027,0.97,0.05,0.05,0.9
"Dear Reva, we've seen your interest and would like to invite you for an interview at our office located in Apt. 709. For any queries, contact at 34-632584-157565-1.",0.44999999999999996,0.55,0.06999999999999995,0.93,0.95,0.05,0.98,0.02,0.4,0.6,0.03,0.42,0.55
Kindly allocate budget of TalaCHF0.0b from account 48631279 for student database system. Contact me at fc42:ee0b:a2ad:5cf3:508f:8bdf:4c8c:0898.,0.92,0.08,0.96,0.04,0.15000000000000002,0.85,0.97,0.03,0.050000000000000044,0.95,0.03,0.07,0.9
"Hello Cleve, we were trying to reach you regarding the sustainable web practices presentation scheduled for 1/23. Kindly confirm your availability on 0243-00543716.",0.050000000000000044,0.95,0.09999999999999998,0.9,0.98,0.02,0.98,0.02,0.98,0.02,0.05,0.9,0.05
Requesting Factors IP catalog review. Reach out to Elta for credentials.,0.97,0.03,0.44999999999999996,0.55,0.98,0.02,0.95,0.05,0.96,0.04,0.45,0.5,0.05
The transaction for the therapy session happened from 101.4.163.12 with identification 73-015031-757686-6. We need verification for the same.,0.97,0.03,0.7,0.3,0.7,0.3,0.98,0.02,0.030000000000000027,0.97,0.03,0.07,0.9
"Notice of concern: Dortha, your coordinated logins via 8a8c:4f1f:8b94:795c:88c8:4eb7:ecd9:20c9 & 58:02:1e:05:33:22 are in violation of academic honesty policy.",0.98,0.02,0.09999999999999998,0.9,0.99,0.01,0.99,0.01,0.010000000000000009,0.99,0.01,0.05,0.94
The list of medicines prescribed to Male Izabella Kreiger requires an update. Please make note.,0.98,0.02,0.030000000000000027,0.97,0.99,0.01,0.99,0.01,0.99,0.01,0.05,0.85,0.1
"Your secondary address Apt. 450 is selected as your accommodation place, provided by the company. Transportation from Florida Skyway to the training venue will be arranged.",0.5800000000000001,0.42,0.97,0.03,0.99,0.01,0.99,0.01,0.98,0.02,0.55,0.42,0.03
"Hello, we've added a comprehensive module on biometrics in our curriculum. Please use your eye color Hazel for gaining access to the server IP: 0268:ccfa:a818:b5d0:c736:8d58:cced:d13f.",,,,,,,,,,,,,
"Pattie, we have logged your attendance for the Intranet course.",0.98,0.02,0.15000000000000002,0.85,0.99,0.01,0.99,0.01,0.99,0.01,0.25,0.72,0.03
"Hi Sherwood, a study revealed 20 years old is a crucial stage in your Assurance work. Please update your 1st October on our platform. Contact Ike17@yahoo.com if you need help.",0.040000000000000036,0.96,0.06999999999999995,0.93,0.98,0.02,0.98,0.02,0.98,0.02,0.03,0.85,0.12
"Remember, the costs for the museum trip will be reimbursed. Use your tour card with the number 6062670068322229 issued by visa. Submit any receipts and transaction references to the admin office.",0.97,0.03,0.96,0.04,0.030000000000000027,0.97,0.98,0.02,0.98,0.02,0.02,0.03,0.95
I've arranged for a meeting with Grant County health officials in Suite Apt. 119. Let's prepare a presentation showcasing our infrastructure and patient care.,0.65,0.35,0.96,0.04,0.98,0.02,0.98,0.02,0.97,0.03,0.62,0.35,0.03
"Hello Team, we hold a meeting at the Baltimore office building 9655 about the environmental challenges our company might face. It's on Wisozk Underpass. See you there.",0.7,0.3,0.96,0.04,0.98,0.02,0.98,0.02,0.97,0.03,0.68,0.29,0.03
25/08/2004 received the complaint against trash overflow in containers on Sandy Shoal. Share the details with all via https://sweaty-longboat.net.,0.96,0.04,0.95,0.05,0.99,0.01,0.99,0.01,0.98,0.02,0.93,0.06,0.01
Don't forget to update your medical insurance details. Please ensure the updated 3935141536015398 and issuer visa are correctly entered.,0.98,0.02,0.97,0.03,0.06999999999999995,0.93,0.98,0.02,0.98,0.02,0.04,0.04,0.92
"Dear Quinn, we require updated details about transactions from XK020149009660010078.",0.97,0.03,0.09999999999999998,0.9,0.09999999999999998,0.9,0.98,0.02,0.98,0.02,0.03,0.1,0.87
Important documentation attached along with brief on Legal State of Fife will require your personal JeBDgICxtYdL.,0.97,0.03,0.95,0.05,0.97,0.03,0.7,0.3,0.97,0.03,0.62,0.08,0.3
"""Please launch a risk management strategy considering the potential scenario where cryptocurrency losses from our LGNg24wWdMmdUG3pDB7nh5pjYHTCZRV and 0xda4faacdeccadc9c9e5972eec7a4e5dbcfb6edcc affect our overall portfolio.""",0.98,0.02,0.98,0.02,0.040000000000000036,0.96,0.99,0.01,0.98,0.02,0.03,0.04,0.93
"Rhianna, your recovery journey just got another supporter. Mr. Kennedy has added to your account Investment Account a sum of kr. Please confirm your 3Du44vQRRX5L7RhX4FE4hRgRXKDoYixp for validation.",0.97,0.03,0.050000000000000044,0.95,0.30000000000000004,0.7,0.8,0.2,0.97,0.03,0.02,0.3,0.68
Please see Dr. Jazmin Wolf for healing related to chronic pain and motor functions. His office is located in Suite 215 of the Northumberland Health Center.,0.75,0.25,0.030000000000000027,0.97,0.99,0.01,0.99,0.01,0.99,0.01,0.1,0.85,0.05
"In terms of transmitting our sales data for the upcoming meeting with investors, we would prefer to use Costa Rican Colon in our reports. Your tasks will involve converting our current and projected sales into New Zealand Dollar, and then preparing a presentation. All documents and data should be sent to your Estefania.Gutkowski94@gmail.com for validation.",0.030000000000000027,0.97,0.15000000000000002,0.85,0.97,0.03,0.98,0.02,0.98,0.02,0.05,0.88,0.07
The canvas model for our new Designer recruitment campaign needs reviewing. Please contact me ASAP at 159 Clare Parks.,0.09999999999999998,0.9,0.95,0.05,0.99,0.01,0.99,0.01,0.99,0.01,0.1,0.86,0.04
"For secure access to your standardized test scores, please use 231.242.189.48 from your registered device. Keep your 1kanHDBbpBoSLZv6dtjnJ8eZumW9WUuNShKo handy for any potential refunds.",0.97,0.03,0.97,0.03,0.09999999999999998,0.9,0.97,0.03,0.050000000000000044,0.95,0.02,0.03,0.95
"Hi Gabrielle, share passcode 8702 with the soccer team for locker room lockers.",0.98,0.02,0.06999999999999995,0.93,0.99,0.01,0.06999999999999995,0.93,0.99,0.01,0.03,0.1,0.87
"Hello Jennifer, we would like to invite you to the Global Education summit at co-ordinates [-53.0246,-109.9287].",0.97,0.03,0.06999999999999995,0.93,0.99,0.01,0.99,0.01,0.09999999999999998,0.9,0.03,0.22,0.75
Please ensure your payment details for the Home Loan Account are updated. The current Bitcoin address is 3h65ZUUczWzZJkvW78ARh9WCT791DdG.,0.98,0.02,0.97,0.03,0.050000000000000044,0.95,0.98,0.02,0.98,0.02,0.04,0.04,0.92
We have made a transaction of Mexican Peso from SK8267004008860308006833 to the sports medicine journal for subscription. This is done annually to keep up with the latest advancements.,0.98,0.02,0.98,0.02,0.020000000000000018,0.98,0.99,0.01,0.99,0.01,0.02,0.03,0.95
Reminder for next therapy session where London's height of 94 centimeters will be considered for certain exercises.,0.98,0.02,0.25,0.75,0.99,0.01,0.99,0.01,0.98,0.02,0.25,0.7,0.05
Registered nurse Monte is renowned for her dedication to patient care in North Walton. She is a true asset to Rice Inc.,0.98,0.02,0.09999999999999998,0.9,0.99,0.01,0.99,0.01,0.99,0.01,0.15,0.83,0.02
"Dear Simeon, we've processed your payment for remedial classes. Our resources are available at https://frightened-confidentiality.biz/. Use the account 23744552 to log in.",0.95,0.05,0.09999999999999998,0.9,0.7,0.3,0.8,0.2,0.97,0.03,0.08,0.6,0.32
"Camren Emard - your images from your latest scan have been processed and transferred to your email address, Sedrick13@yahoo.com. Please review them at your earliest convenience.",0.020000000000000018,0.98,0.030000000000000027,0.97,0.98,0.02,0.98,0.02,0.98,0.02,0.03,0.9,0.07
Interested in gaining a deeper understanding of how humanistic therapy impacts Female. Please get in touch with me through my 1UmXwofeY9zLDQfyALSGDBG1uR815r2XQt19.,0.94,0.06,0.96,0.04,0.12,0.88,0.97,0.03,0.97,0.03,0.09,0.06,0.85
"Hello Elody, your Product Division Producer here. Managed to schedule your therapy appointment. For payment purposes, use account Savings Account. Post payment, send me an email at Savion.McKenzie@yahoo.com.",0.030000000000000027,0.97,0.050000000000000044,0.95,0.92,0.08,0.98,0.02,0.98,0.02,0.03,0.85,0.12
"6. We're proud to have diverse employees with different backgrounds working across the globe. For instance, our Senior Engineer comes from Herefordshire. Though 38 years old old, she is an integral part of our team. You can reach her at 253.175.181.247.",0.85,0.15,0.9,0.1,0.98,0.02,0.98,0.02,0.09999999999999998,0.9,0.15,0.15,0.7
"During the last week's audit, we noticed suspicious activity on the account tied to this IBAN FI8813388502635093and BIC HZNXLUIC1JC. Can Felton, our financial representative, look into it?",0.98,0.02,0.15000000000000002,0.85,0.010000000000000009,0.99,0.99,0.01,0.99,0.01,0.01,0.03,0.96
"Considering the results from our health survey, it's clear that regions like North East England need our attention. Residents like Dr. Kai need access to better healthcare. Set a call at +58-70-362-6954 to discuss.",0.040000000000000036,0.96,0.21999999999999997,0.78,0.98,0.02,0.98,0.02,0.98,0.02,0.05,0.88,0.07
First football practice is 4/27. Make sure forms and fees are in for Roxanne to 0xd1df7ff7339a40bf7b5e044df671f3978b50e96f.,0.97,0.03,0.25,0.75,0.040000000000000036,0.96,0.98,0.02,0.97,0.03,0.03,0.07,0.9
"Regarding the trauma counseling, could you please set up encrypted communication with our client Brianne_Reichel for their scheduled counseling session at 8:57pm? Please use secure MAC 8f:c2:22:ab:67:9a.",0.97,0.03,0.06999999999999995,0.93,0.99,0.01,0.98,0.02,0.030000000000000027,0.97,0.01,0.08,0.91
"Dear Novella, as an esteemed Officer we invite you to our Response seminar. The seminar takes place in Howellside, East of England on 2011-07-21T05:20:18.440Z. We look forward to seeing you!",0.97,0.03,0.06999999999999995,0.93,0.99,0.01,0.99,0.01,0.98,0.02,0.1,0.87,0.03
"Your certificates, tied to your 75642163736, will be posted to you on completion of training. Meanwhile, make sure to log in from your registered 242.210.85.158.",0.95,0.05,0.4,0.6,0.94,0.06,0.96,0.04,0.040000000000000036,0.96,0.02,0.06,0.92
"Welcome, Winston. I've designed a nutrition plan for you, based on your profile. Please note, it's important to maintain a diet according to your height (179 centimeters).",0.98,0.02,0.15000000000000002,0.85,0.99,0.01,0.99,0.01,0.99,0.01,0.2,0.77,0.03
"Hi, there seems to be an ominous IPV6 like eda0:5cca:fc1e:ff64:16ab:730f:70d2:b3a2. Need Columbus from Solutions to look into it.",0.97,0.03,0.31999999999999995,0.68,0.98,0.02,0.98,0.02,0.040000000000000036,0.96,0.03,0.12,0.85
"Jennyfer.Zemlak65, as Designer, confirm receipt of vendor products. Check Suite 165 as well.",0.85,0.15,0.19999999999999996,0.8,0.98,0.02,0.98,0.02,0.98,0.02,0.25,0.72,0.03
"Verda, please find the test results of the automation project for the Facilitator role at server 142.128.179.61. Overall, it's looking promising with only a few kinks to rectify.",0.95,0.05,0.15000000000000002,0.85,0.98,0.02,0.98,0.02,0.06999999999999995,0.93,0.05,0.35,0.6
Can we discuss funding for a student exchange program? Our Bitcoin address is 1LAxifPQocKAGcCrSda8ndn29sZJwu and our Ethereum address is 0xa906db5d7eaef39e7ac00d8843bf0dbf6cd0ddff.,0.97,0.03,0.98,0.02,0.030000000000000027,0.97,0.98,0.02,0.98,0.02,0.03,0.03,0.94
"Hi, this is Braulio from student services. We don't collect data, such as 06898-5937, Suite 364, or 209-19-8014. Instead, we focus on holistic student engagement.",0.4,0.6,0.06999999999999995,0.93,0.96,0.04,0.97,0.03,0.97,0.03,0.05,0.2,0.75
"Remember parents, sports costume’s colour must match the player’s Grey. Visit us on Douglas Expressway to check the samples.",0.92,0.08,0.85,0.15,0.99,0.01,0.99,0.01,0.99,0.01,0.85,0.14,0.01
"Pansy, I suggest you to be careful with your data. Your 806-94-4165 and bank account 26019149 with KDYPETE8 can be used illicitly.",0.97,0.03,0.030000000000000027,0.97,0.030000000000000027,0.97,0.97,0.03,0.98,0.02,0.01,0.02,0.97
"As part of our healthcare policy updates, kindly submit patient age 29 years old rather than May 1, 1984 to ensure data privacy.",0.97,0.03,0.4,0.6,0.98,0.02,0.98,0.02,0.98,0.02,0.45,0.5,0.05
Hello Pierre. I have recently come across your articles on https://damp-basketball.org/. They are extremely informative and very well written. I was wondering if you can share your latest research on Mindfulness-based Therapy.,0.95,0.05,0.15000000000000002,0.85,0.99,0.01,0.99,0.01,0.98,0.02,0.2,0.78,0.02
"For safety, we need to confirm your 1st September and the last four digits of your SSN 552 51 1778.",0.97,0.03,0.040000000000000036,0.96,0.97,0.03,0.97,0.03,0.98,0.02,0.02,0.06,0.92
"Felicia, your account subscription to our special education resources has been successfully renewed. Payment took place via 3CCahMxAgnB3KjXy8WG6qvdUyjnGQBFRNjTRg52d.",0.97,0.03,0.25,0.75,0.19999999999999996,0.8,0.97,0.03,0.97,0.03,0.05,0.17,0.78
"Kaylee57, here is the access code: ZB9MgggxO1Ko to our art supply inventory.",0.97,0.03,0.55,0.45,0.98,0.02,0.06999999999999995,0.93,0.98,0.02,0.04,0.1,0.86
"Dear Candidate, your psychometric tests are scheduled to take place at Suite 981 Lew Centers, please provide any change of address immediately to avoid misunderstanding.",0.78,0.22,0.96,0.04,0.99,0.01,0.99,0.01,0.99,0.01,0.75,0.23,0.02
"America, requesting your fd1e:fea3:dafb:b231:e4d5:ea1d:cfae:4bf0 for verification before conducting a primary care telehealth session.",0.97,0.03,0.5,0.5,0.98,0.02,0.98,0.02,0.040000000000000036,0.96,0.03,0.07,0.9
Meet with cardiologist at Suite 599 at 21. Elisabeth Schmidt will oversee diagnosis.,0.75,0.25,0.030000000000000027,0.97,0.98,0.02,0.98,0.02,0.98,0.02,0.08,0.85,0.07
"Team, our sales forecast for the next quarter has been updated. We've projected a AFN0.00b increase in the Data sector.",0.99,0.01,0.98,0.02,0.99,0.01,0.99,0.01,0.99,0.01,0.96,0.03,0.01
We're looking forward to seeing you Patsy on 28th February for your Specialist internship kick-off!,0.98,0.02,0.06999999999999995,0.93,0.99,0.01,0.99,0.01,0.99,0.01,0.1,0.87,0.03
"Encouraging our students to participate more in Web. Thanks, Eleonore58, for the materials sent via IP 135.245.247.73.",0.97,0.03,0.44999999999999996,0.55,0.98,0.02,0.98,0.02,0.030000000000000027,0.97,0.03,0.12,0.85
"With your significant background in Communications, we would be glad if you can take a moment to visit us before the clinical trials start on October 22, 1994. You can get in touch with us at Jannie19@gmail.com.",0.030000000000000027,0.97,0.6,0.4,0.98,0.02,0.98,0.02,0.98,0.02,0.05,0.88,0.07
"Your telemedicine session on 11/09/1970 with Dr. Nikolaus was successful. Please check our email at Mikayla_Erdman@hotmail.com for the consultation summary. For any issues, please feel free to call 03964-110450.",0.020000000000000018,0.98,0.050000000000000044,0.95,0.98,0.02,0.98,0.02,0.98,0.02,0.03,0.85,0.12
"Dear Female to male transsexual man, we have a new palliative care program at Mesa. To know more visit our website at https://majestic-repeat.biz. Support us by making a contribution through our Litecoin Address: LZasbQ7bSYcNdhXamVheqH8MFx33REjEy. We appreciate your contribution.",0.96,0.04,0.95,0.05,0.040000000000000036,0.96,0.99,0.01,0.98,0.02,0.05,0.05,0.9
"Rex, we need a comprehensive analysis of how the revision in the securities law impacts our Personal Loan Account. Please use confidentially the account number 77129809 and BIC XHNBXKTIEX2 to gather necessary information.",0.97,0.03,0.44999999999999996,0.55,0.030000000000000027,0.97,0.98,0.02,0.98,0.02,0.02,0.03,0.95
"Good morning, The server located in Graubünden needs a system update and potential security checks as it stores health-related data of our clients. User agent currently detected as Opera/11.51 (Macintosh; Intel Mac OS X 10.5.7 U; VI Presto/2.9.168 Version/11.00). Thanks, I.T department.",0.98,0.02,0.97,0.03,0.99,0.01,0.99,0.01,0.030000000000000027,0.97,0.08,0.07,0.85
"Hello Alejandrin, we have organized a week's training program for parents and guardians. You can use the 7838836401771568 to hold a spot.",0.97,0.03,0.050000000000000044,0.95,0.15000000000000002,0.85,0.97,0.03,0.98,0.02,0.02,0.16,0.82
"Ashlynn, our school will be integrating an innovative online system for lectures. We would need additional training to fully utilize the software. The training costs can be covered with 0xa1490a47c378cbda7abab82da78df48d791f46b3.",0.97,0.03,0.09999999999999998,0.9,0.040000000000000036,0.96,0.98,0.02,0.98,0.02,0.02,0.05,0.93
"Health is very personal, Vilma. It's great seeing individuals like you making responsible decisions about their sexual and reproductive health. May we ask for your SSN, 908-45-1227 for registration?",0.97,0.03,0.010000000000000009,0.99,0.98,0.02,0.98,0.02,0.98,0.02,0.01,0.03,0.96
"Isaiah, your recent work on 3rd October has been exceptional. You've expertly bridged modern techniques with age-old practices.",0.98,0.02,0.09999999999999998,0.9,0.99,0.01,0.99,0.01,0.99,0.01,0.2,0.78,0.02
A Male of age 81 reported illness with alarming symptoms. Epidemiologists suspect an infectious disease. Commenced investigation.,0.98,0.02,0.97,0.03,0.99,0.01,0.99,0.01,0.99,0.01,0.93,0.05,0.02
"Miss Philip Angel Williamson, could you provide an overview of your work conducted in the Vonfurt regarding cross-cultural study?",0.98,0.02,0.030000000000000027,0.97,0.99,0.01,0.99,0.01,0.98,0.02,0.05,0.92,0.03
"Dear Mr. Sawayn, please refer to the attached document. It provides a comprehensive review of the legal aspects that apply to Functionality in Glarus. Regards, Leonora",0.98,0.02,0.050000000000000044,0.95,0.99,0.01,0.99,0.01,0.99,0.01,0.1,0.87,0.03
"Gift of STEM bookset for Dion. Use card 2748836818591494 for transaction. For query, reach out to Mozilla/5.0 (Macintosh; PPC Mac OS X 10.9.0; rv:6.8) Gecko/20100101 Firefox/6.8.6.",0.95,0.05,0.18000000000000005,0.82,0.030000000000000027,0.97,0.97,0.03,0.050000000000000044,0.95,0.01,0.03,0.96
"As part of our expansion strategy, we have identified a new location [25.2449,154.8211], expected to serve an approximate 183 centimeters population from the Northeast.",0.97,0.03,0.98,0.02,0.99,0.01,0.99,0.01,0.25,0.75,0.4,0.05,0.55
"To attend the sexual education seminar at our Pharr branch, please make a deposit of $707262.45 to 6186566817664124. The credit card issuer is jcb.",0.97,0.03,0.97,0.03,0.030000000000000027,0.97,0.98,0.02,0.98,0.02,0.02,0.03,0.95
We previously discussed the Maths Education proposal. I am still waiting for your answer. Please let me know your decision by 8:38am on 8/07.,0.98,0.02,0.97,0.03,0.99,0.01,0.99,0.01,0.99,0.01,0.95,0.04,0.01
"Please ensure you practice better time management, especially during exam season. Access the timetable on the school's portal by using this PASSWORD: DCFFmZHbPC_m and send any queries to my address: fec9:d2ff:accc:5d16:ec85:faa9:9430:bb87.",0.94,0.06,0.97,0.03,0.98,0.02,0.020000000000000018,0.98,0.040000000000000036,0.96,0.02,0.04,0.94
"Greetings, Mr. Laura Reese Erdman requests updated evidence transcripts from the court session of 8/45. She is the appointed Dynamic Accounts Facilitator for the litigation.",0.97,0.03,0.040000000000000036,0.96,0.98,0.02,0.98,0.02,0.98,0.02,0.06,0.9,0.04
We need to confirm the device IMEI number 03-585256-421076-6 used to access our compliance dashboard on 21/01/1984. Please verify.,0.98,0.02,0.88,0.12,0.98,0.02,0.98,0.02,0.030000000000000027,0.97,0.03,0.05,0.92
"Dear Blake, please update your e925:a6ce:cebb:0dfc:bf1b:d80e:cde9:ed23 in our records for remote work setup.",0.97,0.03,0.15000000000000002,0.85,0.98,0.02,0.98,0.02,0.06999999999999995,0.93,0.03,0.12,0.85
Ambulance with VIN number 3YJVUW574AFP53012 and reg number IJ13ZUE requires an insurance renewal.,0.98,0.02,0.97,0.03,0.98,0.02,0.99,0.01,0.030000000000000027,0.97,0.08,0.07,0.85
Booked for field trip on 1956-12-07T01:05:39.198Z. Please confirm space by transferring NT$948703.24 to 1HzrLhU3TvFxbPC72n13bzwZauYvcd and send email from Mozilla/5.0 (Windows NT 6.1; Win64; x64; rv:13.0) Gecko/20100101 Firefox/13.0.7 to confirm.,0.97,0.03,0.92,0.08,0.050000000000000044,0.95,0.98,0.02,0.050000000000000044,0.95,0.02,0.03,0.95
Regional approach plays a crucial role in surgery for distal cholangiocarcinoma. This new development in the treatment protocol has been noticed at Liguria. Feel free to visit 33QfcwPZCz7DaRntKCAh5o8GwyzkMZxxxvivf for patient details.,0.96,0.04,0.95,0.05,0.25,0.75,0.97,0.03,0.96,0.04,0.22,0.06,0.72
"Dear Miss Stamm-Vandervort, We refer to your last oncology visit on 9/15. The tests showed positive reactions towards the treatment. Kindly pay the amount of $752118.30 via the link: https://parched-petticoat.biz or visit us in 662, East Road, 61830-5159.",0.44999999999999996,0.55,0.050000000000000044,0.95,0.95,0.05,0.98,0.02,0.97,0.03,0.05,0.85,0.1
"In reference to a recent traffic infraction involving vehicle with registration number NT04HZB, and VIN number MTHJ9X4R16XT91335, we request for the applicable municipal laws and regulations.",0.98,0.02,0.97,0.03,0.99,0.01,0.99,0.01,0.020000000000000018,0.98,0.05,0.07,0.88
A non-compliant transaction was noticed on your Ethereum address 0xe93d143071fffaa4882bcec59b7cd513d8fa5f03 from your account Home Loan Account 57820399. Could you consult with our legal team to rectify this problem?,0.98,0.02,0.97,0.03,0.020000000000000018,0.98,0.99,0.01,0.98,0.02,0.01,0.02,0.97
Can we contact all individuals employed in the Research field on 28th August to ensure that they understand the new Employment Act? Please provide their contact details.,0.98,0.02,0.97,0.03,0.99,0.01,0.99,0.01,0.99,0.01,0.95,0.04,0.01
All transactions for NZD should now run seamlessly. Test the system with IP 243.239.177.138 and 13dd:788e:e25f:81a5:a6ba:dafe:6098:3ffb.,0.98,0.02,0.98,0.02,0.97,0.03,0.99,0.01,0.030000000000000027,0.97,0.08,0.04,0.88
"Hello Ida Keeling, We're reaching out regarding the development of our upcoming product. Could you give us the contact information of Money Market Account's project lead?",0.97,0.03,0.030000000000000027,0.97,0.97,0.03,0.99,0.01,0.99,0.01,0.08,0.88,0.04
"Dear Murl, the next healthcare policy premium is due on December 12, 1971. Please make the payment before the due date to avoid penalty.",0.98,0.02,0.12,0.88,0.98,0.02,0.99,0.01,0.99,0.01,0.15,0.82,0.03
"Mertie Reagan Feil-Corkery, born 07/09/1999, is eligible for a student discount. To avail it, we would require additional verification. Please provide the account number 78467611 for the guarantor's account.",0.97,0.03,0.020000000000000018,0.98,0.09999999999999998,0.9,0.98,0.02,0.98,0.02,0.02,0.12,0.86
"Greetings, Elouise. Don't forget, your appointment with us is scheduled for 1/15. Your appointment code is 98359-1849.",0.97,0.03,0.12,0.88,0.98,0.02,0.94,0.06,0.98,0.02,0.2,0.74,0.06
"Notice - Your license key for the EdTech courseware ends: 0xb71b38cc3f4b28703ac0b2aaa13366b8d3c60c29. If you need renewal, contact Internal Security Coordinator at 691 33 7913.",0.30000000000000004,0.7,0.94,0.06,0.44999999999999996,0.55,0.92,0.08,0.95,0.05,0.1,0.38,0.52
"To ensure transparency, please send all funding to ME80004009290005005846. This is being recorded on our end as 8603800535270961.",0.97,0.03,0.96,0.04,0.040000000000000036,0.96,0.98,0.02,0.98,0.02,0.03,0.03,0.94
Arts help youngsters to create their uniqueness! You can support us by opening Money Market Account at 3pHUeH9EVPyJX1GUfTRnztCmQDVDjMaTQWnTyLd.,0.97,0.03,0.97,0.03,0.12,0.88,0.98,0.02,0.98,0.02,0.1,0.05,0.85
"For potential participants of the Global Education Symposium, please be reminded that your proposals are due by 23th April. Kindly send your submissions to Carmel88@yahoo.com. We look forward to reviewing your innovative ideas.",0.040000000000000036,0.96,0.75,0.25,0.99,0.01,0.99,0.01,0.99,0.01,0.08,0.9,0.02
The Stakeholder review meeting has been rescheduled and will take place in our Bogisichfort office. Kindly mark your attendance by emailing Nettie12@gmail.com,0.040000000000000036,0.96,0.75,0.25,0.99,0.01,0.99,0.01,0.99,0.01,0.05,0.92,0.03
"Hey Technician, we need to concentrate our efforts towards Clwyd. We've noticed an increasing trend of cases from the area. Let's meet with Other representatives to discuss measures.",0.98,0.02,0.97,0.03,0.99,0.01,0.99,0.01,0.99,0.01,0.94,0.05,0.01
Payment for your child's school uniform can be made to Investment Account with an IBAN of RS54007199302008020717. Our BIC code: SQPHADSWXXX. We accept Liberian Dollar (ARS) or $.,0.97,0.03,0.97,0.03,0.020000000000000018,0.98,0.98,0.02,0.98,0.02,0.02,0.03,0.95
"Hello Kitty, peer tutoring will happen at 289 Roberts Lake. You are tutoring Dante. The session will be under supervision. Kindly adhere to the IP access rules of fcfe:cb0e:fee5:ba4d:3b79:d5cc:334e:33b8.",0.15000000000000002,0.85,0.09999999999999998,0.9,0.98,0.02,0.98,0.02,0.050000000000000044,0.95,0.03,0.2,0.77
"In our seminar on Educational Leadership, we had Krystina Emerson Nitzsche, a veteran in the field with an age of 77 years. Notably, our guest was from North Yorkshire, Nebraska, reachable at (214)-1375805",0.040000000000000036,0.96,0.030000000000000027,0.97,0.99,0.01,0.99,0.01,0.99,0.01,0.02,0.93,0.05
"Thank you Mr. Glover for joining Prohaska, Herzog and Ernser preventative healthcare program. To make your health profile, visit https://key-septicaemia.biz/ with the login credentials Jeramie_Marquardt39 and leBfAp7ZdBB3.",0.97,0.03,0.020000000000000018,0.98,0.99,0.01,0.020000000000000018,0.98,0.98,0.02,0.01,0.03,0.96
Transfer 75629285610's Radiology coursework to 3cPMLdjEysRA84M9X73foefkpSg's cloud storage.,0.55,0.45,0.65,0.35,0.44999999999999996,0.55,0.95,0.05,0.95,0.05,0.15,0.33,0.52
"Grateful to mention, our Senior Accountability Assistant Leo MacGyver will be assisting Dr.Brereton on the Cardiology Research topic. For more details, access our folder at IP address 114.87.240.45.",0.95,0.05,0.030000000000000027,0.97,0.98,0.02,0.98,0.02,0.06999999999999995,0.93,0.03,0.3,0.67
"Some sessions may require the purchase of materials. They can be bought using the card issued by maestro, CVV 429. Remember, this information is confidential.",0.98,0.02,0.97,0.03,0.050000000000000044,0.95,0.96,0.04,0.99,0.01,0.04,0.03,0.93
"Notification for medical staff, Destiny Willms is due for eye surgery. Please make sure the operating theatre in the Northeast wing is prepared. Contact the patient's Administrator if there are any issues.",0.98,0.02,0.020000000000000018,0.98,0.99,0.01,0.99,0.01,0.99,0.01,0.03,0.9,0.07
"We'd like to confirm a payment of Php0.9m for your rehabilitation psychology sessions from your account number 50982675, titled Savings Account. Please confirm.",0.98,0.02,0.97,0.03,0.030000000000000027,0.97,0.98,0.02,0.99,0.01,0.02,0.03,0.95
"Dear Shiloh, as per our records, Dr. Jane, Agent, has an appointment with you for your 25 years old checkup. Kindly reach out at 47-226608-915034-2.",0.55,0.45,0.09999999999999998,0.9,0.96,0.04,0.98,0.02,0.44999999999999996,0.55,0.03,0.45,0.52
"Dear Abby_Pouros, Our company's financial records show an unusual connection from IP cfb8:8704:accd:3b1b:fdba:d1a2:f4a0:cd9a which has financial implications. Please investigate this matter as a priority.",0.97,0.03,0.15000000000000002,0.85,0.97,0.03,0.98,0.02,0.030000000000000027,0.97,0.03,0.1,0.87
"Hey! I've been analyzing the education structure within Surrey. I found a rather unexpected trend - public schools are significantly ramping up their Research programs, giving private schools a competition.",0.98,0.02,0.98,0.02,0.99,0.01,0.99,0.01,0.99,0.01,0.96,0.03,0.01
Patient with SSN 75679787236 informed us that she moved from Nova Scotia to Greene County. Update their records.,0.97,0.03,0.040000000000000036,0.96,0.98,0.02,0.98,0.02,0.98,0.02,0.02,0.05,0.93
"As a student of our distance learning program as a Liaison, you can log in to the student portal using your unique SSN 847 73 1169. Let us invest in our education today!",0.97,0.03,0.050000000000000044,0.95,0.97,0.03,0.92,0.08,0.98,0.02,0.03,0.07,0.9
"Hello Reuben, our recent data shows an increase in website visits from the IP address 228.41.163.35. We need your expertise in interpreting this data and assisting in our cross-cultural understanding of this specific region.",0.97,0.03,0.06999999999999995,0.93,0.99,0.01,0.99,0.01,0.030000000000000027,0.97,0.03,0.17,0.8
"Hello Mrs. Langworth, We are reaching out from Gottlieb Group to confirm your telemedicine appointment with Dr. Finley on 1942-08-15T22:15:57.177Z at 10. Please ensure to have a stable internet connection. You can join the session through https://defiant-contrary.net/.",0.96,0.04,0.040000000000000036,0.96,0.99,0.01,0.99,0.01,0.98,0.02,0.08,0.88,0.04
"Tamia, we received your payment of Seychelles Rupee HKD to our Ethereum address 0xc9bfef76e47787eadd7a25ec65badeb7d46b44d1. You're now enrolled in our engaging SEL classes designed for Technician.",0.97,0.03,0.12,0.88,0.030000000000000027,0.97,0.99,0.01,0.98,0.02,0.02,0.05,0.93
Please call 0467-70491146 or email us with bitcoin address 3pCNQ4b31WNEYFCqwA9BFucA5YnDEk for payment of ICU charges.,0.19999999999999996,0.8,0.95,0.05,0.06999999999999995,0.93,0.98,0.02,0.97,0.03,0.04,0.12,0.84
"Mr. Ariel Alex Morar, reiterating the position of Principal Security Liaison vacant in our Communications department. Your detailed contract will be deployed to the network at 178.193.174.136, kindly present your maestro for confirmation.",0.97,0.03,0.030000000000000027,0.97,0.96,0.04,0.98,0.02,0.040000000000000036,0.96,0.02,0.18,0.8
Could you check the legal implications for Auto Loan Account in Homestead?,0.98,0.02,0.97,0.03,0.97,0.03,0.99,0.01,0.99,0.01,0.94,0.05,0.01
"As per our prior discussion regarding Mathematics Education, kindly confirm your availability on 8/11. You can reply to this message at Agustina_Hirthe@yahoo.com.",0.020000000000000018,0.98,0.15000000000000002,0.85,0.99,0.01,0.99,0.01,0.99,0.01,0.03,0.94,0.03
"Vehicle diagnostic results for VIN H6M6YKPMVTYR81158 are ready. To access these sensitive data, use your unique identifier e3WIml7RWMHZ.",0.98,0.02,0.95,0.05,0.98,0.02,0.55,0.45,0.040000000000000036,0.96,0.03,0.05,0.92
"Up for a workout Ludie? That wellness programme has my attention. Meet me? My location: [-69.1795,-123.4597].",0.97,0.03,0.06999999999999995,0.93,0.99,0.01,0.99,0.01,0.040000000000000036,0.96,0.02,0.08,0.9
"Greetings! As a follow up, we are again organizing tutoring classes. Please confirm your ward's attendance. You can contact us for more details at (043)-1808749 or Dayne.Larkin-Schiller47@gmail.com.",0.020000000000000018,0.98,0.15000000000000002,0.85,0.99,0.01,0.99,0.01,0.99,0.01,0.03,0.94,0.03
"Dera students, we are organizing a volunteering event in the Southwest region. If youare interested, please send your applications to Marques70@gmail.com.",0.030000000000000027,0.97,0.85,0.15,0.99,0.01,0.99,0.01,0.99,0.01,0.08,0.9,0.02
We would like to assess the feasibility of providing same-day delivery options to our customers. Can we have a pilot model set up for customers living in or near addresses starting with 78460 on Huels Forks?,0.75,0.25,0.97,0.03,0.99,0.01,0.99,0.01,0.98,0.02,0.75,0.23,0.02
"To process payment for your psychological assessment sessions, please provide the BIC ZUNRUA7TEYH and IBAN KW84PWFT96789I45O4791636460514 of your bank account. Your credit card with issuer maestro and number 6966271614421362 will serve as a backup payment option.",0.98,0.02,0.97,0.03,0.010000000000000009,0.99,0.99,0.01,0.99,0.01,0.01,0.02,0.97
"On behalf of Julianne Wells Elementary, we're raising funds for our Communications project. Donations can be sent to this Bitcoin address - 1JXwvBVVXGorzpNv94pPK8JNXAeQFcH.",0.97,0.03,0.65,0.35,0.050000000000000044,0.95,0.98,0.02,0.98,0.02,0.04,0.08,0.88
Your entry as a Manager in our vaccination roll-out team has been recorded in the system with d7b3:5cad:ca93:426c:d1d9:f8e6:3670:466b. We will contact you soon for further steps.,0.97,0.03,0.96,0.04,0.98,0.02,0.98,0.02,0.06999999999999995,0.93,0.06,0.06,0.88
"Studying in the Southeast  corner of your room can improve concentration, Caterina. Plus, organizing study sections by subject is a proven technique.",0.98,0.02,0.15000000000000002,0.85,0.99,0.01,0.99,0.01,0.98,0.02,0.25,0.73,0.02
"Can you draft an overview of the case involving client 75612764834 who recently reported an auto incident in North Carolina, specifically documented in the case file noted under 3015164976492571?",0.97,0.03,0.8,0.2,0.75,0.25,0.98,0.02,0.97,0.03,0.5,0.18,0.32
"As we are focusing on the development of Holistic Education system, Mrs Sage pointed out the need for aware citizens and asked for assistance in achieving these aims. Contact is 48-475626-835618-7 and the location is 9951 Suite 920.",0.5,0.5,0.19999999999999996,0.8,0.96,0.04,0.98,0.02,0.4,0.6,0.05,0.42,0.53
Our health centre is hosting a sex education workshop for parents this month. Contact me at Jada32@gmail.com if you would like to attend. We are accepting Bitcoin payments for the event at address 3MZSNmM6aFh98YhZ1gT7H9GhFaCiuW5PV.,0.030000000000000027,0.97,0.65,0.35,0.040000000000000036,0.96,0.98,0.02,0.98,0.02,0.02,0.13,0.85
"Dear Finley, as per our last session based on Existential Therapy, I've noted significant progress in your overall mental health status. Kindly, confirm your next appointment on 8th August at 1:15 AM.",0.97,0.03,0.050000000000000044,0.95,0.99,0.01,0.99,0.01,0.99,0.01,0.08000000000000002,0.8200000000000001,0.10000000000000002
"Hello Mateo,
 Our corporate law team is looking into your request. Your case is being handled by our Legacy Web Facilitator working in Intranet. The secure network accessed by them is with IP 44.16.105.229. We guarantee complete confidentiality.",0.97,0.03,0.09999999999999998,0.9,0.98,0.02,0.98,0.02,0.050000000000000044,0.95,0.03,0.12,0.85
Working in healthcare means having access to very sensitive patient data like 1980-09-27T23:18:02.952Z and 756.6463.8468. It's our duty under the code of medical ethics to keep these details confidential.,0.97,0.03,0.25,0.75,0.96,0.04,0.98,0.02,0.97,0.03,0.2,0.15,0.65
"During our research study, we came across a case of a patient of age 83 with a masked medical history number 4784796059903314. The current disease progression in this patient is of utmost interest.",0.97,0.03,0.75,0.25,0.7,0.3,0.98,0.02,0.98,0.02,0.5,0.2,0.3
"Our geriatric psychology journal is inviting article submissions on the subject of Man and mental health. Miss Harper, we value your contribution in the Group sector with your role as a Lead Integration Strategist.",0.97,0.03,0.06999999999999995,0.93,0.99,0.01,0.99,0.01,0.99,0.01,0.08,0.9,0.02
"Sustainability conference participants, please park your vehicles at the Northeast Northwest side of the venue. Please display your Vehicle registration mark code (DF08NWH) clearly on your dash.",0.97,0.03,0.96,0.04,0.98,0.02,0.98,0.02,0.06999999999999995,0.93,0.1,0.2,0.7
"We have arranged a special ADHD therapy session with Internal Interactions Coordinator. For this exclusive service, we accept payments in cryptocurrency. You can use either 1zrukDNEkxGkVwb5drRSUA6ibd52Tj3fjh or 0xabb2fcbfc8ec308982cfb21cafe8bfbcb07b86fc for transactions.",0.97,0.03,0.95,0.05,0.020000000000000018,0.98,0.98,0.02,0.98,0.02,0.02,0.03,0.95
The product design approval is pending from our Deliaworth office. Please contact Rey at +31.590.861.6922 for expediting.,0.030000000000000027,0.97,0.09999999999999998,0.9,0.99,0.01,0.99,0.01,0.99,0.01,0.03,0.94,0.03
"Please send an overview of international laws on cryptocurrency to Josefa. Required sooner rather than later. Details to be sent over 12.63.250.250, password is HTX4xgzCMHYa. Anticipated expenses of €335,934.25 will be covered by 6411786990175900.",0.97,0.03,0.15000000000000002,0.85,0.09999999999999998,0.9,0.030000000000000027,0.97,0.050000000000000044,0.95,0.01,0.02,0.97
An account Auto Loan Account holder reported unauthorized debits to her account. The IP accessing the account is 99.242.38.221. Immediate intervention requested.,0.97,0.03,0.96,0.04,0.95,0.05,0.98,0.02,0.030000000000000027,0.97,0.05,0.05,0.9
"Regarding the recent infectious disease outbreak, our mobile healthcare team is dispatched to the affected area. A unique identifier for our specialized van, licensed as UA57WYN with VIN M6NYLU8JCWAR21203, can be tracked with ease.",0.98,0.02,0.97,0.03,0.98,0.02,0.98,0.02,0.030000000000000027,0.97,0.05,0.05,0.9
Participate in the intercollegiate coding championship. Send your username Maya_Langosh42 and password aa4caRZEeUCe for registration.,0.97,0.03,0.44999999999999996,0.55,0.98,0.02,0.020000000000000018,0.98,0.98,0.02,0.02,0.05,0.93
"STEM skills challenge will be held for Norfolk students. Male 8252181844760260, you're invited to take part!",0.97,0.03,0.9,0.1,0.38,0.62,0.97,0.03,0.9,0.1,0.28,0.08,0.64
"Mrs. Ferry. Please update the status of student behavior management upon receiving this message. For record keeping, it would be ideal if the report was submitted via email at Wallace91@hotmail.com.",0.030000000000000027,0.97,0.15000000000000002,0.85,0.99,0.01,0.99,0.01,0.99,0.01,0.03,0.93,0.04
The Konopelski Group team will require 1st June to help personalize your addiction therapy sessions.,0.97,0.03,0.65,0.35,0.98,0.02,0.98,0.02,0.98,0.02,0.65,0.3,0.05
"Dear Ilene, Your IBAN: GR29670463004596629237K0R66 has been verified successfully. You can now participate in the Health Informatics conference. We have secured your data with UUID 8543282128187479.",0.97,0.03,0.040000000000000036,0.96,0.020000000000000018,0.98,0.97,0.03,0.97,0.03,0.01,0.03,0.96
"There may have been a security breach in our network. Can you look into the IP addresses: aff9:bcb6:92af:d3ec:bc5f:b7d2:39f7:41b2 and 118.19.132.245, and report any suspicious activities to the IT department?",0.98,0.02,0.98,0.02,0.99,0.01,0.99,0.01,0.020000000000000018,0.98,0.08,0.07,0.85
Contribution for the school library fund via AD79900545576243TL9D9524 and Sri Lanka Rupee 350978.69.,0.97,0.03,0.96,0.04,0.06999999999999995,0.93,0.98,0.02,0.98,0.02,0.05,0.05,0.9
Our system shows that there is an outstanding balance on your Credit Card Account. Kindly pay the amount via credit card 8917093403605518 to continue accessing our services.,0.98,0.02,0.97,0.03,0.030000000000000027,0.97,0.98,0.02,0.98,0.02,0.02,0.03,0.95
"Pass detail to Analyst Eli for a 20 years old old Female patient. Please be discreet, sensitive data are Apt. 451, 28024-8952, 33-654219-979310-6.",0.28,0.72,0.15000000000000002,0.85,0.95,0.05,0.97,0.03,0.15000000000000002,0.85,0.03,0.2,0.77
"A discussion on the new policies will take place in Martinique, Northeast region. Make sure to carry the document with you, ZroJsYR_t1yj is your access code.",0.97,0.03,0.97,0.03,0.98,0.02,0.19999999999999996,0.8,0.98,0.02,0.22,0.05,0.73
The contract papers of the property at W 2nd Street 167 is involved in a legal issue. Property falls under 94266990.,0.35,0.65,0.9,0.1,0.95,0.05,0.97,0.03,0.97,0.03,0.35,0.58,0.07
Get ready for the mountain climbing activity. Your safety is our priority. We've recorded 169cm as your height for the suitable gear preparation. Eye protection Eye color: Brown is also noted.,0.98,0.02,0.96,0.04,0.99,0.01,0.99,0.01,0.99,0.01,0.9,0.08,0.02
"Dear Global Implementation Producer from the HR department, kindly update the company's hiring policy on our website https://shady-hail.name/.",0.97,0.03,0.97,0.03,0.99,0.01,0.99,0.01,0.98,0.02,0.95,0.04,0.01
Can you provide us with your analysis of the litigation trends related to our industry based on data from our Security? Please reference the URL https://every-bladder.org in your report.,0.97,0.03,0.97,0.03,0.98,0.02,0.98,0.02,0.97,0.03,0.93,0.05,0.02
"Hi Miss Homenick, we've set a preventive health checkup for you at 18 o'clock on 1991-06-05T06:32:18.939Z.",0.97,0.03,0.06999999999999995,0.93,0.99,0.01,0.99,0.01,0.99,0.01,0.1,0.85,0.05
"Upcoming Trauma Counseling workshop in the Leicestershire center on 9th April. Please confirm your participation by replying to this email from Golda.Schulist@gmail.com. For any queries, reach out to us through our phone number ending in 2552979586348639.",0.030000000000000027,0.97,0.15000000000000002,0.85,0.7,0.3,0.97,0.03,0.97,0.03,0.03,0.67,0.3
"Federico, in order to have a beneficial influence on our employees in Marketing, we request you to contribute an article about Positive Psychology in our company blog.",0.98,0.02,0.09999999999999998,0.9,0.99,0.01,0.99,0.01,0.99,0.01,0.2,0.78,0.02
The mobile vaccination unit with the number VK13XEQ will be covering the 60265 area. Please keep an eye out.,0.8,0.2,0.97,0.03,0.98,0.02,0.98,0.02,0.30000000000000004,0.7,0.35,0.1,0.55
"Hi Whitney, we noticed an attempt to transfer $554,871.06 from your account 01473922 to an ethereum address 0xac199a3f8ed17ee1b22affc9c951ec2fdaf6bc5b. Please confirm this transaction.",0.97,0.03,0.09999999999999998,0.9,0.020000000000000018,0.98,0.98,0.02,0.98,0.02,0.01,0.03,0.96
"Subject: Risk Assessment
Please check transactions from 7b:98:5b:79:f0:f9 to 3iRhmyZRbj42uTQe7QoD8d4xGodLk. Seems risky. Regards, Omer Crist",0.97,0.03,0.040000000000000036,0.96,0.09999999999999998,0.9,0.98,0.02,0.050000000000000044,0.95,0.01,0.05,0.94
We have arranged for members from the 48032 area to have one-on-one counseling session this month. More info and the sign-in kwY8SSrmqF84 will be shared privately.,0.88,0.12,0.97,0.03,0.98,0.02,0.4,0.6,0.97,0.03,0.38,0.07,0.55
"In preparation for our meeting next week, kindly arrange invoices and ensure your account Money Market Account has sufficient funds. Please confirm your 162.107.175.80 location for video conferencing purposes.",0.97,0.03,0.97,0.03,0.92,0.08,0.98,0.02,0.040000000000000036,0.96,0.08,0.2,0.72
"All safety boots must be 5'5"" off the floor at Apt. 807.",0.88,0.12,0.97,0.03,0.98,0.02,0.98,0.02,0.98,0.02,0.85,0.13,0.02
"Based on our conversation on 30/01/1900, we have made changes to your booking for your child's Autism Spectrum Disorder Therapy. We have taken care of your request and a revised copy of the booking has been sent to Zaria_Spinka@yahoo.com.",0.030000000000000027,0.97,0.44999999999999996,0.55,0.99,0.01,0.99,0.01,0.99,0.01,0.03,0.85,0.12
"The student volunteer program will be taking a field trip to a volunteering site in Lincoln County. Make sure to bring your ID, have 50243 ready for your registration forms.",0.92,0.08,0.96,0.04,0.98,0.02,0.88,0.12,0.97,0.03,0.8200000000000001,0.08000000000000002,0.10000000000000002
"Don't miss the upcoming Science Fair at GPS coordinates [83.7142,31.8952]. Show us your innovation in Mozilla/5.0 (Windows; U; Windows NT 5.3) AppleWebKit/533.1.0 (KHTML, like Gecko) Chrome/35.0.899.0 Safari/533.1.0.",0.97,0.03,0.97,0.03,0.98,0.02,0.98,0.02,0.030000000000000027,0.97,0.05,0.05,0.9
"Dear Willis, Kindly present your findings on the correlation between the Amber trait and effective decision-making in the Web. Use the provided EoarS4EWxpY0 to access the database for references.",0.97,0.03,0.15000000000000002,0.85,0.98,0.02,0.30000000000000004,0.7,0.98,0.02,0.05,0.3,0.65
"Dear fleet management, as per our record, the TWRYBP6G7GSH81799 required maintenance attention. Please coordinate with the Future Division Coordinator.",0.98,0.02,0.96,0.04,0.98,0.02,0.99,0.01,0.06999999999999995,0.93,0.18,0.07,0.75
"Update for Male patients! Our patient advocacy team in Grampian had expanded. To be part of us, provide your credentials - IMEI 56-643620-804653-4 for verification. Let's build a stronger community.",0.97,0.03,0.96,0.04,0.98,0.02,0.95,0.05,0.040000000000000036,0.96,0.04,0.04,0.92
"Hello Female, we have your next dental checkup scheduled at 3/63. Please confirm your appointment at your earliest convenience.",0.97,0.03,0.92,0.08,0.99,0.01,0.99,0.01,0.99,0.01,0.88,0.1,0.02
"In addressing issues surrounding technology in higher education, web access and security, primarily with public IPs such as 115.151.137.97 and fbf2:4ddd:195d:1c6a:2098:7ea0:7a98:aa7d, will be addressed. A secure policy will be implemented, if you're keyed into the MAC: 'c2:cc:75:98:af:b8', you can contribute.",0.98,0.02,0.98,0.02,0.99,0.01,0.98,0.02,0.010000000000000009,0.99,0.05,0.05,0.9
"During the evaluation of Quality, some inconsistencies were detected. It seems related to IP address 202.10.63.225. Please have it checked.",0.98,0.02,0.98,0.02,0.99,0.01,0.99,0.01,0.030000000000000027,0.97,0.08,0.07,0.85
Did you know your age 12 years and sex Female factor into your orthopedic treatment plan?,0.98,0.02,0.9,0.1,0.99,0.01,0.99,0.01,0.99,0.01,0.7,0.25,0.05
"The terrain of the competition was in the Southwest part of the city, nearby GPS coordinates are [41.986,-3.6415].",0.98,0.02,0.98,0.02,0.99,0.01,0.99,0.01,0.06999999999999995,0.93,0.15,0.05,0.8
"""Legal notice needs to be sent to property at 2a3f:7e1d:9baf:ea7b:cf0f:5ed7:1e07:2ee3 for non-payment of $964480. Contact International Tactics Producer at Blanda, Orn and Toy.""",0.95,0.05,0.96,0.04,0.96,0.04,0.98,0.02,0.06999999999999995,0.93,0.22,0.06,0.72
"Dear Lexie, please make sure you have your IBAN ME93113001760030918853 handy for our next meeting. We will need it for verification purposes.",0.98,0.02,0.15000000000000002,0.85,0.020000000000000018,0.98,0.98,0.02,0.98,0.02,0.01,0.03,0.96
"Dear client, we received an arbitration inquiry associated with your account 26360954. We're conducting an investigation under the West Midlands jurisdiction.",0.97,0.03,0.96,0.04,0.5800000000000001,0.42,0.98,0.02,0.98,0.02,0.5,0.1,0.4
"Hi Dr. Ramona, this is your therapist from Franecki - D'Amore reaching out regarding your last appointment on 13/07/1959. We believe targeted behavioral therapy might be beneficial for you. Please contact us at (20)-7865 7884 at your earliest convenience.",0.18000000000000005,0.82,0.09999999999999998,0.9,0.98,0.02,0.98,0.02,0.98,0.02,0.04,0.64,0.32
We have detected a suspicious login attempt from IP d2a8:7c4e:0542:4fcc:bc88:abcc:1d10:2bea. Could you check ticket Consultant and share an update on the status with me?,0.98,0.02,0.97,0.03,0.99,0.01,0.99,0.01,0.030000000000000027,0.97,0.05,0.05,0.9
"Cool! Kendra, your attendance is marked for the class at [-11.9876,9.7503]",0.97,0.03,0.050000000000000044,0.95,0.99,0.01,0.99,0.01,0.06999999999999995,0.93,0.03,0.17,0.8
Our Holistic Education webinar is accessible via IPV6 address 0bfa:2d0f:ebe0:cfe1:1bff:bfed:e910:fbb1. Please join the discussion as a Director and enrich our knowledge.,0.97,0.03,0.98,0.02,0.99,0.01,0.99,0.01,0.06999999999999995,0.93,0.12,0.05,0.83
North East England is conducintg a study on kids' physical activities. Expecting participation of Female. Share with Trey.Bechtelar.,0.92,0.08,0.09999999999999998,0.9,0.99,0.01,0.99,0.01,0.99,0.01,0.12,0.85,0.03
"For an upcoming surgical procedure, advance payment by Male has been received via CY57650014092267166FYNI0J222. Update the hospital records, accordingly.",0.97,0.03,0.65,0.35,0.050000000000000044,0.95,0.98,0.02,0.98,0.02,0.03,0.05,0.92
"To everyone working remotely, please ensure your VPN is enabled and connected to 4cde:edd1:48a6:ff1a:e2bc:f9d3:64da:b3ad to prevent any potential security breaches. If you encounter any issues, please contact our IT department and quote your unique user agent id Mozilla/5.0 (Macintosh; Intel Mac OS X 10_7_2 rv:3.0; FJ) AppleWebKit/535.0.2 (KHTML, like Gecko) Version/4.0.5 Safari/535.0.2.",0.97,0.03,0.97,0.03,0.98,0.02,0.98,0.02,0.030000000000000027,0.97,0.08,0.07,0.85
"To honor Genderqueer in sports medicine, we have a special symposium on the 8th, happening virtually at 177.170.1.121.",0.95,0.05,0.96,0.04,0.98,0.02,0.98,0.02,0.06999999999999995,0.93,0.12,0.08,0.8
"Healthy Penelope, your digital scale data was transferred using 37:23:a0:ce:3e:01. Confirmed your age 16th October, now we can complete the diet adjustment.",0.97,0.03,0.15000000000000002,0.85,0.98,0.02,0.98,0.02,0.040000000000000036,0.96,0.03,0.1,0.87
"Privacy law now applies to physical addresses, so your Grange Avenue, 60929, and 39942 can't be freely used by companies.",0.19999999999999996,0.8,0.95,0.05,0.97,0.03,0.98,0.02,0.97,0.03,0.2,0.75,0.05
"Female, please provide an overview on intellectual property law in relation to digital transactions, specifically those using bios JHNVKNPRKPC and bank HR4700300927032206083.",0.97,0.03,0.94,0.06,0.040000000000000036,0.96,0.97,0.03,0.97,0.03,0.03,0.03,0.94
"Payment as NT$ 7448976206520187 received for the Drew's post-op physical supervision. Your exercises will be stated in our mobile app associated with your device 99-896513-380937-4. For security purposes, your SSN: 756.3727.7417 will be needed to login.",0.97,0.03,0.030000000000000027,0.97,0.55,0.45,0.92,0.08,0.06999999999999995,0.93,0.01,0.03,0.96
"Dear Emily, due to your role as Representative, we would like your thoughts on integrating secure connections, such as ones using MAC address a9:4a:0c:40:d6:5a, into our online classes.",0.97,0.03,0.09999999999999998,0.9,0.98,0.02,0.98,0.02,0.030000000000000027,0.97,0.02,0.13,0.85
Please visit https://windy-fan.biz/ and download the operations management tool. Use Jovan.Kub and PIN 4879 for login.,,,,,,,,,,,,,
"We request permission to withdraw the assigned 267659.28 Rand to cover the costs of your legal case, from the account with IBAN PK69EBQE6030403895495008 and BIC IPESGYCOXXX.",0.97,0.03,0.97,0.03,0.020000000000000018,0.98,0.98,0.02,0.98,0.02,0.02,0.03,0.95
"The 58 years old year old at 22427, showed signs of a novel form of intelligence - understanding the emotions of green people specifically.",0.6,0.4,0.92,0.08,0.98,0.02,0.99,0.01,0.98,0.02,0.6,0.36,0.04
"Regarding the Bedfordshire crisis, the delivery from Grover Gardens 293 is due today. Please affirm Russ_Heidenreich14's reception.",0.19999999999999996,0.8,0.28,0.72,0.98,0.02,0.98,0.02,0.98,0.02,0.12,0.82,0.06
"'A pharmaceutical revolution is upon us', highlights Haven from Gislason - Stokes. The quote from your recent speech is inspiring, and we are so proud of our Facilitator who is excelling in the Communications.",0.97,0.03,0.09999999999999998,0.9,0.98,0.02,0.98,0.02,0.98,0.02,0.15,0.82,0.03
"Dear Vicente, our recent analysis spot that you're browsing about Nutrition & Dietetics on our website https://snoopy-grub.org from your Mozilla/5.0 (Windows NT 6.2; Win64; x64; rv:9.1) Gecko/20100101 Firefox/9.1.6. Let's chat more about this via Lacy.Swift@gmail.com.",0.030000000000000027,0.97,0.06999999999999995,0.93,0.98,0.02,0.98,0.02,0.050000000000000044,0.95,0.02,0.3,0.68
The Investor Web Agent at Marks - McGlynn will require your IMEI: 15-004277-528444-1 for treatment updates.,0.98,0.02,0.97,0.03,0.99,0.01,0.99,0.01,0.030000000000000027,0.97,0.03,0.03,0.94
"Dear Wava, we are hosting a yearly fair to promote student engagement. The event is happening in Mathiasshire, Campania. For more details, please refer to the https://meager-sneakers.com/.",0.96,0.04,0.07999999999999996,0.92,0.99,0.01,0.99,0.01,0.98,0.02,0.12,0.86,0.02
"We appreciate your market research report, Oceane O'Hara. Let's discuss it further on the 8/55 at our headquarters: The Coppice, Lamarcester.",0.8,0.2,0.040000000000000036,0.96,0.98,0.02,0.98,0.02,0.98,0.02,0.08,0.88,0.04
"Prepping for upcoming academic competition. Required documents: Copy of National security number(756.3032.7473), and TR560155120206734500300875. Contact Maryse.",0.96,0.04,0.040000000000000036,0.96,0.050000000000000044,0.95,0.98,0.02,0.98,0.02,0.01,0.03,0.96
Howdy tutor! I'm finding it difficult to understand the concept of econometrics. Can we schedule a session for 23/01/1930 via Zoom? My IP address is 3bf7:cb9e:eecd:c1a0:867e:a0cb:1bc4:90ea. You can reach me at this phone number 0014037535991056.,0.030000000000000027,0.97,0.8,0.2,0.98,0.02,0.98,0.02,0.030000000000000027,0.97,0.02,0.13,0.85
"Exploration of cultural understanding of cryptocurrency with specifics on 3AtPGDMFhQAULzvZZEaEQDz8LZhDuLm4ndXo in region near [69.4748,-62.3888]. Access results at https://lavish-beneficiary.info/.",0.95,0.05,0.96,0.04,0.06999999999999995,0.93,0.98,0.02,0.07999999999999996,0.92,0.04,0.03,0.93
"Please access the assessment tool using this IP de8a:0f64:4a7e:5c2e:dada:5ce6:df0a:aaeb. If you encounter issues, contact Dolores.Emmerich58@gmail.com.",0.020000000000000018,0.98,0.15000000000000002,0.85,0.99,0.01,0.99,0.01,0.030000000000000027,0.97,0.01,0.12,0.87
We have successfully completed your genetic testing. Please make the payment of New Zealand Dollar to our account HR7785009628863004662.,0.98,0.02,0.97,0.03,0.030000000000000027,0.97,0.99,0.01,0.99,0.01,0.02,0.03,0.95
I am Transexual female interested in alternative health remedies. May we discuss over call on 15-752730-486394-0.,0.12,0.88,0.94,0.06,0.96,0.04,0.98,0.02,0.97,0.03,0.1,0.8,0.1
"Miss Hickle, can we expect your presence for the discussion on Fritsch Inc's PR practices on 10/06/1950 at 3? Let's meet at N 8th Street, 7707.",0.09999999999999998,0.9,0.06999999999999995,0.93,0.98,0.02,0.98,0.02,0.97,0.03,0.05,0.88,0.07
"We are glad to see your oral health improving, Mollie. Your next appointment with us as discussed previously is on March 8, 1975. We are looking forward to it.",0.98,0.02,0.06999999999999995,0.93,0.99,0.01,0.99,0.01,0.99,0.01,0.1,0.85,0.05
"Administrator required at [78.6276,-175.4239] location. Patient is female Male, 77 years years old, green Eye color: Grey eyes.",0.97,0.03,0.95,0.05,0.99,0.01,0.99,0.01,0.050000000000000044,0.95,0.06,0.08,0.86
"Hi River, we noticed that Ernestine is not regularly attending his classes. Please make sure he regularly attends them.",0.98,0.02,0.040000000000000036,0.96,0.99,0.01,0.99,0.01,0.99,0.01,0.08,0.88,0.04
"Your genetic counselor is located at [-65.0643,-86.6685]. Ensure your device's 2d:78:40:2d:0d:24 address is not blocked. Use ₺ for transport costs.",0.97,0.03,0.97,0.03,0.98,0.02,0.98,0.02,0.020000000000000018,0.98,0.03,0.05,0.92
"While dealing with patient files, information such as Dennis's h4yW2I4iydWh should never be disclosed.",0.97,0.03,0.15000000000000002,0.85,0.96,0.04,0.55,0.45,0.96,0.04,0.08,0.5,0.42
We have scheduled a video call for discussing the psychometric test results at the server location https://harmless-dirndl.com. Ensure that the call goes through the secure line denoted by IPV6 address ca78:dfec:bcea:ac08:63fa:4cb7:3de4:3cb8.,0.97,0.03,0.97,0.03,0.99,0.01,0.99,0.01,0.030000000000000027,0.97,0.05,0.03,0.92
"We recently partnered with TH96ECUNGND291468 for a campaign to donate books for literacy. The response was overwhelming, with numerous donors reaching us through their LLXLtUJ3m5nq8qWztwhKYgkuyt.",0.95,0.05,0.94,0.06,0.30000000000000004,0.7,0.96,0.04,0.25,0.75,0.12,0.05,0.83
"Greetings Miss Karlee, Based on your vast experience in the Creative field, we would like you to lead a discussion panel on the benefits of animal-assisted therapy during our next meeting on 1949-05-18T17:05:02.653Z at 3:22am.",0.98,0.02,0.06999999999999995,0.93,0.99,0.01,0.99,0.01,0.99,0.01,0.1,0.87,0.03
Confidential report on Trans female patient Dr. Rowan needs to be prepared. Patient's personal ID 75677481344 should not be shared outside the medical team.,0.97,0.03,0.030000000000000027,0.97,0.97,0.03,0.97,0.03,0.98,0.02,0.02,0.13,0.85
"As a Interactions professional in Wisoky, VonRueden and Cummings, I feel Social Emotional Learning is vital in the workplace, especially considering the challenges we deal with daily.",0.99,0.01,0.97,0.03,0.995,0.005,0.995,0.005,0.995,0.005,0.95,0.04,0.01
"Your genetic profile, based on your February 26, 1904, height, and eye color Amber, suggests a high susceptibility to certain cancers. We recommend taking additional precautions.",0.97,0.03,0.19999999999999996,0.8,0.98,0.02,0.98,0.02,0.98,0.02,0.15,0.55,0.3
"Hello Mr.Kerluke, We received your last payment, we noticed that the last four digits of your card are 0760991685235721 on our end. Please contact our office if this information is incorrect.",0.97,0.03,0.06999999999999995,0.93,0.040000000000000036,0.96,0.98,0.02,0.98,0.02,0.02,0.05,0.93
"Coming from a Usability perspective, applying Constitutional Law can often be complex. As a Regional Directives Executive, I'm hoping to connect with experts at your Perry County office.",0.98,0.02,0.98,0.02,0.99,0.01,0.99,0.01,0.99,0.01,0.95,0.04,0.01
Spent $ using 6173307729169752. Authenticated via 16ciCN5Hc7PhD8jvzMPHPcwcfkb662AC3yC.,0.98,0.02,0.97,0.03,0.030000000000000027,0.97,0.95,0.05,0.98,0.02,0.02,0.03,0.95
"As our primary consultant in the field of Consumer Law, Technician, we need a thorough analysis of the impact of our company's operations on customer rights and freedoms. Specifically, we'd like you to look into the legality of processes related to our Credit Card Account. Kindly review related laws in the Guadeloupe jurisdiction. You can use 3675859051922909 for any required expenses.",0.97,0.03,0.95,0.05,0.050000000000000044,0.95,0.98,0.02,0.98,0.02,0.03,0.04,0.93
"All employees will be given new company credit cards. Activate your card using this number 0193340026142974 and CVV 098. For any issues, call issuer jcb.",0.97,0.03,0.98,0.02,0.020000000000000018,0.98,0.95,0.05,0.99,0.01,0.01,0.03,0.96
Schedule an appointment for Male athlete 5891575152941607 at our Jaskolski Turnpike branch. Payment via 0x425ec211bf178c9edf94dec455ab60ad0aac42fd accepted.,0.94,0.06,0.78,0.22,0.030000000000000027,0.97,0.97,0.03,0.97,0.03,0.02,0.03,0.95
We need to discuss the financial transactions of our franchises. Could you share any transactions made with Ethereum? Just provide the 0x6aee8b4fbee622db6be386e5e96cfef9ce1d5aee and the amount transferred in the Falkland Islands Pound currency.,0.98,0.02,0.97,0.03,0.040000000000000036,0.96,0.98,0.02,0.98,0.02,0.04,0.04,0.92
"Just a friendly reminder to all staff within the Tayside healthcare services. Please ensure that the handheld device you're using has a secure user agent, such as Opera/12.14 (Macintosh; Intel Mac OS X 10.6.6 U; NN Presto/2.9.168 Version/12.00), to protect our patients' personal data including things like 871-36-8032.",0.97,0.03,0.07999999999999996,0.92,0.97,0.03,0.98,0.02,0.06999999999999995,0.93,0.04,0.04,0.92
Projected sales for Optimization in Oak Park estimate a revenue lift of ₩0.803m.,0.99,0.01,0.98,0.02,0.99,0.01,0.995,0.005,0.995,0.005,0.97,0.02,0.01
"Hello Team, I need to schedule 77 years old old T* man patient, named Miss Shawn for therapy. Please keep it in 08:12. Document this in the patient's profile: 56399-6450, Martinique.",0.5,0.5,0.07999999999999996,0.92,0.96,0.04,0.98,0.02,0.97,0.03,0.08000000000000002,0.7000000000000001,0.22000000000000003
"Notice to Carlie, suspicious activity identified with the Investment Account ending with65547780. This account was used to conduct possible academic dishonesty transactions. Please check on this promptly.",0.97,0.03,0.12,0.88,0.30000000000000004,0.7,0.98,0.02,0.98,0.02,0.03,0.37,0.6
"There is a grand meet-up of psychology professionals in Fort Delphiastad, and we are eager to invite you to share your expertise in geriatric psychology. Please confirm your attendance by 30th October.",0.98,0.02,0.97,0.03,0.99,0.01,0.99,0.01,0.99,0.01,0.95,0.04,0.01
Please update your 67461-3511 and 4026 as per the new regulatory compliance.,0.5800000000000001,0.42,0.95,0.05,0.85,0.15,0.7,0.3,0.96,0.04,0.48,0.25,0.27
"Dear Melba_Gulgowski, your invoice 6692243629506777 for mental health therapy needs to be paid within the next 5 days. The amount is $761k. Kindly use account details IBAN: XK270309301006100635 and BIC: VZZEET2Z.",0.97,0.03,0.06999999999999995,0.93,0.020000000000000018,0.98,0.99,0.01,0.99,0.01,0.01,0.03,0.96
We would like to ensure that the transactions under account 36306791 held by our user Kenyon_Davis are compliant with our company regulations. Please make sure to review all transactions made on 1995-11-22T01:59:09.337Z as part of this audit.,0.97,0.03,0.25,0.75,0.19999999999999996,0.8,0.98,0.02,0.98,0.02,0.04,0.26,0.7
"Hester, please verify the recent sales projections. We suspect some discrepancies in the Home Loan Account. Reach out via phone 085 934-5526 for a quick discussion.",0.030000000000000027,0.97,0.15000000000000002,0.85,0.96,0.04,0.99,0.01,0.99,0.01,0.03,0.92,0.05
"In terms of billing, please course your tuition fees through Personal Loan Account account number: 05639103. Should you need additional information, feel free to send an email through your Mozilla/5.0 (Windows; U; Windows NT 6.3)AppleWebKit/531.0.1 (KHTML, like Gecko) Version/5.0.2 Safari/531.0.1.",0.96,0.04,0.97,0.03,0.050000000000000044,0.95,0.98,0.02,0.050000000000000044,0.95,0.02,0.03,0.95
"Rey, please pay your bill by 28/07/1927. To pay, please log in using your Auto Loan Account.",0.97,0.03,0.25,0.75,0.92,0.08,0.97,0.03,0.98,0.02,0.27,0.68,0.05
"Your new office location is Athena Circle 419, Suite 512. For any personal navigation use these GPS coordinates [-27.3739,134.9206]",0.4,0.6,0.95,0.05,0.98,0.02,0.98,0.02,0.06999999999999995,0.93,0.1,0.3,0.6
"Dear athlete Jack, Your doping test results are under review. Legal options available to you can be discussed with our lawyer at 07-7732-5289. Contact instantly, maintaining the integrity of sport is crucial!",0.040000000000000036,0.96,0.15000000000000002,0.85,0.98,0.02,0.98,0.02,0.98,0.02,0.04,0.9,0.06
Need to transfer 837695 CVE from account number 32050209. This transaction is related to our latest acquisition. Please make sure to update records.,0.98,0.02,0.97,0.03,0.050000000000000044,0.95,0.98,0.02,0.98,0.02,0.04,0.04,0.92
"Dear Administration, I am reporting a suspicious activity on the school network. I suspect Alice - a user connected through the d72d:aa5c:e7ab:8afe:202f:a0d7:61fd:a42b IP and identified by 288 62 2688 - to be sharing assignments.",0.95,0.05,0.030000000000000027,0.97,0.97,0.03,0.98,0.02,0.020000000000000018,0.98,0.01,0.05,0.94
"054-192-5288, your test results are ready for pickup from our Fisher Lock clinic. Please bring your medical card for identification.",0.4,0.6,0.85,0.15,0.97,0.03,0.98,0.02,0.97,0.03,0.30000000000000004,0.6000000000000001,0.10000000000000002
Our Pike County county legal team needs to review the reports from Rubie_Walsh-Ziemann91 regarding the incident that occurred on 4th April in the East of England jurisdiction. Please send it to Devon.VonRueden@yahoo.com.,0.030000000000000027,0.97,0.09999999999999998,0.9,0.98,0.02,0.98,0.02,0.98,0.02,0.04,0.9,0.06
"Hello Abdiel, please make sure to get the Bitcoins transferred to 1Y5aJPET65bZ8BEeat9y5PGoSz2FTM1Pwg558U1Y for your Orthopedics checkups.",0.97,0.03,0.09999999999999998,0.9,0.050000000000000044,0.95,0.98,0.02,0.98,0.02,0.02,0.06,0.92
"Dr. Jeffrey, your educational fund request has been processed. You will soon receive RM0.015m in your account 72304981. If you need any help, reach us at Destini_Blick81@yahoo.com.",0.030000000000000027,0.97,0.09999999999999998,0.9,0.07999999999999996,0.92,0.98,0.02,0.98,0.02,0.02,0.1,0.88
You received an incredible offer. Pay before 4 PM to secure your Representative position and get access to wellbeing programs for your 99 years student. Use DE31830409310090058136: Fb3g4Xyc4eCn.,0.97,0.03,0.95,0.05,0.040000000000000036,0.96,0.44999999999999996,0.55,0.98,0.02,0.02,0.03,0.95
"A recent report, dated on 1:08 AM, detailed a concerning amount of personal data disclosure in the law sector, involving sensitive data such as 857 83 2744 and 0717958837519968. Please review these findings as part of your Engineer duties.",0.97,0.03,0.19999999999999996,0.8,0.21999999999999997,0.78,0.97,0.03,0.97,0.03,0.08,0.05,0.87
"I've misplaced the card with 137. Can you issue a new one and send it to Lothian, postcode 72475-9020, street Parkside?",0.09999999999999998,0.9,0.95,0.05,0.5,0.5,0.92,0.08,0.97,0.03,0.04,0.48,0.48
"Raymond - Female, DoB October 28, 1975. Your safety is our priority on campus. If you see suspicious activity around [31.2175,176.6926], report it immediately.",0.97,0.03,0.030000000000000027,0.97,0.99,0.01,0.99,0.01,0.050000000000000044,0.95,0.02,0.13,0.85
"If your Genderflux child is facing any issues, kindly fill in the information in the attached form and send it to our center located at Jimmy Via, Hertfordshire.",0.85,0.15,0.9,0.1,0.98,0.02,0.99,0.01,0.98,0.02,0.75,0.23,0.02
"Team, The Legacy Factors Producer training that was planned for this week has been postponed to 1970-05-20T00:14:55.295Z. Please adjust your schedules accordingly. Let us know at +403.913 779 2949.",0.12,0.88,0.94,0.06,0.98,0.02,0.98,0.02,0.98,0.02,0.15,0.8,0.05
"""We are reviewing the spending details of corporate credit card issued by diners_club with the number 9197379855318672. Please provide the recent expenditure details.""",0.98,0.02,0.97,0.03,0.030000000000000027,0.97,0.98,0.02,0.98,0.02,0.02,0.03,0.95
We have noted a case where a resident from 61682-1863 state of Alabama filed for bankruptcy. Please look into their profiles for any legal discrepancies.,0.55,0.45,0.96,0.04,0.98,0.02,0.99,0.01,0.95,0.05,0.55,0.4,0.05
"We are implementing a new online resource for math classes, accessible through students' smart devices. If you need assistance setting up the program, please contact Corey via Mac93@yahoo.com. This resource is compatible with both iOS and Android platforms.",0.030000000000000027,0.97,0.15000000000000002,0.85,0.99,0.01,0.99,0.01,0.98,0.02,0.05,0.92,0.03
"Encryption key to access your medical history post-surgery is t42DbJpqvVbl. This is for patient 3859300239549805 residing at Suite 710, Kuhic Overpass, Thurgau 52075.",0.06999999999999995,0.93,0.7,0.3,0.7,0.3,0.28,0.72,0.97,0.03,0.03,0.25,0.72
"Your appointment for vaccination is scheduled at [-70.1602,15.7262]. Kindly carry your Opera/11.42 (Windows NT 6.2; U; GD Presto/2.9.190 Version/11.00) for check-in.",0.97,0.03,0.97,0.03,0.98,0.02,0.98,0.02,0.030000000000000027,0.97,0.05,0.05,0.9
"Hello Thurman, Please email your child's updated immunization records to Kody.Hettinger@hotmail.com. Ensure to include your child's full name in the subject line. All the records need to be updated by 21/04/1992 for our system's record. Thanks, Jakubowski - Moen",0.030000000000000027,0.97,0.09999999999999998,0.9,0.98,0.02,0.98,0.02,0.98,0.02,0.05,0.85,0.1
"To all parents, we'll be starting with the tutoring classes soon. For details, get in touch at Marquise_Kerluke9@gmail.com or call at 08518-81052.",0.020000000000000018,0.98,0.25,0.75,0.98,0.02,0.98,0.02,0.98,0.02,0.04,0.9,0.06
"Subject: Competitive Analysis of Harris and Sons
Dear Team,
We have conducted a thorough competitive analysis of Will, Hintz and Rolfson to better strategize our business approach. Looking at their online presence through the user agent Mozilla/5.0 (Windows; U; Windows NT 5.1) AppleWebKit/532.0.2 (KHTML, like Gecko) Chrome/19.0.845.0 Safari/532.0.2, the company is focusing on their website accessibility to users. Website, https://unruly-treatment.com, provides crucial insights into their latest product developments and market capture strategies. Meanwhile, their leading managers, Assistant Tracey Jordan Feeney, reputably a Male of age 40, has played a pivotal role in Kub - Paucek's phenomenal growth and customer satisfaction.
Based on geographical metrics, they appear to prosper particularly within regions in the Southeast, with a notable focus on Kuphalstead, County Antrim. Uniquely, they seem to employ both IPs 84.74.63.116 and: 1f9e:7dfc:ddb4:bcc3:acde:2bf2:1b4c:e2bf to secure their internet processes, notably protecting sensitive data like password 4MhDKM3kzPTX and account number 19690867. Any potential competitive venture should consider the significance of this regional focus and technological edge.
Furthermore, monetary transactions spearheaded by their corporate operations assistant Principal Infrastructure Orchestrator mostly utilise the AUD (Currency symbol: ƒ), with the average transaction amounting to about 507.49k. Reports disclose 39ofxQu7mJuEf5jbK8RySad1Qn9fubGjRTg9Y, 3i58brGJq1QkfFDRug7NpQA8Fm, and 0xaa22adc5adf0aede30ca0e3dfbef9fabdbf208ed as the mainstream channels for crypto transactions.
Critiquing their customer service yields impressive results. They maintain a remarkable response time as per the last recorded call on the phone number (97) 9856-7733 at 03 with the reference of Phone IMEI: 30-218090-092587-1.
The premise of Witting, Schiller and Willms is located at Myah Mount 83979, Apt. 150, Everardoshire, Indiana, 93972. The coordinates [-68.3458,134.8742] point toward their main location.
The main email for contact is Henry.Parisian@hotmail.com under the username Myrtis_McKenzie.
Through this analysis, we've cultivated an understanding of the main components behind Kozey, Cassin and Cole's success. As we move forward, it is vital that we examine these details to effectively compete in the market.
Best regards, Dorris Kautzer, Market Analyst.",0.010000000000000009,0.99,0.020000000000000018,0.98,0.030000000000000027,0.97,0.020000000000000018,0.98,0.010000000000000009,0.99,0.005,0.015,0.98
Marilyne our educational leadership program aligns with your vision. Clarify doubts at Zoom meeting with meeting id 7197894361626822.,0.92,0.08,0.15000000000000002,0.85,0.98,0.02,0.97,0.03,0.98,0.02,0.28,0.69,0.03
Please note that the software on the devices with IMEI number 96-425240-836334-0 and IP addresses 230.154.75.145 will be updated as part of the Business Process Automation effort on 29th October at 7:45 AM. Make sure these devices are connected to power and have a stable network connection.,0.98,0.02,0.98,0.02,0.99,0.01,0.99,0.01,0.010000000000000009,0.99,0.03,0.04,0.93
"Dear Dr.Annie, I'm reaching out to let you know of our upcoming Human Rights Law event near your location at the following coordinates [70.5242,35.592]. The venue is located in the Northeast of your address.",0.95,0.05,0.15000000000000002,0.85,0.98,0.02,0.98,0.02,0.09999999999999998,0.9,0.03,0.35,0.62
"Could you verify the information on your health insurance policy, specifically accuracy of [-42.2294,80.5384] and Opera/12.5 (X11; Linux i686; U; UR Presto/2.9.166 Version/11.00).",0.98,0.02,0.97,0.03,0.98,0.02,0.98,0.02,0.030000000000000027,0.97,0.04,0.04,0.92
Kindly arrange for a survey in San Marcos regarding school lunch satisfaction. Report findings by end of the month. Log in using the credentials Eriberto_Schumm & PFRZHi9iZEGu.,0.97,0.03,0.4,0.6,0.98,0.02,0.030000000000000027,0.97,0.98,0.02,0.02,0.05,0.93
"Urgent! Overdose report at [2.7027,-80.7068]. Demi-boy 32 found unconscious. IV marks on arms. Dispatch immediately to 75570-3146.",0.6,0.4,0.94,0.06,0.98,0.02,0.98,0.02,0.050000000000000044,0.95,0.04,0.1,0.86
Investment Account with account number 93147299 will be used to bear the cost of our business continuity training. Please include this in the planning.,0.98,0.02,0.97,0.03,0.15000000000000002,0.85,0.99,0.01,0.99,0.01,0.22,0.06,0.72
"On 8th October secure 138.153.229.93, 1R3DzxjPiVeY3r4DSSGZK4vi67tJobc, and 737-39-1660 for classroom management. We will require Female's ward to sign off. Use 72112 for rerouting packages. If problems arise, use (480)-7201491 for contact.",0.050000000000000044,0.95,0.06999999999999995,0.93,0.09999999999999998,0.9,0.65,0.35,0.050000000000000044,0.95,0.01,0.03,0.96
Can individuals around the age of 79 years join your life skills program? I reckon these skills can be useful to fortify the life journey of my Transexual friend.,0.98,0.02,0.95,0.05,0.99,0.01,0.99,0.01,0.99,0.01,0.9,0.08,0.02
We noted an unsecured connection attempt from e6cb:6995:0d0a:7bf7:cb9f:a401:b5f0:c71d on Male's account. We recommend using our school's VPN for accessing the platform.,0.97,0.03,0.44999999999999996,0.55,0.98,0.02,0.98,0.02,0.030000000000000027,0.97,0.02,0.08,0.9
"Update! Barney, the specialized training session for parents will now occur on 22/12/1910. Sign in using the parental code 44485575.",0.97,0.03,0.15000000000000002,0.85,0.97,0.03,0.28,0.72,0.98,0.02,0.03,0.32,0.65
"Please log onto the student wellbeing platform from your IP address daf4:25a4:eeeb:cebc:5fbf:f5cd:bd5e:88ad or using your device with MAC address b9:fb:5b:45:b0:ab. If you've forgotten your log-in details, reset with your email and masked number, 6188607739285430.",0.95,0.05,0.94,0.06,0.55,0.45,0.96,0.04,0.020000000000000018,0.98,0.02,0.04,0.94
"We need your technical expertise, Avis, in resolving issues with our global education servers. We've been experiencing abnormalities with the IP 30.32.68.100.",0.97,0.03,0.12,0.88,0.99,0.01,0.99,0.01,0.06999999999999995,0.93,0.05,0.2,0.75
"A teacher who specializes in Configuration has been showered with praises from the students. In Clwyd, she is considered the best in this field.",0.98,0.02,0.97,0.03,0.99,0.01,0.99,0.01,0.99,0.01,0.93,0.06,0.01
"Miss Jules, our records show you have a fee balance for your addiction therapy sessions. The balance is ƒ 500. You can make the payment securely using your preferred method. For credit card payments, please enter your CVV 592.",0.97,0.03,0.15000000000000002,0.85,0.09999999999999998,0.9,0.94,0.06,0.98,0.02,0.03,0.1,0.87
"Dear Kub, I would like to meet with you regarding our Central Integration Consultant. The meeting will be on 4/57 at our school.",0.97,0.03,0.15000000000000002,0.85,0.99,0.01,0.99,0.01,0.99,0.01,0.18,0.8,0.02
Hello Elbert. The educational assessment report (attached) has been encrypted for your IP: 250.56.131.158. Please verify.,0.97,0.03,0.09999999999999998,0.9,0.99,0.01,0.98,0.02,0.030000000000000027,0.97,0.03,0.12,0.85
Found your life skills education program via my IP address 150.62.117.191. Can all individuals regardless of sex (Female) join your program?,0.98,0.02,0.97,0.03,0.99,0.01,0.99,0.01,0.030000000000000027,0.97,0.08,0.07,0.85
"Hello students, our updated Assessment Tool Suite now supports your Chilean Peso payment option. Register using your c3f3:b4be:bd0c:96ba:feeb:443b:c174:b134 address and proceed with the nullified 145 PIN for security.",0.96,0.04,0.97,0.03,0.97,0.03,0.15000000000000002,0.85,0.050000000000000044,0.95,0.03,0.05,0.92
"Survey data confirms that healthcare is limited in areas around [-30.1807,165.1192]. Our team is working on solutions and will update you through Henri_Kemmer@yahoo.com.",0.030000000000000027,0.97,0.44999999999999996,0.55,0.98,0.02,0.98,0.02,0.06999999999999995,0.93,0.03,0.12,0.85
Dayna sent out an email to the curriculum development team. Find the Brand syllabus for preview at https://miserly-dynamite.biz/ using password: nTGfkDOtuOUa.,0.95,0.05,0.09999999999999998,0.9,0.98,0.02,0.020000000000000018,0.98,0.97,0.03,0.02,0.05,0.93
"Apt. 546 will be our meeting spot for the next tutoring. It's near [-13.1345,24.7953]. Don't forget your green colored markers!",0.7,0.3,0.97,0.03,0.99,0.01,0.99,0.01,0.06999999999999995,0.93,0.06,0.12,0.82
"It's good progress to see our client, who connects with their account 64520162 with us, starting to explore their Intersex person identity.",0.97,0.03,0.92,0.08,0.65,0.35,0.98,0.02,0.98,0.02,0.35,0.35,0.3
"Vance from Leannonstad, Yorkshire and the Humber was diagnosed with cancer and needs to be admitted to the oncology department. Medical bills will be covered with account 44596598.",0.97,0.03,0.15000000000000002,0.85,0.25,0.75,0.98,0.02,0.98,0.02,0.02,0.3,0.68
"Willa is pioneering advancements in Health Informatics. Besides focusing on Female-centered healthcare, they've stress on gobal health focusing on Kwanza regions. I've her presentation saved under nFWuJG7VSFLV.",0.97,0.03,0.18000000000000005,0.82,0.98,0.02,0.92,0.08,0.97,0.03,0.28,0.67,0.05
"To improve our services, kindly update your medical records. Please include your green and 4' 6"".",0.98,0.02,0.95,0.05,0.99,0.01,0.99,0.01,0.99,0.01,0.85,0.11,0.04
"Dear Citlalli_Douglas, in order to conduct a thorough legal ethics survey, we require access to your personal loan account Personal Loan Account. As per legal requirement, all data collected will remain anonymous and strictly confidential.",0.97,0.03,0.15000000000000002,0.85,0.88,0.12,0.98,0.02,0.98,0.02,0.15,0.7,0.15
"Miss Arden, your Sexual and Reproductive Health will be discussed confidentially via our secure number 6676373607456325.",0.5,0.5,0.15000000000000002,0.85,0.44999999999999996,0.55,0.97,0.03,0.97,0.03,0.03,0.45,0.52
The new uniform policy will be applicable from 02:07. Get further details at our Arno Lakes location or check our server address 8cd1:b7be:fc64:6f44:c42b:e8d4:0723:cbdd.,0.95,0.05,0.96,0.04,0.98,0.02,0.98,0.02,0.09999999999999998,0.9,0.3,0.05,0.65
"Good afternoon, we have a scheduled group therapy session on June 14, 1933 at 4 o'clock. We need to confirm the payment via the provided IBAN DE89808925620245484515. Could you check if the transaction is complete?",0.97,0.03,0.95,0.05,0.030000000000000027,0.97,0.98,0.02,0.98,0.02,0.02,0.03,0.95
We accept diners_club for your health services at our hospital. Ensure to have a masked number 6849918243189261 for your safety.,0.97,0.03,0.96,0.04,0.15000000000000002,0.85,0.97,0.03,0.98,0.02,0.12,0.05,0.83
"During the consultation, the patient with grey eyes paid for the medication using 9078962138679463 issued by diners_club with 475 and the payment was processed in DOP.",0.98,0.02,0.95,0.05,0.030000000000000027,0.97,0.97,0.03,0.98,0.02,0.02,0.02,0.96
"Confirm changes made to L,Belize Dollar and the Orchestrator role in the plan.",0.98,0.02,0.95,0.05,0.98,0.02,0.99,0.01,0.99,0.01,0.94,0.05,0.01
"Male, I'm from the Iowa Art School. Your piece has been selected for our annual exhibition. Kindly confirm via 0965-47678627.",0.06999999999999995,0.93,0.88,0.12,0.98,0.02,0.99,0.01,0.98,0.02,0.08,0.87,0.05
"At 9:14 AM, a suspicious IP, 102.40.46.150, was noted attempting to access confidential patient data such as LU4645497X9RN0V2637P and 24-941935-064129-9. IT security is working to thwart future attempts.",0.97,0.03,0.5,0.5,0.19999999999999996,0.8,0.97,0.03,0.030000000000000027,0.97,0.01,0.02,0.97
"To all Transexual person living near [-41.3679,-116.4678]. Vaccination available at 5232 for 2 years or above.",0.88,0.12,0.96,0.04,0.98,0.02,0.97,0.03,0.050000000000000044,0.95,0.08,0.1,0.82
"Hello Barney, we've received payment for our Gifted Education Program in the form of Tanzanian Shilling. Thank you for your prompt response.",0.98,0.02,0.06999999999999995,0.93,0.98,0.02,0.99,0.01,0.99,0.01,0.1,0.87,0.03
"Hello Miss, your vaccination is scheduled for 3 o'clock at the center located at 79552, New Hampshire. We will require your 75-970695-372227-4 for verification purposes. Our care team will assist you if needed.",0.6,0.4,0.28,0.72,0.9,0.1,0.97,0.03,0.97,0.03,0.12,0.23,0.65
"Hello Cameron, we need your Senior Configuration Officer expertise for a panel discussion on Humanistic Therapy development in Fort Linneaville. We'll cover your transport costs, and for that, we need your B12P5YJTNHJV59100 for booking.",0.97,0.03,0.09999999999999998,0.9,0.92,0.08,0.98,0.02,0.18000000000000005,0.82,0.03,0.17,0.8
Make sure you bring Margarete's health insurance card and ID for her emergency room visit. The patient's health insurance number is 0029583433099216.,0.97,0.03,0.030000000000000027,0.97,0.92,0.08,0.98,0.02,0.98,0.02,0.02,0.4,0.58
We're waiting for Jerome's strategic plans for our Port Ashtyn operations. She said she would send them to Ignacio2@gmail.com.,0.030000000000000027,0.97,0.040000000000000036,0.96,0.99,0.01,0.99,0.01,0.99,0.01,0.03,0.94,0.03
We are noticing wear on wheelchair frame with VIN: D7CC55P9WFKR99870. It's registered to Cisgender client living in 70714. Can we schedule maintenance?,0.7,0.3,0.95,0.05,0.98,0.02,0.99,0.01,0.12,0.88,0.08,0.2,0.72
"Corporate Quality Developer, would you mind conducting calls with other leaders within the Directives field to gather their information on sustainable business practices? You can use the company account, account number 94484703 for any associated charges.",0.97,0.03,0.96,0.04,0.44999999999999996,0.55,0.98,0.02,0.98,0.02,0.4,0.08,0.52
Work on our new product continues as scheduled. The journey from a lab at Jerrod Via to pharmaceutical game-changer is shaping up nicely. Updates to follow at 07:17.,0.75,0.25,0.7,0.3,0.98,0.02,0.98,0.02,0.97,0.03,0.62,0.35,0.03
"Hello Buster_Hauck, please fill up this survey related to our new branding campaign in the Sicily state. Your feedback would be highly appreciated.",0.98,0.02,0.15000000000000002,0.85,0.99,0.01,0.99,0.01,0.99,0.01,0.2,0.78,0.02
We noted that Developer can experience high levels of stress. Our therapy sessions can be very beneficial to cope with this. Please register using Xander37 and the password 0TdKKiF9sBfQ.,0.98,0.02,0.88,0.12,0.99,0.01,0.020000000000000018,0.98,0.99,0.01,0.02,0.05,0.93
"Hi Francisca, your next appointment falls on your birthday, 20/05/1944. We wish you a happy early birthday and look forward to seeing you then.",0.98,0.02,0.020000000000000018,0.98,0.99,0.01,0.99,0.01,0.99,0.01,0.03,0.82,0.15
"Miller, McCullough and Kemmer's efforts to enhance healthcare accessibility to community members of 06662 region who are aged above 65 years years deserves appreciation.",0.85,0.15,0.7,0.3,0.98,0.02,0.99,0.01,0.98,0.02,0.65,0.32,0.03
"Hey Mayra, I'm having trouble with logging into the student behavior management system. Can you reset my LMS password 'S2bwXyEMUE6J'?",0.97,0.03,0.15000000000000002,0.85,0.98,0.02,0.030000000000000027,0.97,0.98,0.02,0.02,0.05,0.93
Our Male patient Dillan Kub with 908 30 5680 has been prescribed new therapy.,0.8,0.2,0.020000000000000018,0.98,0.97,0.03,0.98,0.02,0.98,0.02,0.01,0.3,0.69
"Hello, upcoming group therapy session on 8/69 in North Yorkshire might be of interest to you. Kindly respond on (012) 6811774 if interested.",0.19999999999999996,0.8,0.95,0.05,0.98,0.02,0.98,0.02,0.98,0.02,0.25,0.72,0.03
"For international students wishing to donate, here is our IBAN IL733200200180951100051. Also, an update: payments may be made in Swiss Franc (AWG) or Australian Dollar at the current South Yorkshire exchange rates. Confirm via b5e2:ba43:aa1b:8d46:c4cd:ce7b:5bac:7fec.",0.96,0.04,0.96,0.04,0.030000000000000027,0.97,0.98,0.02,0.06000000000000005,0.94,0.02,0.03,0.95
Our researcher Marlowe has been conducting a study on the influence of existential therapy in East Martaberg. I would appreciate if you could compile these findings and send them to me.,0.98,0.02,0.15000000000000002,0.85,0.99,0.01,0.99,0.01,0.99,0.01,0.2,0.78,0.02
"Dear Marcella, as discussed, the next global education conference will be held at 976, Suite 675, 86019-0265. Please book XU63AYC vehicle with the VIN CKHBGL62G4CS99508 for the day.",0.44999999999999996,0.55,0.15000000000000002,0.85,0.97,0.03,0.98,0.02,0.030000000000000027,0.97,0.03,0.12,0.85
Kindly click on the PDF at this Ethereum address 0xcc4e34be8dafae6a17d9909fb9bb64085a5bd4f3 for more details on our project. It's password protected (KbYZQqpfWV7m).,0.97,0.03,0.97,0.03,0.040000000000000036,0.96,0.030000000000000027,0.97,0.98,0.02,0.01,0.02,0.97
Ezekiel looks like the 07:01:75:c5:2f:f0 address under ops is being used for unauthorized access. Can IT dept confirm?,0.97,0.03,0.15000000000000002,0.85,0.98,0.02,0.98,0.02,0.040000000000000036,0.96,0.03,0.12,0.85
"The hormones secreted by the pancreas, notably Insulin, play a significant role in metabolising the sugar. A detailed explanation will be available on Apt. 145 or IP eeba:9d8d:787d:cbbc:ee79:c8d6:ba66:a1c8.",0.8,0.2,0.97,0.03,0.98,0.02,0.98,0.02,0.030000000000000027,0.97,0.05,0.08,0.87
"2. The case will be tried at the district court of Carroll County, Tennessee. The client requests her phone records, IMEI: 95-760107-602519-4, and IP logs, IPV4: 90.122.189.196 as circumstantial evidence.",0.97,0.03,0.96,0.04,0.98,0.02,0.99,0.01,0.010000000000000009,0.99,0.03,0.05,0.92
"Dear Brant, our orthopedics department has scheduled a seminar in 26575. We require your expertise. Further details are sent to 0xcdfaaff547ad8eb3ac20e5ec5bbaf6bf554bd61c.",0.7,0.3,0.09999999999999998,0.9,0.06999999999999995,0.93,0.98,0.02,0.97,0.03,0.03,0.12,0.85
"Submitted a new order for medicines, which should arrive by 23/05/1967 and should be signed for by Micah. The invoice is charged to the card 5524653567228268.",0.97,0.03,0.15000000000000002,0.85,0.030000000000000027,0.97,0.98,0.02,0.98,0.02,0.01,0.03,0.96
"For your security, our servers will now require additional verification. All profile changes will be authenticated using IPv6 eda0:5cca:fc1e:ff64:16ab:730f:70d2:b3a2 and not your regular IP 3093:fcca:3e3d:1a65:ab54:a7a9:1ba1:a3ef.",0.98,0.02,0.98,0.02,0.99,0.01,0.99,0.01,0.020000000000000018,0.98,0.05,0.05,0.9
Working within Response can be demanding. Check out https://grouchy-flanker.org for some great strategies to handle stress.,0.97,0.03,0.97,0.03,0.99,0.01,0.99,0.01,0.98,0.02,0.94,0.05,0.01
We require some new statistics software for our team. Please purchase it using the discover card with the number 4674727669856270. I'll share the CVV offline.,0.98,0.02,0.97,0.03,0.020000000000000018,0.98,0.97,0.03,0.99,0.01,0.01,0.02,0.97
"Dear Holly, received your application for the scholarship. PLease send your Birth Certificate showing 21/07/1980 and ID showing your Male for verification.",0.97,0.03,0.030000000000000027,0.97,0.98,0.02,0.98,0.02,0.98,0.02,0.04,0.62,0.34
"Good day, Brooks. A quick reminder about the upcoming meeting on 15/11/1920. We'll discuss the new leadership curriculum. You're expected to provide performance updates. The meeting will hold at our Hertfordshire center. Kindly RSVP.",0.97,0.03,0.19999999999999996,0.8,0.99,0.01,0.99,0.01,0.98,0.02,0.25,0.72,0.03
"Ernest, please note we've updated the schools internet protocol for better efficiency. New IPV6: 9df2:968a:8732:0f63:37ca:554c:b5ac:196d.",0.97,0.03,0.15000000000000002,0.85,0.98,0.02,0.98,0.02,0.050000000000000044,0.95,0.03,0.12,0.85
"Regarding your recent medical imaging, we have several specialists in the Northwest of the hospital. Can the appointment be scheduled at the Apt. 664 location? For inquiries, contact us via +53.946 271 3676.",0.18000000000000005,0.82,0.95,0.05,0.98,0.02,0.98,0.02,0.97,0.03,0.2,0.75,0.05
"Computer safety training on phishing, login at IP 247.17.113.191 at 19. Use Mozilla/5.0 (Macintosh; U; Intel Mac OS X 10_7_6 rv:3.0; MS) AppleWebKit/536.2.1 (KHTML, like Gecko) Version/7.1.2 Safari/536.2.1 for optimal performance.",0.97,0.03,0.97,0.03,0.98,0.02,0.97,0.03,0.030000000000000027,0.97,0.05,0.05,0.9
I request you to verify the company account Auto Loan Account with account number 69946808 or IBAN AE297139006435314899426 for a payment of 185487.96 lei to make for the psychological assessment session.,0.98,0.02,0.97,0.03,0.020000000000000018,0.98,0.99,0.01,0.99,0.01,0.02,0.03,0.95
Please analyse the increasing disease trend among Intersex man in Lincoln County and submit your findings to Tremayne_Bode73.,0.95,0.05,0.30000000000000004,0.7,0.99,0.01,0.99,0.01,0.98,0.02,0.33,0.64,0.03
"Karley, thank you for attending the alternative medicine seminar. We appreciate your valuable thoughts. Please share your feedback on Leland_Wolf@hotmail.com.",0.030000000000000027,0.97,0.040000000000000036,0.96,0.99,0.01,0.99,0.01,0.99,0.01,0.03,0.94,0.03
"Hi Mrs. Stroman, we will need your username Anabelle.Wilderman4 and password zZHs7ymFosNe for our new online Parent-Teacher portal. You'll be able to see homework, attendance, and reports. If you have trouble accessing, please feel free to reach out at Judah87@yahoo.com",0.030000000000000027,0.97,0.040000000000000036,0.96,0.98,0.02,0.020000000000000018,0.98,0.98,0.02,0.01,0.04,0.95
DNA sequencing for patient 382 38 9212 successful. Full report dispatched under the reference 97036097.,0.97,0.03,0.31999999999999995,0.68,0.97,0.03,0.98,0.02,0.98,0.02,0.3,0.1,0.6
Please send the Analyst curriculum to Werner30@hotmail.com by 25/05/1977.,0.040000000000000036,0.96,0.6,0.4,0.98,0.02,0.98,0.02,0.98,0.02,0.05,0.88,0.07
"billing of art creativity camp completed. (NT$Bulgarian Lev). Kindly confirm your 8758045987837336, Shyanne.",0.97,0.03,0.09999999999999998,0.9,0.15000000000000002,0.85,0.96,0.04,0.97,0.03,0.03,0.15,0.82
"We're excited to announce our partnership with mastercard! Now, you can also pay with 0691315375392525 at our facilities.",0.97,0.03,0.97,0.03,0.31999999999999995,0.68,0.97,0.03,0.98,0.02,0.3,0.05,0.65
You are approaching the final part of your application for the Manager position. Please find the scheduled date for your online psychometric testing - 29/03/1927. You will need the 2999 to gain access to the tests.,0.97,0.03,0.7,0.3,0.97,0.03,0.25,0.75,0.98,0.02,0.28,0.1,0.62
"For any software downloads needed, approval must be directed to the IT department via the internal network IP 155.152.154.118 or IPV6 f610:9eed:1b36:2a89:bccf:3ddb:ace7:550e if necessary.",0.95,0.05,0.97,0.03,0.98,0.02,0.98,0.02,0.07999999999999996,0.92,0.3,0.12,0.58
"""Congratulations Stuart.Franey, your efforts in the field of global health have been recognized. We will be awarding you in our special event hosted in Thuringia. Please note that the event starts at 3.""",0.97,0.03,0.050000000000000044,0.95,0.99,0.01,0.99,0.01,0.99,0.01,0.08,0.9,0.02
"Patient Male with 95cm, returning device 0186699703192700 requires refund in $ 95709.07.",0.97,0.03,0.95,0.05,0.88,0.12,0.98,0.02,0.19999999999999996,0.8,0.15,0.05,0.8
"Elmo, the credit card 5958295019807678 issued by discover is for assessment expenses. BIC is SKHACRQS.",0.97,0.03,0.18000000000000005,0.82,0.010000000000000009,0.99,0.98,0.02,0.98,0.02,0.01,0.03,0.96
"22. If you’re a remote student, access your account using Florencio.Breitenberg75 at https://bulky-intention.net/.",0.92,0.08,0.31999999999999995,0.68,0.98,0.02,0.94,0.06,0.98,0.02,0.33,0.62,0.05
"7601's ICU is in critical need, requesting immediate funds to FR182850021919246764GZ84593 from Investment Account.",0.97,0.03,0.8,0.2,0.040000000000000036,0.96,0.98,0.02,0.98,0.02,0.02,0.04,0.94
"Dear Dr. Hills, Existential Therapy is very effective in understanding the anxiety in your Usability. This will be our focus next week.",0.98,0.02,0.15000000000000002,0.85,0.99,0.01,0.99,0.01,0.99,0.01,0.2,0.77,0.03
"Your Northwest has a booming job market in tourism. An opportunity worth exploring, Mose.",0.98,0.02,0.15000000000000002,0.85,0.99,0.01,0.99,0.01,0.99,0.01,0.2,0.78,0.02
"Dear Teresa, please confirm if the last 4 digits of your SSN are 404-65-7244.",0.98,0.02,0.030000000000000027,0.97,0.97,0.03,0.97,0.03,0.99,0.01,0.01,0.05,0.94
"Hello Darrion, we've found an unauthorized transaction on your account, transferring Qatari Rial 723k to IE4036SX82051186823921. Kindly confirm if you authorized this transaction.",0.97,0.03,0.09999999999999998,0.9,0.030000000000000027,0.97,0.98,0.02,0.98,0.02,0.01,0.04,0.95
Please refer to account name Savings Account when making payment for tuition fees. Be sure to indicate the SSN 762-86-9890 for proper tracking.,0.97,0.03,0.040000000000000036,0.96,0.95,0.05,0.98,0.02,0.98,0.02,0.02,0.04,0.94
This is an automated email for Napoleon. Your uniform order 0641535482017894 is ready for pick up.,0.97,0.03,0.19999999999999996,0.8,0.94,0.06,0.99,0.01,0.99,0.01,0.3,0.65,0.05
"Nora, please note that your appointment falls on Port Odie this coming 1943-10-19T23:34:08.241Z.",0.95,0.05,0.15000000000000002,0.85,0.98,0.02,0.98,0.02,0.96,0.04,0.28,0.68,0.04
"Hi, Shania! I understand you are 114 centimeters tall. Based on this, I can provide a diet plan tailored to your nutritional needs. Any food restrictions?",0.98,0.02,0.15000000000000002,0.85,0.99,0.01,0.99,0.01,0.99,0.01,0.2,0.76,0.04
"Female, we verify your payment through $ on LT464485409401005490. If it's not correct, share your 5512.",0.97,0.03,0.95,0.05,0.050000000000000044,0.95,0.5,0.5,0.98,0.02,0.02,0.04,0.94
"Apart from maths tutoring, we also offer homework assistance for Wilfred. Get detailed information by calling us at (43) 0838 6360.",0.06999999999999995,0.93,0.28,0.72,0.98,0.02,0.98,0.02,0.98,0.02,0.1,0.86,0.04
Our school received a substantial donation to improve our STEM education. Please ensure your transactions reflect the ﷼ instead of the Forint to avoid confusion.,0.98,0.02,0.98,0.02,0.98,0.02,0.99,0.01,0.99,0.01,0.95,0.04,0.01
We received new safety goggles. All workers who have Eye color: Brown or lighter must wear them. Pick 'em up at the office in Apt. 926.,0.85,0.15,0.95,0.05,0.99,0.01,0.99,0.01,0.98,0.02,0.8,0.17,0.03
"As a Orchestrator, we need you to verify the credentials of our team members who are expected to join the session. The usernames provided are Jamison81 and Antonio.Schaden.",0.97,0.03,0.4,0.6,0.98,0.02,0.92,0.08,0.98,0.02,0.4,0.55,0.05
"Hello Shayne, the next seminar will be all about stress management using alternative medicine. I can interact directly on 3977:efff:a04f:d59a:bffd:cf3f:f4e4:d8eb.",0.97,0.03,0.040000000000000036,0.96,0.99,0.01,0.99,0.01,0.030000000000000027,0.97,0.02,0.13,0.85
We are unable to process the trade due to an issue with your 04534061. Please update your account details or contact our Executive for assistance. Also ensure you access the document through https://vibrant-boysenberry.com.,0.95,0.05,0.96,0.04,0.4,0.6,0.96,0.04,0.97,0.03,0.38,0.05,0.57
"Amya, upon further review of your claim, we have found that you incurred charges in the 37997-8366 area. All healthcare policies in that region are covered by us.",0.65,0.35,0.15000000000000002,0.85,0.97,0.03,0.98,0.02,0.95,0.05,0.2,0.74,0.06
"Vandervort, Schoen and Kerluke's operations team is requesting detailed data on our North Austynbury facility. Give them the https://total-intelligence.info to access this information.",0.96,0.04,0.94,0.06,0.99,0.01,0.99,0.01,0.98,0.02,0.9,0.08,0.02
"Hi team, the brand's account 10506856 for marketing platforms seems to have some irregularities. Could someone from the IT team reset the password fDpGJ2d_zneZ and update me?",0.97,0.03,0.96,0.04,0.88,0.12,0.030000000000000027,0.97,0.98,0.02,0.03,0.05,0.92
"During the exam, it was noted that a student of Female to male transgender man, sitting in 5654 N Railroad Street, was found using a device with the MAC address c7:d9:59:bb:f7:45 for illicit activities.",0.09999999999999998,0.9,0.92,0.08,0.98,0.02,0.98,0.02,0.030000000000000027,0.97,0.02,0.13,0.85
"Dear Patrick17, As per the corporate regulation policies, we are hereby inquiring about the transaction occurred on 14:55 today. If this wasn't initiated by you, kindly reply to us ASAP. More details about the transaction are mentioned on our website https://adored-greed.name/.",0.95,0.05,0.5,0.5,0.97,0.03,0.98,0.02,0.97,0.03,0.5,0.47,0.03
"Dear Sir, we need a briefing on the military law implications of using AI in the field. Please cover the consequences on both domestic and international scales, focusing on areas where our Toms River headquarters could be affected. Send a confidential report to my 16RWReNMrzxW6YjBYV2veJzkMn before 5.",0.96,0.04,0.96,0.04,0.15000000000000002,0.85,0.97,0.03,0.97,0.03,0.12,0.05,0.83
"Upon successful verification of Personal Loan Account 28484621 with a balance of Rial Omani 820658.47, your application for educational funding will enter the final review stage, Dr.Smitham.",0.97,0.03,0.09999999999999998,0.9,0.25,0.75,0.98,0.02,0.98,0.02,0.03,0.27,0.7
"Hello all,
From 03556, we're launching a new SEL web-portal that will assist our colleagues in achieving their social-emotional learning goals. Our Web development team led by Forward Data Executive made it possible.",0.85,0.15,0.92,0.08,0.98,0.02,0.98,0.02,0.97,0.03,0.8,0.17,0.03
"Our patient, a Male from West Ethanport has shown signs of psychological disorders. Could you book an appointment, next week, around 21 o'clock?",0.98,0.02,0.97,0.03,0.99,0.01,0.99,0.01,0.99,0.01,0.9,0.08,0.02
Complete payment for Homeopathy treatment K45 by transferring to litecoin address: 3mmf4WDNfd3Rvc5irPXpXfTwqmvQ.,0.97,0.03,0.97,0.03,0.050000000000000044,0.95,0.98,0.02,0.98,0.02,0.04,0.03,0.93
Organizing seminar on recent advancement in treatment of hormonal imbalances. Need slides from your paper. Please ensure to redact sensitive data like any 75650612616 and represent them as 6222446208259735 for confidentiality.,0.7,0.3,0.95,0.05,0.4,0.6,0.97,0.03,0.96,0.04,0.3,0.15,0.55
Invite to Leatha our Investor Operations Supervisor at Hartmann LLC for a review session of the new healthcare policies affecting our Supervisor. We look forward to receiving your valuable inputs.,0.97,0.03,0.15000000000000002,0.85,0.98,0.02,0.98,0.02,0.98,0.02,0.2,0.77,0.03
"Hello, to confirm reservation of our therapy session at 9 PM, please send an email to the address, provided with your Everardo.Zulauf.",0.94,0.06,0.06999999999999995,0.93,0.99,0.01,0.99,0.01,0.99,0.01,0.08,0.89,0.03
"Dear Team,

Please remember to update your system and to follow the instructions at the following URL: https://prickly-dickey.info. The session will be hosted by Mrs. Carroll at 11 AM.",0.97,0.03,0.15000000000000002,0.85,0.99,0.01,0.99,0.01,0.98,0.02,0.25,0.73,0.02
Your assigned workstation at Dickens - Metz can be accessed using the IP address b6c9:b3bc:576f:bd07:a05e:cc24:98ce:74df and MAC address be:be:46:5f:35:93.,0.97,0.03,0.97,0.03,0.99,0.01,0.98,0.02,0.020000000000000018,0.98,0.03,0.04,0.93
"We are sending vaccines to the South Yorkshire area. The distribution center will be in the 832 building Smitham Land, close to the [64.5753,-17.5842].",0.6,0.4,0.95,0.05,0.98,0.02,0.98,0.02,0.15000000000000002,0.85,0.15,0.25,0.6
Kindly provide the payment of 0.000bS through 1455223427305055 issued by diners_club for processing.,0.98,0.02,0.97,0.03,0.040000000000000036,0.96,0.98,0.02,0.98,0.02,0.02,0.03,0.95
Emergency care required for resident of East Midlands. Trans female aged 92 years. Payments through diners_club.,0.98,0.02,0.95,0.05,0.94,0.06,0.99,0.01,0.98,0.02,0.8,0.13,0.07
I need help for a Male client aged 13 years old with regards to immigration law. Please reach out at (62)-2746.9435.,0.040000000000000036,0.96,0.94,0.06,0.99,0.01,0.99,0.01,0.99,0.01,0.05,0.91,0.04
Personal Female's Ethereum wallet address (0xb37d2841aaddf48fe3060e88a3e749b5f21fb6c5) found during inspection. Eye color Amber and Height 1.06m important markers.,0.98,0.02,0.94,0.06,0.020000000000000018,0.98,0.98,0.02,0.97,0.03,0.02,0.04,0.94
"A civil rights claim has been lodged by a Male Trans female, Jasen Emmerich, against her employer regarding age discrimination. Contact Adrain at 058 1578 3500 or Hope31@hotmail.com for more information.",0.020000000000000018,0.98,0.020000000000000018,0.98,0.98,0.02,0.98,0.02,0.98,0.02,0.02,0.9,0.08
"""We have received your request for corporate financing. However, we need to verify some details before we can proceed. Please provide us with the cardholder's name Cameron and the credit card number 5946499160923824 along with the CVV 377.""",0.97,0.03,0.15000000000000002,0.85,0.020000000000000018,0.98,0.97,0.03,0.98,0.02,0.01,0.02,0.97
"Dear Raleigh, We seek your expertise for a seminar at our orthopedic clinic at Suite 546. Please guide us how to proceed.",0.85,0.15,0.15000000000000002,0.85,0.99,0.01,0.99,0.01,0.99,0.01,0.18,0.79,0.03
"We recieved a customer complaint from a Male living at Suite 895. She has been charged an excess of UAE Dirham. As a CRM representative, can you look into this?",0.7,0.3,0.95,0.05,0.97,0.03,0.99,0.01,0.99,0.01,0.62,0.35,0.03
"Our dental team led by Dr. Koch is ready for your dental braces appointment, Ms. Audrey. We'll see you soon!",0.98,0.02,0.030000000000000027,0.97,0.99,0.01,0.99,0.01,0.99,0.01,0.05,0.92,0.03
"Following the amendments in the Car taxation laws in Avon county Grampian, can you kindly do research on how much tax we would currently pay if we were to buy a commercial vehicle specified by XT45BNZ? And how this would change if we were to buy the same type of vehicle but with a different Vehicle Identification Number DGZJ16FKK8K341353 in 2021?",0.98,0.02,0.97,0.03,0.98,0.02,0.99,0.01,0.030000000000000027,0.97,0.08,0.07,0.85
The vehicle with registration number HV55WYY has traveled from St. Gallen to help set up our autistic student's module.,0.98,0.02,0.97,0.03,0.99,0.01,0.99,0.01,0.040000000000000036,0.96,0.08,0.07,0.85
We need to secure our Savings Account with number 46093855. Change the password to the combination n7vsf7vzSWhL and securely store it.,0.98,0.02,0.97,0.03,0.050000000000000044,0.95,0.020000000000000018,0.98,0.99,0.01,0.01,0.02,0.97
"New Transgender person client using Mozilla/5.0 (Windows; U; Windows NT 5.0)AppleWebKit/538.1.2 (KHTML, like Gecko) Version/7.1.8 Safari/538.1.2 has issues with outdated site version.",0.98,0.02,0.97,0.03,0.99,0.01,0.99,0.01,0.030000000000000027,0.97,0.05,0.03,0.92
I’m writing an affirmation for student Mitchell’s application for National Mobility Executive. Can you provide a personal anecdote highlighting Joannie’s qualifications?,0.98,0.02,0.09999999999999998,0.9,0.99,0.01,0.99,0.01,0.99,0.01,0.15,0.83,0.02
"Can all volunteers ensure they have either their JJ05VNZ or 2DUNMZ4L6CR381743 at the ready for the carpooling initiative on 1981-04-18T09:01:05.028Z at [-69.3807,120.1278].",0.97,0.03,0.94,0.06,0.98,0.02,0.98,0.02,0.020000000000000018,0.98,0.03,0.05,0.92
MRI technician training payment has been processed through Home Loan Account. Please make sure your email has Mozilla/5.0 (Windows NT 5.2; WOW64; rv:6.7) Gecko/20100101 Firefox/6.7.1 for optimal browsing.,0.97,0.03,0.97,0.03,0.95,0.05,0.98,0.02,0.040000000000000036,0.96,0.08,0.04,0.88
"Payment towards pharmaceutical order from Bartell, West and Mills is due. Pay 784,700.78Czech Koruna using LV68TXVK477IN710800S1.",0.98,0.02,0.94,0.06,0.040000000000000036,0.96,0.99,0.01,0.99,0.01,0.03,0.04,0.93
Check out new special education material developments at Koch - Okuneva using your unique access password: eFYf6nwAqZYL.,,,,,,,,,,,,,
"Delphine, we believe your child's school account has been compromised. It shows access from an unusual IP 8a29:9d8e:a6ba:d39a:d49e:e1db:67f5:0426. Please update the password for security purposes.",0.97,0.03,0.12,0.88,0.98,0.02,0.95,0.05,0.050000000000000044,0.95,0.03,0.12,0.85
"In the log, we noticed a unique transaction from 1vigQr3xH3bkNftL4iDaFQxveYNzopaS9Mu4R done through account number 18503724. The masked number 9730406691959784 also appeared multiple times. Both led back to Schwyz.",0.97,0.03,0.95,0.05,0.030000000000000027,0.97,0.98,0.02,0.97,0.03,0.02,0.03,0.95
"Hello, we've noticed a transaction happening from the Bitcoin address 15696CUgN4eTo9jPAPM2Em5DVJEUy, Ethereum address 0x9d73aeeefffb1794a4daffc1d1717a6d30af915a, and Litecoin address 3sahYDjGai4c8eCBypbTCP9epM5FAWo. Could you please check and confirm these were scheduled transactions?",0.98,0.02,0.98,0.02,0.030000000000000027,0.97,0.99,0.01,0.98,0.02,0.02,0.03,0.95
"Hello Hayden, could you please analyze the impact of the currency exchange rate variation for the IDR on our pricing strategy? Use this company's card 7073632629841490 for any incurring expenses. Let's have the report finished by 6.",0.97,0.03,0.15000000000000002,0.85,0.030000000000000027,0.97,0.98,0.02,0.98,0.02,0.02,0.03,0.95
I need the full Developer curriculum document sent to Cassie_Hintz@hotmail.com ASAP.,0.020000000000000018,0.98,0.15000000000000002,0.85,0.99,0.01,0.99,0.01,0.99,0.01,0.03,0.94,0.03
"""Miss Wuckert, we’re glad to inform you that your Male's grades have improved this semester. We would like to organize a meeting to discuss their progress. Find meeting details enclosed. Please confirm at Sigurd.Luettgen@gmail.com. - Rico Senior Operations Architect""",0.030000000000000027,0.97,0.040000000000000036,0.96,0.99,0.01,0.99,0.01,0.99,0.01,0.02,0.94,0.04
"We had some questions regarding some transactions that took place on your Credit Card issued by maestro. The Card number is 6875206891862468, and please ignore the request if this doesn't match with your records.",0.98,0.02,0.98,0.02,0.020000000000000018,0.98,0.98,0.02,0.98,0.02,0.01,0.02,0.97
You're targeted for some potential opportunities due to your age 29 years Tomasa.,0.98,0.02,0.09999999999999998,0.9,0.99,0.01,0.99,0.01,0.99,0.01,0.12,0.85,0.03
"The woman Male, Arno, was brought in by paramedics. She had a fall and is facing significant discomfort in the back. We've managed to stabilize her, but she's currently being monitored. For finance related queries, contact us on the given 77-194168-110126-9.",0.5,0.5,0.09999999999999998,0.9,0.6,0.4,0.97,0.03,0.97,0.03,0.05,0.55,0.4
"Dear Two-spirit, your performance was examined, and you were placed in the Southwest quartile in the teacher ranking.",0.98,0.02,0.7,0.3,0.99,0.01,0.99,0.01,0.99,0.01,0.7,0.28,0.02
Patient Linnea Reichel orthopedic treatment fees are due. Please visit https://tidy-bore.net/ and complete the payment using 4980732570097760.,0.97,0.03,0.020000000000000018,0.98,0.06999999999999995,0.93,0.98,0.02,0.98,0.02,0.01,0.07,0.92
Never call a patient with Female or Cis female. It can be an invasion of privacy.,0.99,0.01,0.98,0.02,0.99,0.01,0.99,0.01,0.99,0.01,0.95,0.04,0.01
The budget for next year's gifted education program in Pa'anga has been approved. Details can be found at 0xdedecdc9d1e07e7c7bc4d6247ea7dcaceda443f4.,0.97,0.03,0.96,0.04,0.12,0.88,0.98,0.02,0.97,0.03,0.1,0.04,0.86
"The Oncology report for Granville was mistakenly sent an incorrect address, please update the address linked with 34090-4725.",0.55,0.45,0.35,0.65,0.97,0.03,0.98,0.02,0.98,0.02,0.33,0.6,0.07
The progress of our trial in the Nouvelle-Aquitaine lab can be tracked via IP 68.234.50.241.,0.98,0.02,0.98,0.02,0.99,0.01,0.99,0.01,0.030000000000000027,0.97,0.08,0.05,0.87
"Please connect with Engineer Dakota. For safety, use IPs 108.176.233.123,0850:b57a:7eb4:ae0a:512d:0ccb:b2d1:a4ad or 38eb:e5ef:b2f2:65c3:46ff:2978:eec6:03b9. They will provide access to 3syg5QCA3ZgWvQ6a29md8QMuyjCchzmtNNjKE1u and 0x0fc4dbb2d970cb7b9d3fae7b7bd1b7c5c46b55a9 if necessary.",,,,,,,,,,,,,
"F2M, we have scheduled a pilot test for our new portal. Your login details are reset to your DOB (03/06/1949) and the last 4 digits of your SSN (756.4570.7768). Post-login change your password.",0.97,0.03,0.040000000000000036,0.96,0.96,0.04,0.38,0.62,0.98,0.02,0.01,0.04,0.95
"Serving D'Amoreborough and surrounding counties, Gusikowski, Quigley and Hettinger leads the pharma industry with products from their renowned Mobility division. Find out more about our products by visiting https://proper-prayer.org or calling +910.232.885-7878.",0.6,0.4,0.8,0.2,0.98,0.02,0.98,0.02,0.97,0.03,0.6,0.37,0.03
The patient report with masked number 3348007003841340 due in your office at 18 o'clock tomorrow.,0.97,0.03,0.8,0.2,0.6,0.4,0.97,0.03,0.97,0.03,0.35,0.2,0.45
"For diagnostic imaging, visit our location at [-73.9553,81.6916]. Make sure to bring exact change in Gourde.",0.97,0.03,0.98,0.02,0.98,0.02,0.99,0.01,0.06999999999999995,0.93,0.1,0.05,0.85
"We regret to inform you, patient with SSN: 756.9141.4537 did not survive the ICU stay. Contact +904.611-949.2086 for further details.",0.040000000000000036,0.96,0.050000000000000044,0.95,0.98,0.02,0.99,0.01,0.98,0.02,0.01,0.05,0.94
Your orientation will be on 12/34 at 10:07 PM. Don't forget to carry your Lucerne ID.,0.98,0.02,0.95,0.05,0.99,0.01,0.99,0.01,0.99,0.01,0.9,0.07,0.03
Presenting on cyber security at the STEM summit. We need the IP: afdf:a9ee:170c:46aa:0c5c:57b0:ca87:1a2a and MAC Address: 2a:0e:21:21:09:46 of the centre for setting up the displays.,0.97,0.03,0.97,0.03,0.98,0.02,0.98,0.02,0.020000000000000018,0.98,0.05,0.05,0.9
"Melvin, your membership status for using cryptocurrency 3vpaik94qsD85dX46SzF8vh3yFD5Jy as payment method has been confirmed. We can proceed with a diet plan adjusted to your age 1964-05-04T16:11:55.503Z.",0.97,0.03,0.030000000000000027,0.97,0.06999999999999995,0.93,0.98,0.02,0.98,0.02,0.01,0.06,0.93
A Gender questioning subject in Lazio has agreed to be part of our DNA modification study. Their SSN is 75666875245.,0.98,0.02,0.030000000000000027,0.97,0.98,0.02,0.98,0.02,0.98,0.02,0.02,0.04,0.94
"Hi, This is Seth. Let's discuss the topic of intermittent fasting. Sent notes in a doc. For access use the password nNINu8HT2gkR.",0.97,0.03,0.15000000000000002,0.85,0.98,0.02,0.020000000000000018,0.98,0.98,0.02,0.02,0.06,0.92
"Constitutional law expert, Dovie August Jacobson, shares key insights from Mante, Homenick and Nolan case study at https://tedious-pepper.net/ and discusses future provisions for company laws.",0.97,0.03,0.030000000000000027,0.97,0.99,0.01,0.99,0.01,0.99,0.01,0.05,0.92,0.03
We’ll be coordinating with those with middle name Finley in the next phase. Use the IBAN KZ24805023FGN1185083 for payments.,0.97,0.03,0.55,0.45,0.030000000000000027,0.97,0.98,0.02,0.98,0.02,0.02,0.04,0.94
I'm trying to reach Dr. Satterfield specializing in Hematology. Please find communication details on our website https://worthless-everyone.biz/. Use account number 59045337 for fees and other payments.,0.88,0.12,0.15000000000000002,0.85,0.28,0.72,0.97,0.03,0.97,0.03,0.05,0.3,0.65
"HR Memo: Kenna Cameron Schowalter will be assuming the role of Regional Program Technician effective May 15, 1980. Address: 650 Zella Trafficway, Porterville, Warren County. Contact:  028.870 1555, Syble.Sanford-Franey65@gmail.com.",0.020000000000000018,0.98,0.020000000000000018,0.98,0.98,0.02,0.98,0.02,0.98,0.02,0.02,0.9,0.08
Search for a healthcare advocate for Male in 04344-0614.,0.55,0.45,0.96,0.04,0.98,0.02,0.99,0.01,0.97,0.03,0.55,0.42,0.03
Payment confirmation - Ryan and Sons has received your payment of S/.625260.77 for the mindfulness-based therapy.,0.98,0.02,0.9,0.1,0.96,0.04,0.99,0.01,0.99,0.01,0.85,0.11,0.04
"Our team member from 76730-0938 helps us organize these programs. Although the 1.79 m may be intimidating, the charming Green make them approachable.",0.55,0.45,0.85,0.15,0.98,0.02,0.98,0.02,0.97,0.03,0.52,0.44,0.04
Looking for a Female Principal Implementation Facilitator for Apt. 656 Coding Contest. Please contact us via b6af:a1ce:9dd2:46fc:f603:3de0:bfc7:8070.,0.88,0.12,0.96,0.04,0.98,0.02,0.98,0.02,0.050000000000000044,0.95,0.07,0.08,0.85
We are hosting a literacy program on 04/01/1912. Please contact our coordinator Mauricio at Max.Kohler5@yahoo.com for more info.,0.030000000000000027,0.97,0.06999999999999995,0.93,0.98,0.02,0.98,0.02,0.98,0.02,0.05,0.9,0.05
"Dear Trans, Kindly make the payment of J$403,142.16 for this month's therapy session. You can easily transfer funds to my account, 47233455. BIC: FHJMPGWG. If you would like to use cryptocurrency, you can send the amount to the following Ethereum address: 0xdb61dcd85eeeeb1c92d3fc2e3d09b1c894aadb47.",0.97,0.03,0.44999999999999996,0.55,0.010000000000000009,0.99,0.98,0.02,0.98,0.02,0.01,0.02,0.97
A transaction to account number 86798891 has been made by an IP address 255.245.78.198 for an amount of $15655.29. Are there any other transactions connected to this IP?,0.97,0.03,0.96,0.04,0.050000000000000044,0.95,0.98,0.02,0.030000000000000027,0.97,0.02,0.04,0.94
Patient update: Male from Joelcester is showing good progress from depression.,0.98,0.02,0.97,0.03,0.99,0.01,0.99,0.01,0.99,0.01,0.85,0.1,0.05
"Dear Cora, kindly bring your discover with card number 6643237379599322 for the dental follow-up on 14th February as we have implemented a policy of upfront payments.",0.97,0.03,0.09999999999999998,0.9,0.030000000000000027,0.97,0.98,0.02,0.98,0.02,0.01,0.04,0.95
"Our assigned individual for your outsourcing management needs, a Transexual man Associate living near the geographic coordinate [-54.0162,26.1619], will be guiding you through all the stages of the process.",0.96,0.04,0.95,0.05,0.99,0.01,0.99,0.01,0.050000000000000044,0.95,0.08,0.12,0.8
"""In accordance with Military Law, Female personnel are required to submit a detailed report using their authorized device 43-345841-996203-7. Please do this from your assigned location Auer Union 1329, Ashleyworth.""",0.31999999999999995,0.68,0.94,0.06,0.97,0.03,0.97,0.03,0.25,0.75,0.08,0.25,0.67
The communication sent from 196.42.71.124 email Abbigail_Kessler11@gmail.com dated 4/73 provides information on latest developments https://pretty-wiretap.name/ for patient advocacy in North Wilfredo. It is mandated to be reviewed by our Assurance team.,0.020000000000000018,0.98,0.15000000000000002,0.85,0.98,0.02,0.98,0.02,0.030000000000000027,0.97,0.02,0.13,0.85
"We'll initiate a Wire Transfer to QA02ULMJ522777C7L95843680D713. Use this account for future fund transfers for corporate financing needs. Verification process will involve 3339, please note this for future transactions.",0.98,0.02,0.97,0.03,0.030000000000000027,0.97,0.30000000000000004,0.7,0.98,0.02,0.02,0.02,0.96
"Alternative Medicine Ebook is ready for download. Delivery ID: VWFWFVPJFAGP63399. Registered email: Orrin_Hermiston87@gmail.com. For help, text 3MVjLLjKLU1mYqeQSgwRrLsYiqLWirzC7SPMW.",0.040000000000000036,0.96,0.5,0.5,0.38,0.62,0.97,0.03,0.97,0.03,0.02,0.4,0.58
We are proud to announce that we are now offering vaccines to everyone 44 years and older. Schedule an appointment online with your Apt. 440 for verification.,0.75,0.25,0.96,0.04,0.98,0.02,0.98,0.02,0.98,0.02,0.72,0.25,0.03
"The Wilkinson LLC critical trial protocol document is leaked at https://dependent-dioxide.info/, kindly intervene.",0.96,0.04,0.92,0.08,0.99,0.01,0.99,0.01,0.97,0.03,0.88,0.1,0.02
"Dear Mr. Wintheiser, Your balance for the student exchange program is zł855k. Please process the payment to Money Market Account, QSZAPR9HP6Q.",0.97,0.03,0.06999999999999995,0.93,0.18000000000000005,0.82,0.98,0.02,0.98,0.02,0.02,0.2,0.78
"We are happy to announce our STEM Program at our location 39752 Railroad Street in Nova Scotia. Visit us at [-52.2942,137.0697].",0.4,0.6,0.96,0.04,0.98,0.02,0.98,0.02,0.15000000000000002,0.85,0.12,0.3,0.58
"Scheduled an appointment for you with a career counselor in Scotland, you will get a confirmation on your email Dale.Luettgen43@yahoo.com soon.",0.020000000000000018,0.98,0.19999999999999996,0.8,0.98,0.02,0.98,0.02,0.98,0.02,0.03,0.93,0.04
The annual health and safety review will focus on vehicles with registrations HC22NZG and VY83PGL. The meeting will be held in 793 located on Talbot Road.,0.7,0.3,0.97,0.03,0.98,0.02,0.98,0.02,0.050000000000000044,0.95,0.1,0.15,0.75
An alert from your Patient Advocate. Your 7a7a:7515:aa34:fddb:1a7e:6e76:14ff:c968 will be reset at 4:41 PM. You may experience temporary disruption in online services.,0.97,0.03,0.97,0.03,0.98,0.02,0.98,0.02,0.06000000000000005,0.94,0.07,0.03,0.9
"Heads up Palma, an intriguing article about gender dynamics in the Program field posted on https://discrete-access.biz/. Do check!",0.96,0.04,0.15000000000000002,0.85,0.99,0.01,0.99,0.01,0.98,0.02,0.3,0.68,0.02
"There seems to be an internet glitch at exactly [20.3931,64.8592], could you check that Male to female trans woman?",0.97,0.03,0.95,0.05,0.99,0.01,0.99,0.01,0.050000000000000044,0.95,0.05,0.1,0.85
"Our oncologist, based in the Southwest wing (accessible via [83.296,22.7943]), will analyze your reports. Please remember your patient ID: 62-578787-944070-6.",0.95,0.05,0.65,0.35,0.97,0.03,0.96,0.04,0.15000000000000002,0.85,0.1,0.2,0.7
"Hi, I'm from Highlands and Islands and I wish to order some of your math workbooks for my class. Please find payment info via account 41575967.",0.97,0.03,0.96,0.04,0.31999999999999995,0.68,0.98,0.02,0.98,0.02,0.32,0.04,0.64
"Respected Strategist, we have organized a seminar on chronic disease management. For our guest list, we need you to confirm your credentials Wj4pK4L8dKWo.",0.98,0.02,0.96,0.04,0.97,0.03,0.19999999999999996,0.8,0.97,0.03,0.15,0.05,0.8
This is to bring to your attention that there has been a possible misuse of your Litecoin address MrjQSGtaKtm8ZaZ37WsEzAEf5N and Bitcoin address 32YeYxTQ8RedbEh3vhm8N7Gw6U2rva. Could you please resume the tracker and provide us with further information?,0.98,0.02,0.97,0.03,0.030000000000000027,0.97,0.98,0.02,0.97,0.03,0.02,0.03,0.95
"Confidentiality is key. For students aged 26 or born July 6, 2003, entering your details online, our website uses a secure Mozilla/5.0 (Windows NT 6.3; Win64; x64; rv:15.1) Gecko/20100101 Firefox/15.1.9 for privacy.",0.97,0.03,0.4,0.6,0.98,0.02,0.98,0.02,0.06999999999999995,0.93,0.08,0.1,0.82
We're investigating a case of unauthorized access to personal accounts via a phishing website https://variable-carrot.com. The suspected violator has made transactions using fake credit card issuers 'jcb'. What advice do you have for us in terms of navigating cyber laws in such situations?,0.97,0.03,0.97,0.03,0.96,0.04,0.98,0.02,0.97,0.03,0.93,0.05,0.02
"All Female to male trans man employees, the corporate governance training is mandatory this year. The completion deadline is 1930-06-07T13:58:13.441Z. Any questions can be addressed to b52f:5efe:a000:fb1a:1d8e:3aec:c038:ff58.",0.94,0.06,0.95,0.05,0.98,0.02,0.98,0.02,0.050000000000000044,0.95,0.1,0.1,0.8
Payment has been received through account 18188995. We'll meet on 2017-05-15T19:39:37.064Z. Our focus will be mindfulness in Marketing.,0.97,0.03,0.96,0.04,0.31999999999999995,0.68,0.98,0.02,0.98,0.02,0.33,0.05,0.62
"Parents of our Kent branch, kindly note the field trip has been rescheduled. The bus will leave from our Suite 322 location.",0.92,0.08,0.97,0.03,0.99,0.01,0.99,0.01,0.99,0.01,0.9,0.09,0.01
Can Principal Marketing Supervisor check and confirm if the new password settings for the employees is as per the employment law regulation and specifically the one for username Kraig_Jacobs57 with password P9QDrcXlZEk8?,0.97,0.03,0.44999999999999996,0.55,0.98,0.02,0.020000000000000018,0.98,0.98,0.02,0.02,0.05,0.93
"In the field of Endocrinology, Miss Schumm has made remarkable contributions. She can be reached at +044 64.212.4227 or, alternatively, Vicky14@yahoo.com. Her current tenure is with Bradtke and Sons as a Principal Data Officer.",0.010000000000000009,0.99,0.030000000000000027,0.97,0.99,0.01,0.99,0.01,0.99,0.01,0.02,0.93,0.05
The pharmaceutical package dispatched on 1957-04-11T18:33:12.138Z can be tracked using GU13P4TTZ3PY22800.,0.98,0.02,0.97,0.03,0.98,0.02,0.99,0.01,0.55,0.45,0.55,0.05,0.4
We have an Oncology appointment scheduled with Watson on 23/03/1995. Please send a confirmation email to the address associated with IP aedf:d5da:1cde:3147:62fc:1c4c:b7af:febc.,0.94,0.06,0.25,0.75,0.98,0.02,0.98,0.02,0.030000000000000027,0.97,0.03,0.22,0.75
"Hello, We're sending this to notify you that the therapy equipment will be delivered on September 17, 1991 to Rowe Mountains.",0.92,0.08,0.92,0.08,0.99,0.01,0.99,0.01,0.98,0.02,0.88,0.1,0.02
Our records show a credit transaction with the given masked number 6468708882489260. Should this be included in the ongoing arbitration proceeding with the issuer american_express?,0.98,0.02,0.97,0.03,0.12,0.88,0.98,0.02,0.98,0.02,0.1,0.04,0.86
"According to the Consumer Protection Act of Sicily, I want to appeal about the unauthorized KES transactions from 3XWF3Zu8MdSLzjS9L2KsC7MUEVpQ4NVM and 0x3d4cddeecdbebc0fb4ff3d4d0e59d15bcadab6a2.",0.98,0.02,0.97,0.03,0.040000000000000036,0.96,0.98,0.02,0.97,0.03,0.03,0.03,0.94
Pula payment from 24-398673-419098-3 was transferred to Home Loan Account for ASD therapy.,0.97,0.03,0.96,0.04,0.25,0.75,0.98,0.02,0.98,0.02,0.22,0.05,0.73
"We have updated our data protection policy. As a result, we need to ask your permission to process your data: 114.202.59.185, 7a:80:73:4a:80:f9 and Georgette_Stark@hotmail.com. Your consent allows us to provide a more tailored learning experience.",0.030000000000000027,0.97,0.25,0.75,0.98,0.02,0.98,0.02,0.020000000000000018,0.98,0.01,0.12,0.87
"Hello Dr. Kreiger, for legal advice regarding Intranet employment laws, contact us at Cleveland_Hessel64@yahoo.com.",0.030000000000000027,0.97,0.06999999999999995,0.93,0.99,0.01,0.99,0.01,0.99,0.01,0.05,0.92,0.03
"Hello Ms., congratulations for being selected for the advanced mentorship program. Your mentor will be Matilde Elliott Cassin, a respected Regional Integration Technician.",0.98,0.02,0.030000000000000027,0.97,0.99,0.01,0.99,0.01,0.99,0.01,0.08,0.9,0.02
"Dear guardian, remedial classes will be starting soon. Please enroll your child using the attached link https://cheery-captor.biz/. Feel free to contact us on 219.237.132.66 should you have any queries.",0.88,0.12,0.97,0.03,0.98,0.02,0.98,0.02,0.09999999999999998,0.9,0.22,0.13,0.65
"Great Job, Ernest! May I remind u to submit ur assignment through Roel.Barton@hotmail.com",0.020000000000000018,0.98,0.040000000000000036,0.96,0.99,0.01,0.99,0.01,0.99,0.01,0.02,0.95,0.03
"Please purchase tickets for the Alternative Medicine Conference using card number: 1059210279424840. The tickets cost around £XXX. If you need further information, email us using Investment Account.",0.95,0.05,0.96,0.04,0.030000000000000027,0.97,0.98,0.02,0.98,0.02,0.02,0.03,0.95
"Dear students, the course on 'Health Economics' is now available. Payment for the course will be accepted in Bitcoin (Address: 1mioga2G4UNcAwQuchxXdg3K5x8A). Please use the BIC DZYALUCG for transaction records.",0.97,0.03,0.97,0.03,0.030000000000000027,0.97,0.98,0.02,0.98,0.02,0.03,0.04,0.93
"Hi Birdie, your registration for Branding counselling has been successful. You can access all our material and guides via your username: Marlee37.",0.97,0.03,0.19999999999999996,0.8,0.98,0.02,0.92,0.08,0.98,0.02,0.22,0.74,0.04
We seek an appointment with Dr. Simonis in Oncology. Go to https://slight-plane.net for more information. Use account 05708519 to handle any expenses.,0.95,0.05,0.15000000000000002,0.85,0.31999999999999995,0.68,0.97,0.03,0.97,0.03,0.04,0.34,0.62
Have client evidence from 3NHN78ZAiNkrgXAp7oYdck8RuF89WnNfYdNX8F and 0xa8b85f63aef8cecfbb02ceafa8ffdbc1c1e8418b transactions. Need your expertise on this.,0.98,0.02,0.97,0.03,0.040000000000000036,0.96,0.98,0.02,0.97,0.03,0.03,0.04,0.93
The library will be extending its working hours during final exams week. The library will be open from 03 to 21:51.,0.99,0.01,0.99,0.01,0.99,0.01,0.99,0.01,0.99,0.01,0.98,0.015,0.005
13. Be organized. Store class schedules on https://sharp-metallurgist.biz/ and use Olga_Luettgen for access.,0.95,0.05,0.5,0.5,0.98,0.02,0.75,0.25,0.97,0.03,0.4,0.38,0.22
"As our Operations department grows, so has the standards of our assessments. By using IP address cefb:1cec:ece2:cced:584b:ee17:a6bf:eef0, teachers can give real-time feedback to students about their performance. More options were also added for parents to monitor their child's progress.",0.98,0.02,0.98,0.02,0.99,0.01,0.99,0.01,0.030000000000000027,0.97,0.08,0.05,0.87
"Sage, your recent article on 'Effects of Socioeconomic Status on Adolescents' Mental Health' was exceptional. We would love to read more about the topic. Please consider writing a series on the issue for https://light-son.biz/.",0.95,0.05,0.15000000000000002,0.85,0.99,0.01,0.99,0.01,0.99,0.01,0.2,0.78,0.02
"Please validate, Janessa Nico Kreiger's signed a new lease for Mose Square. In relation, we require an updated 160 53 2567.",0.78,0.22,0.030000000000000027,0.97,0.95,0.05,0.97,0.03,0.97,0.03,0.02,0.43,0.55
Research on perceptions of blockchain addresses such as 0x3aeabebf400bd1a75ae5bcae23dada08548db2fa amongst Liaison in the Northamptonshire. Data: https://lined-takeover.net/.,0.96,0.04,0.95,0.05,0.06999999999999995,0.93,0.98,0.02,0.97,0.03,0.08,0.04,0.88
"We attended an emergency case of Neva today. She'd fallen and hit her head. Initial diagnosis shows minor concussion, but we've kept her overnight for observation. For finance-related issues, please reach out at 28-354904-386402-8.",0.55,0.45,0.06999999999999995,0.93,0.5,0.5,0.97,0.03,0.97,0.03,0.03,0.47,0.5
"For the submission of school fee, use 9047331580197797 for its timely process. Make sure to enter 475 where it's necessary.",0.97,0.03,0.97,0.03,0.07999999999999996,0.92,0.75,0.25,0.98,0.02,0.05,0.03,0.92
"Sent anonymized report of Joan's recent vulnerability to stress to her employer at Kunde, Hessel and Friesen. Contacted Elizabeth.Cruickshank@yahoo.com.",0.030000000000000027,0.97,0.06999999999999995,0.93,0.98,0.02,0.98,0.02,0.98,0.02,0.03,0.85,0.12
"Dear Direct Intranet Representative, please ensure safety training is scheduled for new hires and notify via Mozilla/5.0 (Windows NT 6.2; Trident/7.0; Touch; rv:11.0) like Gecko. Remember, safety is always first priority!",0.98,0.02,0.97,0.03,0.99,0.01,0.99,0.01,0.040000000000000036,0.96,0.08,0.05,0.87
"Healthcare access in your area, Northeast appears to be limited. Check the resources available to you by signing in with your 45-726887-411300-5.",0.97,0.03,0.4,0.6,0.9,0.1,0.92,0.08,0.97,0.03,0.3,0.12,0.58
My Female to male transgender man Male Mertie has subscribed to the evening time management class for students. Can anyone share the experiences?,0.98,0.02,0.06999999999999995,0.93,0.99,0.01,0.99,0.01,0.99,0.01,0.1,0.87,0.03
"Confirming the pickup of Medical supplies from [-35.7875,65.0961] today at 1400 hrs. Contact your Human Response Analyst if you face any issues.",0.97,0.03,0.97,0.03,0.99,0.01,0.99,0.01,0.06999999999999995,0.93,0.12,0.05,0.83
"Mr. Johns, the new learning resources will be available from September 9, 1940. Kindly ensure that all pending payments have been cleared. For any queries, contact us at 076.908 9695.",0.050000000000000044,0.95,0.15000000000000002,0.85,0.98,0.02,0.99,0.01,0.99,0.01,0.05,0.9,0.05
Reminder for all employees: The team-building retreat starts on the 4th March. Please contact Leland about any dietary requirements you might have for the event.,0.98,0.02,0.15000000000000002,0.85,0.99,0.01,0.99,0.01,0.99,0.01,0.3,0.68,0.02
"The short course on early childhood education for parents is beginning from October 27, 1951. Register on our website using gHQZ082BXpku.",0.97,0.03,0.95,0.05,0.98,0.02,0.44999999999999996,0.55,0.98,0.02,0.42,0.06,0.52
"In ultrices rutrum velit, maximus laoreet nisi. AD7103304829R986409FVN26, Australian Dollar et malesuada fames ac ante ipsum primis in faucibus. Vestibulum facilisis libero sit amet dolor iaculis, eget sagittis iaculis. Skyec ehicula ex at libero iaculis, eu facilisis metus tristique. Suspendisse quis rhoncus.",0.97,0.03,0.92,0.08,0.06999999999999995,0.93,0.98,0.02,0.97,0.03,0.05,0.03,0.92
"Greetings Male, we are here with your weekly reminder for your upcoming session. Please bookmark your Ethereum Address 0x2a3ba8cdd890674927c3bbbbb89e032bb58abce2 with your user-agent Opera/10.78 (Macintosh; Intel Mac OS X 10.10.8 U; BO Presto/2.9.170 Version/11.00). Looking forward to assist you.",0.97,0.03,0.6,0.4,0.040000000000000036,0.96,0.98,0.02,0.050000000000000044,0.95,0.02,0.03,0.95
"Ms. Wilkinson, we are glad to inform you that your case study on Adolescent Psychology has been accepted. Your presentation will be scheduled on 03/03/1973. If we don’t get any confirmation till 23th June, the slot will be allotted to the next participant.",0.97,0.03,0.06999999999999995,0.93,0.98,0.02,0.98,0.02,0.98,0.02,0.12,0.83,0.05
"Lastly, provide me with some info regarding how laws concerning currency (Kenyan Shilling, Currency Symbol Kč, Currency Code XAF) have changed in relation to legal ethics.",0.99,0.01,0.99,0.01,0.98,0.02,0.99,0.01,0.99,0.01,0.97,0.02,0.01
"Happy Birthday, Dr. Kaya! Enjoy a free teeth whitening session as a gift from us.",0.98,0.02,0.15000000000000002,0.85,0.99,0.01,0.99,0.01,0.99,0.01,0.25,0.73,0.02
Truancy in the Research department is off the charts. We need to take serious action. Can we schedule for a meeting via https://junior-freon.com/ regarding this matter soon?,0.97,0.03,0.98,0.02,0.99,0.01,0.99,0.01,0.98,0.02,0.95,0.04,0.01
"As part of our 'Anatomy in Tech' course, we will be using a 'virtual human' with similar features like hazel eyes and a height of 6'9"".",0.98,0.02,0.97,0.03,0.99,0.01,0.99,0.01,0.99,0.01,0.95,0.04,0.01
"Dear Ms. Elfrieda Collins, as a Representative in the field of animal-assisted therapy, we are reaching out to you to participate in observational studies. We want to assess the impact of this innovative approach to mental well-being and would greatly appreciate your expert input. Please confirm your participation by responding to this Carolyne33@yahoo.com.",0.020000000000000018,0.98,0.030000000000000027,0.97,0.99,0.01,0.99,0.01,0.99,0.01,0.03,0.94,0.03
"Gloria's emotional intelligence and social skills will be enhanced by our program. For our records, your 8196929510180935 captured during admission continues to protect your child's identity.",0.97,0.03,0.09999999999999998,0.9,0.30000000000000004,0.7,0.97,0.03,0.97,0.03,0.03,0.25,0.72
We have a situation with one of our clients in New Nelsport; they are in need of immediate crisis intervention. They can be reached at +379 686.706.3031.,0.030000000000000027,0.97,0.96,0.04,0.99,0.01,0.99,0.01,0.99,0.01,0.04,0.93,0.03
"Generate a monthly project financial report using 0xcdabb61df93eaa54aaa4edb70cd86f4dae449ec3. Send the file to our Executive, the password is 2a2bC2Fok7zG",0.97,0.03,0.95,0.05,0.050000000000000044,0.95,0.030000000000000027,0.97,0.97,0.03,0.01,0.03,0.96
"Enrique Mertz-Bednar, your appointment with Dr. Cormier is confirmed. Please dial this 94-508532-887719-5 number for a reminder.",0.6,0.4,0.030000000000000027,0.97,0.97,0.03,0.98,0.02,0.4,0.6,0.02,0.42,0.56
Text message sent to 67-918918-350605-5 regarding compliance. Make sure litigation funds from 1fj4sZx69FyEW9CQ5t9S3HPX3nzPizS4AN are released before 19.,0.8,0.2,0.96,0.04,0.050000000000000044,0.95,0.98,0.02,0.19999999999999996,0.8,0.02,0.03,0.95
Device 25-686030-645814-0 diagnosed. Diagnostic report sent to cffc:0368:e498:cc26:d3bc:2cde:7df8:c3ba.,0.97,0.03,0.97,0.03,0.98,0.02,0.98,0.02,0.030000000000000027,0.97,0.04,0.04,0.92
Register to our website at https://naive-category.name using your email id Jamar.Watsica-Nader21@gmail.com to get regular updates on your child's progress.,0.030000000000000027,0.97,0.25,0.75,0.99,0.01,0.99,0.01,0.99,0.01,0.03,0.94,0.03
"Tentative schedule for vaccination volunteers from 24th January to 30/03/1994. Please confirm your slots by logging in with your Mozilla/5.0 (Windows; U; Windows NT 5.1)AppleWebKit/537.2.0 (KHTML, like Gecko) Version/6.0.3 Safari/537.2.0. You'll receive an SMS on your phone 2244956817023773.",0.28,0.72,0.92,0.08,0.88,0.12,0.97,0.03,0.050000000000000044,0.95,0.05,0.15,0.8
"Hello Mike, what additional resources are being provided for students in the special education program in Bedfordshire?",0.98,0.02,0.15000000000000002,0.85,0.99,0.01,0.99,0.01,0.99,0.01,0.3,0.68,0.02
Recent medical expenses have overdrawn your account 74374338. Pay $0.046m to avoid additional fines.,0.97,0.03,0.96,0.04,0.09999999999999998,0.9,0.98,0.02,0.98,0.02,0.06,0.06,0.88
"Hey Carolina, I have uploaded some resources on https://staid-baggie.info/. The username is Maryam39 and the password is cR4Q9wFgwiBG.",0.95,0.05,0.09999999999999998,0.9,0.98,0.02,0.020000000000000018,0.98,0.97,0.03,0.01,0.04,0.95
Your generous donation of ؋473.5915k ensures our literacy initiatives in East Tania remain impactful.,0.98,0.02,0.97,0.03,0.97,0.03,0.99,0.01,0.98,0.02,0.93,0.05,0.02
"The room at the Northeast end Northeast of the hospital Johns Expressway has a patient of 12 years old. Due to some complications, we have to shift him to the Suite 531 till the health improves. Kindly update in the records.",0.85,0.15,0.92,0.08,0.98,0.02,0.98,0.02,0.96,0.04,0.7,0.25,0.05
We are hosting a student engagement week aimed at enhancing student interactions and connections. Your ID is 1011773070060640. Please register by 01/10/1916.,0.97,0.03,0.6,0.4,0.7,0.3,0.97,0.03,0.97,0.03,0.4,0.25,0.35
Need Female's overview on the compliance issues by 6 PM. Transfer legal fees to 1zrdTKj4x7HmjnugPTpDAjfLn8DbeJuis. Ensure secure connection using ebac:f5da:eb3c:e713:fed2:eef4:8546:b7ff.,0.97,0.03,0.92,0.08,0.050000000000000044,0.95,0.98,0.02,0.040000000000000036,0.96,0.02,0.03,0.95
"The team success in the Infrastructure can be attributed to the application of positive psychology principles. We could see the impact of these practices on our Regional Branding Developer, Ryan. Let's continue fostering a positive work environment.",0.98,0.02,0.15000000000000002,0.85,0.99,0.01,0.99,0.01,0.99,0.01,0.2,0.78,0.02
"Female, we need to update your physical therapy records. Please confirm your birthdate 6/18, height 99centimeters, and eye color Eye color: Brown. For payment, we'll access your card 1231794905840177 with issuer discover.",0.97,0.03,0.4,0.6,0.020000000000000018,0.98,0.98,0.02,0.98,0.02,0.01,0.03,0.96
Saw piece in education journal about differences in schools in Indiana. Dissenting views by 102 cm tall hazel-eyed scholar. Any extracts at 75615036915?,0.4,0.6,0.92,0.08,0.96,0.04,0.98,0.02,0.97,0.03,0.4,0.55,0.05
"Please look into the transactions made on credit card number 5909942061964706. The card was issued by mastercard. If any suspicious activity is identified, please inform me immediately.",0.98,0.02,0.97,0.03,0.020000000000000018,0.98,0.98,0.02,0.98,0.02,0.01,0.03,0.96
"We are investigating a case involving vehicle with VIN EL06BJTFRXSA38850 and VRM YX67UOA. As a Lead Directives Technician, your insight will be invaluable.",0.98,0.02,0.97,0.03,0.99,0.01,0.99,0.01,0.030000000000000027,0.97,0.05,0.05,0.9
"Thank you for sponsoring a therapy animal. To ensure your payment of $29646.01 is processed smoothly, use the account number 92763360. We sincerely appreciate your support.",0.97,0.03,0.97,0.03,0.06999999999999995,0.93,0.98,0.02,0.98,0.02,0.05,0.04,0.91
"You're on your path to gaining Medical Specializations with Reilly, Harber and Mante. For ideal online experience, use the Opera/13.77 (X11; Linux x86_64; U; AB Presto/2.9.187 Version/11.00) browser and login with password 28kNFndj7fwt. For possible connectivity issues, check your IPV4(241.5.93.52).",0.97,0.03,0.95,0.05,0.98,0.02,0.020000000000000018,0.98,0.020000000000000018,0.98,0.01,0.02,0.97
Our standards for contracts linked with the 63720 and South West England jurisdiction require revision. Please make note.,0.88,0.12,0.97,0.03,0.98,0.02,0.99,0.01,0.98,0.02,0.88,0.1,0.02
"Brian, your user agent data Opera/9.92 (X11; Linux i686; U; BO Presto/2.9.173 Version/11.00) suggests our app isn't working optimally for you. Update the app or switch devices for better performance.",0.98,0.02,0.15000000000000002,0.85,0.99,0.01,0.99,0.01,0.040000000000000036,0.96,0.05,0.15,0.8
"Our computers recognize your device as Mozilla/5.0 (X11; Linux i686 AppleWebKit/533.2.1 (KHTML, like Gecko) Chrome/16.0.857.0 Safari/533.2.1 and IP address as 1a2e:7a8c:2d05:bbd9:d0ca:f7cd:b6af:c8d4. Please confirm this is correct. Also confirm your bank's MDXHAZ98XXX and Kenyan Shilling for invoice processing.",0.97,0.03,0.97,0.03,0.06999999999999995,0.93,0.98,0.02,0.020000000000000018,0.98,0.01,0.02,0.97
"Your health insurance policy coverage changes have been recorded under your account Personal Loan Account, the updates will be reflected in 7 business days from 06/08/1958.",0.97,0.03,0.6,0.4,0.92,0.08,0.98,0.02,0.98,0.02,0.55,0.33,0.12
"Our vaccination program requires consent. Please email approval to Josefina_Stehr@gmail.com from the email associated with Mozilla/5.0 (X11; Linux i686 AppleWebKit/533.2.0 (KHTML, like Gecko) Chrome/39.0.875.0 Safari/533.2.0 device.",0.020000000000000018,0.98,0.09999999999999998,0.9,0.99,0.01,0.99,0.01,0.040000000000000036,0.96,0.01,0.2,0.79
"Hello, you have reached (026)-6468964, occupational therapy office situated at 50698 N Washington Street in Fayette County. Our working hours are from 9 to 5. You may also visit our website at https://ill-overexertion.name/ for more info.",0.30000000000000004,0.7,0.95,0.05,0.98,0.02,0.98,0.02,0.97,0.03,0.32,0.64,0.04
"Dear Loyal Learner, we would like to validate the transaction of ؋22,067.46 made for Distance Learning from the account number 27118835 linked with credit card 9618554589968709. If not made by you, contact us immediately.",0.97,0.03,0.97,0.03,0.020000000000000018,0.98,0.98,0.02,0.98,0.02,0.02,0.03,0.95
"17. Lost data on Avon study, Adah_Shields should have a backup on the Windmill Close office computer, IP 756f:6d4a:2a58:abcd:8bea:b01a:4f3c:6aba.",0.92,0.08,0.09999999999999998,0.9,0.98,0.02,0.98,0.02,0.040000000000000036,0.96,0.03,0.1,0.87
"Hello Dayna Zemlak, we have scheduled a webinar on the impact of family dynamics on adolescent behavior. Your unique pin to access the webinar is 8952.",0.97,0.03,0.030000000000000027,0.97,0.98,0.02,0.06999999999999995,0.93,0.98,0.02,0.02,0.15,0.83
"The upcoming parent-teacher meeting has been scheduled to take place at our new building located at S Church Street, Apt. 466, 89071.",0.4,0.6,0.97,0.03,0.99,0.01,0.99,0.01,0.98,0.02,0.42,0.55,0.03
"Hi Ms., thank you for choosing our pediatric care services. Given the pandemic, we strongly recommend all payments be made contactlessly through your credit card 5448689403863118 from issuer visa. The transaction will be secure.",0.97,0.03,0.94,0.06,0.020000000000000018,0.98,0.98,0.02,0.98,0.02,0.01,0.02,0.97
Can you please ensure all employee compensation for the recent overtime is calculated correctly? Check bank account FO3730726007207679 for the allocated Danish Krone.,0.98,0.02,0.97,0.03,0.040000000000000036,0.96,0.99,0.01,0.99,0.01,0.03,0.03,0.94
It seems a purchase of 609086 Boliviano boliviano was made using a card provided by our visa. Can you confirm Lillian73?,0.97,0.03,0.44999999999999996,0.55,0.95,0.05,0.97,0.03,0.98,0.02,0.5,0.45,0.05
"Dear Paris, I'm currently reviewing your medical malpractice case. Kindly provide 174 25 2251 and March 23, 1918 for our records. Your data will remain confidential.",0.6,0.4,0.07999999999999996,0.92,0.97,0.03,0.98,0.02,0.98,0.02,0.03,0.42,0.55
"Dear researcher, kindly please scan the 419GH9P1Y9H189746 of the company transport vehicles and check if any of the drivers' behaviors, who have been identified using FT29GRL tracking system, affect their tasks' performance. A detailed study that explores the correlation will be appreciated. Note that for any fines, use 840 from the corporate account.",0.97,0.03,0.95,0.05,0.92,0.08,0.97,0.03,0.12,0.88,0.15,0.1,0.75
Remington who lives in Suite 263 and holds the position of Specialist has been shown to have ties to the medical malpractice issue. Male device shows Mozilla/5.0 (Macintosh; U; PPC Mac OS X 10.9.3; rv:5.5) Gecko/20100101 Firefox/5.5.7 and payments via 3QNycbQd2Bkc5wY8brBXoi5TheGtp1u1tbZ7X and 0xe980e5dcd6f3a30bf5953b8bfdc8e4b4da8ca82b.,0.5800000000000001,0.42,0.06999999999999995,0.93,0.030000000000000027,0.97,0.98,0.02,0.030000000000000027,0.97,0.01,0.03,0.96
Never share your 75677509692 or 54899-6898 with strangers online. These can lead them to your Apt. 531 or even determine your 453. Stay alert and make sure to practice these safety measures.,0.4,0.6,0.95,0.05,0.88,0.12,0.96,0.04,0.97,0.03,0.4,0.5,0.1
"Hello Walter, in the Accountability field, please note that Female to male transsexual man employees have a right to privacy. Need advice? Reach us at Vernon.Ondricka37@yahoo.com.",0.030000000000000027,0.97,0.06999999999999995,0.93,0.99,0.01,0.99,0.01,0.99,0.01,0.03,0.9,0.07
"Dear Lead Marketing Specialist, we understand the importance of palliative care in healthcare. Thus, bring to your notice our advanced program in Port Filomenachester. For more information and services charge visit our official website https://lone-anyone.info.",0.97,0.03,0.97,0.03,0.99,0.01,0.99,0.01,0.98,0.02,0.95,0.04,0.01
I am conducting research on intellectual property laws regarding digital transactions of Pataca. Please use IMEI 12-321556-171211-4 to prepare the case study.,0.98,0.02,0.97,0.03,0.97,0.03,0.99,0.01,0.030000000000000027,0.97,0.04,0.03,0.93
"The follow-up appointment for Ms. Vincenzo Ryan Jacobs, gender Gender neutral, was scheduled for 26/08/1953 16:57. Her main concerns include an increase in the number of blemishes and a persistently dry skin.",0.97,0.03,0.030000000000000027,0.97,0.98,0.02,0.98,0.02,0.98,0.02,0.04,0.84,0.12
"Working with a new client this season. She's a Female and around 23 old. At 120 centimeters, she's aiming to lose a bit of weight.",0.98,0.02,0.95,0.05,0.99,0.01,0.99,0.01,0.99,0.01,0.85,0.13,0.02
"Reached out to insurance company with account XK711393700110846009 for medical claim of employee Annie Beatty treated on February 11, 1910.",0.97,0.03,0.040000000000000036,0.96,0.30000000000000004,0.7,0.98,0.02,0.98,0.02,0.02,0.33,0.65
"Denis! We've organized remedial classes for those struggling with History. If interested, the cost can be charged to your card 6527084824285680. Please confirm.",0.97,0.03,0.12,0.88,0.030000000000000027,0.97,0.98,0.02,0.98,0.02,0.02,0.05,0.93
Brown prevalent among F2M in 13498 provides insight for eye-care healthcare module. Consideration for the upcmoing seminar.,0.8,0.2,0.9,0.1,0.98,0.02,0.98,0.02,0.95,0.05,0.75,0.2,0.05
"Isabel, I've seen tremendous improvements in your mathematics progression. Remember our extra class on 5/83. Please, don't forget your fee. Make payment to 0x387f70f1a504106dae0d786a51765146cecd5daf, looking forward to seeing you there.",0.97,0.03,0.09999999999999998,0.9,0.040000000000000036,0.96,0.98,0.02,0.98,0.02,0.02,0.06,0.92
"I am Male to female trans woman, 37, having Hazel eyes and 4feet6inches tall. I am facing some discrimination issues at work. Please book an appointment for me with one of your specialists.",0.98,0.02,0.95,0.05,0.99,0.01,0.99,0.01,0.99,0.01,0.85,0.12,0.03
"Ethics play a major role in medical practices. For instance, an 76 years old Trigender's data including 756.6624.6920, 4/94 is strictly confidential.",0.6,0.4,0.31999999999999995,0.68,0.95,0.05,0.97,0.03,0.97,0.03,0.1,0.35,0.55
"Attention Chief Security Orchestrator, I have currently been approached by a client associated with IP 187.86.218.107, regarding a cargo dispute involving his vessel with registration number VY74XCK. The document with the necessary details will be sent to your office at 87069 Gorczany Mill.",0.4,0.6,0.95,0.05,0.98,0.02,0.99,0.01,0.030000000000000027,0.97,0.03,0.1,0.87
"To contact our Cognitive Therapy Center, call on 10-622951-001494-5 or email at Mozilla/5.0 (Macintosh; U; PPC Mac OS X 10_6_8)  AppleWebKit/536.2.1 (KHTML, like Gecko) Chrome/26.0.832.0 Safari/536.2.1.",0.4,0.6,0.95,0.05,0.65,0.35,0.97,0.03,0.050000000000000044,0.95,0.05,0.15,0.8
Dear resident of Suite 797 Our Vaccination Center is Now Open at the Northeast of the City.,0.8,0.2,0.97,0.03,0.99,0.01,0.99,0.01,0.99,0.01,0.78,0.2,0.02
"Please confirm your registration for the student volunteer program by entering your CgXGvH0yHXdC. For any trouble, please reconfirm your IP 126.231.158.101.",0.97,0.03,0.97,0.03,0.97,0.03,0.44999999999999996,0.55,0.030000000000000027,0.97,0.03,0.07,0.9
"Students should be guided never to disclose card details like 9213310497994045 and 995, or even digital wallet addresses like 3Ggd1W7HB49eW9cr7DhhTXmqhpdv, online.",0.98,0.02,0.97,0.03,0.040000000000000036,0.96,0.96,0.04,0.98,0.02,0.05,0.03,0.92
Our traffic analysis from the https://infamous-cane.com shows a significant number of visitors from the 0b0c:0e3b:aff0:cc4a:f3e3:a22b:3b98:ddad. Let’s optimize our ads for customers using this network.,0.97,0.03,0.98,0.02,0.99,0.01,0.99,0.01,0.040000000000000036,0.96,0.08,0.04,0.88
"Dr. Kemmer-Marvin, as a respected specialist in adolescent psychology, we'd appreciate it if you could focus your next research on the impact of financial literacy on teenagers who've had their first contact with banking, like having their personal loan account Home Loan Account.",0.97,0.03,0.09999999999999998,0.9,0.92,0.08,0.98,0.02,0.98,0.02,0.15,0.78,0.07
Your recent query about the therapy schedule has been responded to. Please check on your dashboard Bernhard63. Deposit funds through 0xccd8d5d6cbab0fc4577a9a80dbc58d80ffafba66.,0.97,0.03,0.5,0.5,0.030000000000000027,0.97,0.97,0.03,0.97,0.03,0.02,0.05,0.93
"For any clarifications on the restructuring process, reach out to HR rep Gia at 098 406.3588.",0.030000000000000027,0.97,0.15000000000000002,0.85,0.99,0.01,0.99,0.01,0.99,0.01,0.04,0.93,0.03
"With the data logs from the metropolitan area in Schaffhausen entered, we observed several common factors among Male patients complaining of similar symptoms. Remote access was granted through an encrypted network, IP 19f9:64db:3aeb:f878:5d36:dd7d:ae5a:cdac, to thoroughly review the case.",0.98,0.02,0.97,0.03,0.99,0.01,0.99,0.01,0.030000000000000027,0.97,0.04,0.06,0.9
Participant efaa:f2bf:c2f8:d302:fdb2:4dda:9f3c:bc5c asked about his 28/03/1901. Can Genderflux get the information?,0.96,0.04,0.4,0.6,0.98,0.02,0.98,0.02,0.050000000000000044,0.95,0.03,0.1,0.87
"To prepare your health insurance claim, we need your 75693309015 security number and phone IMEI 72-730127-639049-3. You can find the IMEI number on your phone's box or receipt.",0.96,0.04,0.19999999999999996,0.8,0.97,0.03,0.97,0.03,0.040000000000000036,0.96,0.02,0.03,0.95
Hi it's Kenner Health Centre. Remember to send us updates about your health Camryn.Beatty85@hotmail.com. It helps us track your progress.,0.020000000000000018,0.98,0.15000000000000002,0.85,0.99,0.01,0.99,0.01,0.99,0.01,0.03,0.93,0.04
"We have updated the medication plan for Madalyn Jules, SSN 75613403355. Please review it to ensure everything is correct.",0.98,0.02,0.010000000000000009,0.99,0.98,0.02,0.98,0.02,0.98,0.02,0.01,0.03,0.96
"We have updated your medical records, Mabelle. Your new height is 1.32m. If there has been a mistake, let us know.",0.98,0.02,0.06999999999999995,0.93,0.99,0.01,0.99,0.01,0.99,0.01,0.08,0.85,0.07
"The Oncology research of Auto Loan Account from 7598, needs the application form by 12/04/1960. Could you please arrange that?",0.95,0.05,0.65,0.35,0.65,0.35,0.97,0.03,0.97,0.03,0.5,0.15,0.35
"Dominic, your browser, Mozilla/5.0 (Macintosh; U; Intel Mac OS X 10_5_3 rv:6.0; SC) AppleWebKit/531.0.2 (KHTML, like Gecko) Version/5.0.3 Safari/531.0.2, has been displaying some odd behavior lately. It seems it might be impacting your productivity. Please connect with our IT department to troubleshoot this issue.",0.97,0.03,0.15000000000000002,0.85,0.98,0.02,0.98,0.02,0.030000000000000027,0.97,0.05,0.2,0.75
"Dear Michale, please provide me your 1XLWZHdA3SsB8qH4ZHp5jqHM2qQxxK9wfwrd6bw for the upcoming literacy program payments.",0.97,0.03,0.15000000000000002,0.85,0.15000000000000002,0.85,0.96,0.04,0.97,0.03,0.04,0.13,0.83
"Welcome to Sipes, Mueller and Conn, Micheal. Your team introduction is scheduled on 28/02/1958 at 05:08. Don't forget to bring your Employee ID - 756.5600.2423.",0.96,0.04,0.040000000000000036,0.96,0.97,0.03,0.97,0.03,0.97,0.03,0.05,0.68,0.27
"We are having an online psychoeducation webinar and we would like to contract you as our guest speaker. Can you deliver a lecture on stress management strategies to our team? Please respond to us at https://starchy-shoe-horn.info/ or send us an email at Amely_Yost38@hotmail.com. If you need any materials or books, please utilise our business account Credit Card Account 35203583.",0.040000000000000036,0.96,0.44999999999999996,0.55,0.15000000000000002,0.85,0.98,0.02,0.97,0.03,0.03,0.22,0.75
"Hello Thaddeus, your application for psychoeducation workshop has been accepted. Please confirm your presence at 43-544988-304337-8.",0.44999999999999996,0.55,0.06999999999999995,0.93,0.96,0.04,0.98,0.02,0.97,0.03,0.08,0.85,0.07
"Hello Designer with Wolff, Metz and Hegmann, we understand that you're based in ZIP Code 11611-3572. We would appreciate your efforts to donate to our literacy program. Please remit payment to 31WeL1ExaxCiXip6oJyvCwMxh8F.",0.5800000000000001,0.42,0.94,0.06,0.15000000000000002,0.85,0.98,0.02,0.98,0.02,0.08,0.17,0.75
Good news for women! Get top-notch assistance with your healthcare using our new program specially designed for Male. Subscribe to 5fd7:f6fb:b0ec:cd5a:ff0a:e25c:9437:f8ff for more updates.,0.95,0.05,0.97,0.03,0.98,0.02,0.98,0.02,0.06999999999999995,0.93,0.08,0.05,0.87
Physician associate lecture session will be beginning at 12:42 PM. The sessions are secure and protected by qjKhaJOuzi0f.,0.97,0.03,0.96,0.04,0.98,0.02,0.19999999999999996,0.8,0.97,0.03,0.18,0.04,0.78
"I'm a Androgyne heading a project in Texas, need guide on how to incorporate sustainable practices.",0.99,0.01,0.98,0.02,0.99,0.01,0.99,0.01,0.99,0.01,0.96,0.03,0.01
Lamont alleges negligence using device IMEI: 07-514512-281661-7 as part of the medical evidence. Insurance agreement shows Kč in excess of bills. Residence in 24751.,0.65,0.35,0.15000000000000002,0.85,0.97,0.03,0.98,0.02,0.030000000000000027,0.97,0.02,0.08,0.9
Nyasia lodged a lawsuit against Ms. Paucek for misdiagnosis. She filed the claim from IP: 1fb5:c151:7d65:d5d1:e89d:de4f:1aa2:88a9. Medical fees amount to Egyptian Pound.,0.97,0.03,0.030000000000000027,0.97,0.97,0.03,0.98,0.02,0.030000000000000027,0.97,0.02,0.13,0.85
"Hello, Global Branding Assistant. A new patient has reached out to me for counseling regarding ADHD. The woman with Raymundo.Reynolds@gmail.com has specifically asked for you as she feels comfortable with a female therapist. Could you please establish contact and schedule an initial consultation?",0.020000000000000018,0.98,0.15000000000000002,0.85,0.99,0.01,0.99,0.01,0.99,0.01,0.03,0.9,0.07
"Dr. DuBuque, join us at the Johnson County, Maine office for a discussion on clinical training time reduction, hosted by Moore Group.",0.97,0.03,0.15000000000000002,0.85,0.99,0.01,0.99,0.01,0.98,0.02,0.22,0.75,0.03
Our annual sports event starts from Apt. 908 entrance. Patrons apply for VIP passes at 0xec15d7deb5a874d1e3fc3a3ef6f0ebba275865f0.,0.7,0.3,0.97,0.03,0.07999999999999996,0.92,0.98,0.02,0.97,0.03,0.06,0.09,0.85
"To discuss the Alvina Keys property issue, please call us at 1:06am. FTP server access will be with Opera/11.45 (Macintosh; Intel Mac OS X 10.6.5 U; MG Presto/2.9.184 Version/10.00).",0.94,0.06,0.25,0.75,0.98,0.02,0.98,0.02,0.050000000000000044,0.95,0.04,0.12,0.84
"Please make a note of the changes to our business continuity plan for Lazio. Verify the linked 56789-1340 for your Home Loan Account accounts. Access via your unique Mozilla/5.0 (X11; Linux x86_64 AppleWebKit/531.2.1 (KHTML, like Gecko) Chrome/22.0.832.0 Safari/531.2.1 ID.",0.95,0.05,0.96,0.04,0.35,0.65,0.97,0.03,0.06999999999999995,0.93,0.05,0.07,0.88
"Hello Max. Our continued education program in mathematics education has extended hours available at our South Carminestad campus. For details, call us at +074.391-517 1197.",0.44999999999999996,0.55,0.25,0.75,0.98,0.02,0.98,0.02,0.97,0.03,0.3,0.66,0.04
"Hey Levi, can you deposit CAD into the Global Education fund account CH9800153449428212C62? Transaction password is Z_YrfJF6ld3L",0.97,0.03,0.15000000000000002,0.85,0.020000000000000018,0.98,0.020000000000000018,0.98,0.98,0.02,0.01,0.02,0.97
"Hi, We have received a dispute concerning an unauthorized transaction from your account. For security purposes, could you confirm your phone's IMEI number 73-521967-142213-5 and your device's MAC address 21:90:af:4a:1e:0c?",0.97,0.03,0.97,0.03,0.96,0.04,0.98,0.02,0.020000000000000018,0.98,0.02,0.03,0.95
"The property at Penelope Landing 795, 88158 owned by Jules is suspected of unlawful activities. Council members are alerted on June 28, 1949. Please respond.",0.15000000000000002,0.85,0.09999999999999998,0.9,0.98,0.02,0.98,0.02,0.96,0.04,0.08,0.85,0.07
"Hey Isaiah, Our Kulas, Wintheiser and Ortiz is arranging a meeting for a new SEL initiative. Don't miss it!",0.97,0.03,0.09999999999999998,0.9,0.99,0.01,0.99,0.01,0.99,0.01,0.2,0.78,0.02
"Your invoice for the telemedicine services has been generated. Use your card 3303258711698478, issued by mastercard, to make the payment of R$538676.",0.98,0.02,0.97,0.03,0.020000000000000018,0.98,0.99,0.01,0.99,0.01,0.01,0.02,0.97
"Today, we're hosting a webinar on Holistic Education. Cisgender woman Technician from Aufderhar, Wiza and Muller will be speaking. Please access through IP a29e:1bd3:bebd:bece:e055:c91c:cceb:87eb at 11:02pm. Materials will be provided.",0.97,0.03,0.96,0.04,0.99,0.01,0.99,0.01,0.030000000000000027,0.97,0.08,0.07,0.85
"Bernier, I'm investigating the legal ramifications surrounding MAC addresses, specifically ones like 34:64:ec:d1:13:8d. Could you provide some information on how different legislative instances deal with it?",0.97,0.03,0.15000000000000002,0.85,0.98,0.02,0.98,0.02,0.040000000000000036,0.96,0.05,0.15,0.8
"Dear Associate, please take note of the height-height 3' 7"" mix-up in our latest clinical trials data. I believe the issues originate from entries for Dakota and Riley.",0.98,0.02,0.06999999999999995,0.93,0.99,0.01,0.99,0.01,0.99,0.01,0.1,0.85,0.05
"Hello Staff, our next classroom management workshop will focus on digital resources. The session will be facilitated by Dewitt Spinka, our Principal Directives Supervisor at Streich, Schulist and Lockman. She'll share tools increasing efficiency online",0.98,0.02,0.030000000000000027,0.97,0.99,0.01,0.99,0.01,0.99,0.01,0.1,0.88,0.02
Edison.Mills is my new alias on various health forums. I am aspiring to be a Senior Metrics Architect in alternative medicine. Please do connect!,0.97,0.03,0.44999999999999996,0.55,0.99,0.01,0.99,0.01,0.99,0.01,0.47,0.51,0.02
"To encourage increased participation, we are offering a vacant sports advancements cover all the costs. Please apply through your phone on the browser accessed through Mozilla/5.0 (Macintosh; U; PPC Mac OS X 10_7_5 rv:5.0; RO) AppleWebKit/535.2.0 (KHTML, like Gecko) Version/6.1.10 Safari/535.2.0 by 20/08/1915.",0.97,0.03,0.94,0.06,0.98,0.02,0.98,0.02,0.06999999999999995,0.93,0.25,0.08,0.67
"As a Senior Tactics Architect for the Implementation project, it's vital to secure systems with connectivity to IP address 6.252.81.228 and VPNs of 35bc:c234:e6e5:d65b:b39f:88a6:d195:ac2f. The corresponding c7:6b:81:98:b9:dd device identifier has been noted.",0.97,0.03,0.97,0.03,0.98,0.02,0.98,0.02,0.020000000000000018,0.98,0.03,0.05,0.92
"Kindly fund your meal card via any cryptocurrency. Bitcoin address: 16WKmt57HzhTF2vZuUcbY8MLvo4CYk, Ethereum address: 0x4e8de947a617ceefc0fdea62c1f5fc0a0a43efac.",0.98,0.02,0.98,0.02,0.020000000000000018,0.98,0.99,0.01,0.98,0.02,0.03,0.03,0.94
"Meeting for palliative care scheduled on 12/08/1961 at [1.0337,-92.1666] location. Declan's reports will be discussed.",0.95,0.05,0.15000000000000002,0.85,0.98,0.02,0.98,0.02,0.06999999999999995,0.93,0.03,0.15,0.82
"Hello, I spotted suspicious activity on your account. Somebody tried to enter your 72763-5001 and Central from 108.134.105.18. I temporarily put a hold on your account. Please change your nVmfLOtqv_k2 for security.",0.4,0.6,0.9,0.1,0.95,0.05,0.15000000000000002,0.85,0.040000000000000036,0.96,0.03,0.07,0.9
"Could I get the Agnes_Lebsack60@hotmail.com of Brielle? They have greatly influenced my learning, and I'd like to appreciate them personally.",0.030000000000000027,0.97,0.06999999999999995,0.93,0.99,0.01,0.99,0.01,0.99,0.01,0.04,0.92,0.04
"We’re preparing a payment of Iranian Rial 10,000,000 to Auto Loan Account number 15777818. Would someone verify the payment details and complete the transaction? Use the given 742",0.97,0.03,0.97,0.03,0.09999999999999998,0.9,0.75,0.25,0.98,0.02,0.06,0.06,0.88
"Dear Male, we value your privacy. Please verify your IP address 32.34.14.242 for secure communication.",0.95,0.05,0.85,0.15,0.98,0.02,0.98,0.02,0.030000000000000027,0.97,0.05,0.1,0.85
"Dear Sydnee, we have noticed an increase in malnutrition cases in the 64546-9350 district. We ask for your advice on how to address the situation.",0.65,0.35,0.06999999999999995,0.93,0.98,0.02,0.99,0.01,0.98,0.02,0.08,0.88,0.04
"Finance team will release 64897.92 BMD from Personal Loan Account, with account number 16260498. Scheduled for 9:40 AM on 24/07/1964. Please confirm to Dr.JammieElliottVeum via Anthony.Gerlach9@yahoo.com.",0.030000000000000027,0.97,0.040000000000000036,0.96,0.050000000000000044,0.95,0.98,0.02,0.98,0.02,0.01,0.07,0.92
"We noted your blue, Florence. Your genetic counseling fee can be processed with the CDF.",0.97,0.03,0.15000000000000002,0.85,0.96,0.04,0.98,0.02,0.98,0.02,0.15,0.78,0.07
"As the Forward Web Strategist, we require your consent to approve employee VPNs. Could you verify their IP 86.205.213.177?",0.97,0.03,0.95,0.05,0.98,0.02,0.98,0.02,0.030000000000000027,0.97,0.05,0.05,0.9
"If you have any payment related queries, or face issues while paying the registration fee, please reach out to us at Cristina82@yahoo.com. Please mention the last 4 digits of your IBAN (LT359163100468401091).",0.030000000000000027,0.97,0.65,0.35,0.040000000000000036,0.96,0.97,0.03,0.98,0.02,0.02,0.06,0.92
"Hi, it appears there’s been unusual access from IP 0874:bd4b:4a21:58bf:deea:ff7d:38f5:cec5 to your account 95247111. To ensure your account safety, please reset your password _R2UTx4SyxAZ immediately and contact our support.",0.97,0.03,0.95,0.05,0.65,0.35,0.040000000000000036,0.96,0.030000000000000027,0.97,0.01,0.02,0.97
Patient Danielle.Koepp from Gwynedd County missed follow-up session with our Planner. Please reschedule at her convenience.,0.95,0.05,0.040000000000000036,0.96,0.99,0.01,0.99,0.01,0.99,0.01,0.05,0.9,0.05
We need immediate medical records retrieval for patient Lilian. Use 24-561039-344390-9 to locate files.,0.96,0.04,0.15000000000000002,0.85,0.96,0.04,0.97,0.03,0.97,0.03,0.06,0.54,0.4
"System update required on Mozilla/5.0 (Windows; U; Windows NT 6.1) AppleWebKit/532.2.0 (KHTML, like Gecko) Chrome/27.0.832.0 Safari/532.2.0 to comply with new HIPAA policies. Funding for this task can be accessed via 3QM5XsUFPgGVqJZRvxBbTNH3epQpU2fNqYLh. Group will coordinate this task - contact on 49-827701-885215-5.",0.6,0.4,0.95,0.05,0.06999999999999995,0.93,0.97,0.03,0.030000000000000027,0.97,0.02,0.04,0.94
"Direct Communications Analyst, kindly prepare a training module on the topic 'Quality in modern business'. Please reach out if you need any additional resources.",0.98,0.02,0.97,0.03,0.99,0.01,0.99,0.01,0.99,0.01,0.95,0.04,0.01
Make sure all reports are sent to manager's suite no Apt. 398. She will be there till 17 reviewing reports.,0.65,0.35,0.96,0.04,0.99,0.01,0.99,0.01,0.98,0.02,0.62,0.36,0.02
"With regards to our Student Volunteer Programs around N Railroad Street, we are requesting donation transfers via XK740008353995197627. Your support to the nearby youth is much appreciated. People like 10th March, Female, and Eye color: Grey are significant contributors.",0.92,0.08,0.65,0.35,0.050000000000000044,0.95,0.98,0.02,0.97,0.03,0.03,0.07,0.9
"Hello Mack, for security reasons could you kindly verify your Shakira.Mann@yahoo.com, 89-150669-475448-0, and Mozilla/5.0 (X11; Linux x86_64; rv:8.9) Gecko/20100101 Firefox/8.9.4 that you'll be using during the Academic Competitions?",0.030000000000000027,0.97,0.09999999999999998,0.9,0.96,0.04,0.98,0.02,0.040000000000000036,0.96,0.01,0.1,0.89
"Dear Dr. Stracke, I am in receipt of your email about the mandated counseling session for Apt. 416. Our school believes in creating a holistic environment for our students. Please confirm an appointment between 1930-10-26T18:31:08.781Z and 11/01.  Regards, Isabella.Considine",0.85,0.15,0.050000000000000044,0.95,0.98,0.02,0.98,0.02,0.97,0.03,0.08,0.87,0.05
"Hello Denis, we have detected an interesting research finding emanating from a location near [60.0601,-87.4584]. Could you investigate?",0.97,0.03,0.15000000000000002,0.85,0.98,0.02,0.98,0.02,0.07999999999999996,0.92,0.03,0.32,0.65
"Dear Rogers, we've noticed high energy consumption from your IP: 253.136.195.23. Please ensure your devices are turned off after work hours as part of our sustainability efforts. Sincerely, Hayes, Davis and Block",0.97,0.03,0.15000000000000002,0.85,0.98,0.02,0.98,0.02,0.040000000000000036,0.96,0.03,0.12,0.85
"Dear students, remember to complete the problem sets for chapter 9625618467288557 and submit by end of day 25/12/1942.",0.97,0.03,0.92,0.08,0.85,0.15,0.98,0.02,0.98,0.02,0.8,0.06,0.14
"The physicality clause of the higher education policy will be revisited in the upcoming meeting. Proposed changes include tie-ins with GPS information ([82.5933,-99.9359]) and IP addresses (142.113.192.53,f10b:16ab:fa4e:d9ae:b7d8:6c3a:ceb5:bccc).",0.98,0.02,0.98,0.02,0.99,0.01,0.99,0.01,0.030000000000000027,0.97,0.08,0.04,0.88
"Gustave, our last financial report revealed risky transactions with Seychelles Rupee. Need your advice!",0.98,0.02,0.09999999999999998,0.9,0.97,0.03,0.99,0.01,0.99,0.01,0.2,0.77,0.03
"Cisgender female has shown remarkable progress in the recent therapy sessions. Keep up the motivation, Sasha!",0.98,0.02,0.09999999999999998,0.9,0.99,0.01,0.99,0.01,0.99,0.01,0.15,0.8,0.05
"Hello Vivian.Hickle31, we have recently identified that there is a direct correlation between the increase in sales in Interactions and website visits from 251.72.229.158 and a6e0:8950:1ae5:0fe5:d7aa:8aaa:cdc1:e60b locations. Can you dig into analytics and provide more insights on this?",0.95,0.05,0.15000000000000002,0.85,0.98,0.02,0.98,0.02,0.030000000000000027,0.97,0.03,0.12,0.85
Case against Dr. Deontae Parker for violating password protection laws. Illicit communication involved the email Roxanne.Schultz@hotmail.com and password 79dw3CVPDqCx. Contact county sheriff office at 3868.381.2503 or Nora_Haley13@gmail.com.,0.020000000000000018,0.98,0.030000000000000027,0.97,0.98,0.02,0.020000000000000018,0.98,0.98,0.02,0.01,0.04,0.95
"As part of our sustainability commitment, employees are encouraged to commute using eco-friendly options. Consider carpooling with coworkers from East Rodside. Regards, Deckow, Grimes and Veum Human Resources.",0.98,0.02,0.94,0.06,0.99,0.01,0.99,0.01,0.99,0.01,0.92,0.07,0.01
"To handle nursing services effectively in 44735-2619, updating our methods to suit the increasing population is an ongoing task. Sending medical reports via 77.229.178.40 has proven to be much faster.",0.55,0.45,0.97,0.03,0.98,0.02,0.98,0.02,0.040000000000000036,0.96,0.03,0.07,0.9
"Please set up clinical sessions for Chasity, who lives at coordinates [6.022,64.0709]. She has been diagnosed with OCD. Use the 3iaQfeq5U8orGVSU244HpwDHdkdHPay5XuQA for costs.",0.94,0.06,0.07999999999999996,0.92,0.06999999999999995,0.93,0.98,0.02,0.07999999999999996,0.92,0.01,0.04,0.95
Vaccine tent set up at 43424 building 986. Will take place at 5:56am.,0.78,0.22,0.97,0.03,0.99,0.01,0.99,0.01,0.98,0.02,0.78,0.2,0.02
"Hi Houston, are you aware of our new health plan? Contact us at 7497189098999487.",0.44999999999999996,0.55,0.4,0.6,0.5800000000000001,0.42,0.97,0.03,0.97,0.03,0.1,0.5,0.4
"8. All financial processing operations are guided by our BIC code XMENMC4V. It assures secure worldwide bank transactions for our customers. Therefore, please check the final account details in IS757495669607006815744044 before any transfer.",0.97,0.03,0.96,0.04,0.030000000000000027,0.97,0.98,0.02,0.98,0.02,0.05,0.05,0.9
Access to sensitive patient data such as 11/45 and 412-80-9698 is strictly limited to necessary personnel to maintain a high standard of medical ethics.,0.97,0.03,0.09999999999999998,0.9,0.96,0.04,0.97,0.03,0.97,0.03,0.06,0.06,0.88
Notification for student 75649748123- the annual quiz competition is on 17th December. Kindly submit XOF599473 for participation. IP for exam portal - 80.163.187.137.,0.97,0.03,0.8,0.2,0.96,0.04,0.98,0.02,0.040000000000000036,0.96,0.08,0.12,0.8
"Ms. Billie, the 3qWmAN1pkuJRZnCjPt2M4jGRaVbCjA5 associated with your medical device isn't working. Would you like us to fix it?",0.97,0.03,0.15000000000000002,0.85,0.55,0.45,0.97,0.03,0.6,0.4,0.05,0.45,0.5
"As per our chat, Assurance is outsourced. Connection authorization on this https://flustered-mean.com with Adella6 and 3cSG2sDgpc8s.",,,,,,,,,,,,,
"A legal webinar is scheduled by Prohaska, Bernier and Powlowski. Our esteemed speaker Dr. Cameron from Trentino-Alto Adige/Südtirol will lead the session. Registration is open on https://knowing-credential.name.",0.92,0.08,0.15000000000000002,0.85,0.98,0.02,0.98,0.02,0.98,0.02,0.25,0.72,0.03
"Do you know about the Kyle study technique, Juston? It involves active engagement with the study material.",0.98,0.02,0.15000000000000002,0.85,0.99,0.01,0.99,0.01,0.99,0.01,0.25,0.73,0.02
Review our Bitcoin payment system for the Auto Loan account 21824129. Address detected issues to our Direct Research Agent: Mr.Angel using bebe:e7ea:31ea:b3fa:a762:4cfd:8dfb:ecd2.,0.92,0.08,0.15000000000000002,0.85,0.25,0.75,0.98,0.02,0.06999999999999995,0.93,0.03,0.15,0.82
Next Peer Tutoring for Chemistry chp 3 will be on 2/40. Submit any doubts in reference to CFP Franc on your online student account ending in -92227206.,0.97,0.03,0.95,0.05,0.8,0.2,0.98,0.02,0.98,0.02,0.65,0.18,0.17
"I need a detailed report on the intellectual property associated with 70-721583-034757-1. Also, check if the IP rights extend to Champaign in the state of Molise.",0.97,0.03,0.88,0.12,0.96,0.04,0.99,0.01,0.97,0.03,0.8,0.08,0.12
"During our previous meeting on 4th March at 9:03 PM, Romaine, we discussed the need for the implementation of reforms in the county of Tyne and Wear.",0.98,0.02,0.09999999999999998,0.9,0.99,0.01,0.99,0.01,0.98,0.02,0.12,0.85,0.03
"With your Mobility expertise, could you assist us in managing our patient resources, particularly in tracking our vehicle with VIN K6SDWK6PPYWF67379, for our transportation initiatives?",0.98,0.02,0.97,0.03,0.98,0.02,0.99,0.01,0.040000000000000036,0.96,0.06,0.06,0.88
"Hello Jerald, we're finalising your telemedicine details. Please confirm your 26589-9167 and 466 86 4385.",0.5,0.5,0.030000000000000027,0.97,0.95,0.05,0.96,0.04,0.97,0.03,0.02,0.3,0.68
"Outdoor education class will be setting up camp at the [-43.0355,-128.6187] this year. Don't forget to send your payment to 0x4eb4ef7c7bdcaa0de9ef76ce1d89c1ad0c10cc12 by 08/09/1958.",0.97,0.03,0.92,0.08,0.030000000000000027,0.97,0.98,0.02,0.050000000000000044,0.95,0.02,0.03,0.95
An unusual amount was transferred from the public health fund to an unknown 3vCDNYFztX4X4GDBHuUHyxRXJGkt. The transaction was processed with the PIN 1003.,0.98,0.02,0.97,0.03,0.12,0.88,0.050000000000000044,0.95,0.98,0.02,0.03,0.03,0.94
"Would you be free around 3 PM for a quick catch-up about the mentorship program. Also, do let me know if you wish to have a session in the Northeast wing of your office building (28580).",0.72,0.28,0.97,0.03,0.99,0.01,0.99,0.01,0.98,0.02,0.7,0.28,0.02
"There seems to be an error with the payment information, the contract states £, but it should be TRY or New Taiwan Dollar.",0.99,0.01,0.99,0.01,0.98,0.02,0.99,0.01,0.99,0.01,0.96,0.03,0.01
"Dear Female, as per our records from the official f10f:fd95:bac6:fd30:bb5e:aaff:eda9:2ea4, your second dose of COVID-19 vaccine is due. Please schedule an appointment at the earliest.",0.97,0.03,0.95,0.05,0.99,0.01,0.99,0.01,0.040000000000000036,0.96,0.05,0.05,0.9
"Dear Micah, we noticed you recently had a traffic accident according to SM83VKQ and 1KBJ9M5FY3X986271. If you need to claim compensation, our personal injury law services can assist you.",0.97,0.03,0.06999999999999995,0.93,0.98,0.02,0.98,0.02,0.050000000000000044,0.95,0.02,0.08,0.9
"A new course on corporate law is being offered in West Ayden by Douglas Inc. The lecturer is Dr. Bowie, a Senior Tactics Liaison at Farrell and Sons. Registration is open on https://fearless-resist.biz.",0.97,0.03,0.15000000000000002,0.85,0.99,0.01,0.99,0.01,0.98,0.02,0.25,0.73,0.02
"We must meet to discuss the health data of our special patient. The meeting will take place at [-61.5117,-20.6358] on 1956-12-04T18:39:48.560Z. Let's discuss over lunch. You can spot me--I'm the Female with amber eyes.",0.96,0.04,0.9,0.1,0.98,0.02,0.98,0.02,0.06999999999999995,0.93,0.06,0.1,0.84
I just got a complaint from Pather Han. He finds the lighting inadequate in the Accounts. At quarter to 6 he says it is hardest to see.,0.98,0.02,0.030000000000000027,0.97,0.99,0.01,0.99,0.01,0.99,0.01,0.05,0.93,0.02
"Hello Destinee, we are celebrating the International Women in Science day next week and would appreciate your (a Polygender in STEM) participation. It's to inspire young girls in our community to opt for STEM fields.",0.98,0.02,0.06999999999999995,0.93,0.99,0.01,0.99,0.01,0.99,0.01,0.1,0.85,0.05
User 0xf0b420e8669842bcd92b2ef57fba3acd7ad04cf0 requests payment in LITECOIN to Lw5XHJKqyqP1GQE7a55amyYgHHLGA. Conversion to Mexican Peso necessary.,0.97,0.03,0.95,0.05,0.030000000000000027,0.97,0.98,0.02,0.97,0.03,0.03,0.05,0.92
"Help us investigate a case involving an outdated consumer law linked to the client residing at Christiana Views 65626, marked with zip code 22326-1505. We need to make sure the allegations are properly addressed within the current regulations.",0.06999999999999995,0.93,0.95,0.05,0.98,0.02,0.99,0.01,0.98,0.02,0.08,0.85,0.07
"Nurse Dakota, the ID for your official account is 89449657. Your password is NjdWiIBHjvhG. Please log in to check your schedule.",0.97,0.03,0.15000000000000002,0.85,0.98,0.02,0.020000000000000018,0.98,0.98,0.02,0.01,0.03,0.96
"Hello Mr. Grady, I am reaching out in regard to a change in your area Fayette County's epidemiology data. Find detailed data at https://incredible-drop.name. Contact me at Cody_Labadie@gmail.com after you review.",0.020000000000000018,0.98,0.040000000000000036,0.96,0.99,0.01,0.99,0.01,0.99,0.01,0.03,0.94,0.03
"The developmental psychology study of Transexual man aged 87 years old with Brown eyes found an interesting correlation. For more details, please contact us at eeaa:5b0b:f2a9:392d:b325:6331:bf5f:bccd.",0.92,0.08,0.9,0.1,0.98,0.02,0.98,0.02,0.06999999999999995,0.93,0.06,0.06,0.88
"Dear Mrs. Champlin, We offer an advanced course on Forensic Psychology in the Markets department. You can sign up for the course through the URL https://gullible-schedule.net/. The access code is ZV1dWtwUEswo.",0.96,0.04,0.09999999999999998,0.9,0.98,0.02,0.42000000000000004,0.58,0.97,0.03,0.05,0.42,0.53
"Greetings Intersex person, Your anesthesiology conference will be held virtually, credentials to join will be sent to your registered 15GohgV4e5jNLjz2nCZoNyHXpiB429kThDEnjZu.",0.94,0.06,0.95,0.05,0.15000000000000002,0.85,0.96,0.04,0.97,0.03,0.12,0.05,0.83
Financial data for period ending 6/23 showed assets moving towards Northwest. Details sent to Bulah_Brakus@hotmail.com.,0.030000000000000027,0.97,0.55,0.45,0.96,0.04,0.98,0.02,0.98,0.02,0.05,0.88,0.07
"Donnell, Principal Division Planner at Sauer, Mayert and Bernhard, we are revising our healthcare policies for Designer. Appreciate if you could help us with your valuable inputs.",0.97,0.03,0.15000000000000002,0.85,0.99,0.01,0.99,0.01,0.99,0.01,0.2,0.78,0.02
"To ensure we meet our targets in Pennsylvania, Howard_Wiza75 will be at the helm of affairs. She'll be based in South Ethelynfield, at our office on Powlowski Circle Suite 432. Get in touch through +68 859 801-1469.",0.040000000000000036,0.96,0.28,0.72,0.98,0.02,0.98,0.02,0.98,0.02,0.05,0.88,0.07
"Hello Joany Anderson Pfannerstill, your expertise as a psychiatrist would be of great value in delivering a talk on the power of a positive mind-set in overcoming work stress. Could you please confirm your availability for this week before 2:50 AM?",0.98,0.02,0.030000000000000027,0.97,0.99,0.01,0.99,0.01,0.99,0.01,0.05,0.92,0.03
"We have identified unusual activity connected to 90.94.124.170 and 3mKyvGJfWRBzuy29zhoHziHnevbq that may breach corporate law standards. Please provide further information for legal evaluation, Mrs. Charlie.",0.97,0.03,0.15000000000000002,0.85,0.25,0.75,0.97,0.03,0.030000000000000027,0.97,0.02,0.06,0.92
"Life Skills Education is not just about finance and IT. We also learned how to record personal body parameters i.e. 3'10"", Eye Color: grey etc.",0.99,0.01,0.97,0.03,0.99,0.01,0.99,0.01,0.99,0.01,0.95,0.04,0.01
"Don't forget, our 525-miler for charity is this weekend in Brookline. All ages welcome!",0.98,0.02,0.97,0.03,0.99,0.01,0.99,0.01,0.99,0.01,0.95,0.04,0.01
Send emails to Manuel25@yahoo.com with the IP management queries for Shirley Macejkovic. She's our Architect.,0.020000000000000018,0.98,0.030000000000000027,0.97,0.99,0.01,0.99,0.01,0.97,0.03,0.02,0.94,0.04
"Connect to the University WiFi using your device MAC: 6e:3d:ae:97:e8:8b, and your IP: 45b6:a382:2cb6:4e55:0be9:e37b:dcba:cac9.",0.97,0.03,0.97,0.03,0.98,0.02,0.97,0.03,0.020000000000000018,0.98,0.05,0.07,0.88
Our next digital marketing campaign will target audiences in the Northeast with the highest internet activity happening from 237.169.216.111 at around 22:08.,0.97,0.03,0.97,0.03,0.98,0.02,0.98,0.02,0.040000000000000036,0.96,0.08,0.07,0.85
"Martin, Bigender, you are part of our meeting to deliberate on higher education policies. Please gather together at [-10.7423,-127.7435].",0.95,0.05,0.09999999999999998,0.9,0.98,0.02,0.98,0.02,0.06999999999999995,0.93,0.03,0.15,0.82
"Expecting attendees from 75514 for our Sports Medicine Symposium on the November 24, 1938.",0.75,0.25,0.85,0.15,0.98,0.02,0.98,0.02,0.97,0.03,0.7,0.25,0.05
We have assigned Dr Keaton Rutherford as your lead surgeon. He is a seasoned professional in the Intranet field.,0.98,0.02,0.040000000000000036,0.96,0.99,0.01,0.99,0.01,0.99,0.01,0.08,0.9,0.02
"Dear Hubert, We have arranged a local SIM card with 32-515459-012673-9 for you during your stay.",0.85,0.15,0.050000000000000044,0.95,0.98,0.02,0.98,0.02,0.19999999999999996,0.8,0.02,0.28,0.7
The Global Education team will be discussing essential updates at 4846 on Suite 359. Please join us via Mozilla/5.0 (compatible; MSIE 10.0; Windows NT 6.3; Trident/5.1) if you can't attend in person.,0.7,0.3,0.96,0.04,0.98,0.02,0.98,0.02,0.07999999999999996,0.92,0.08,0.12,0.8
Update: Changed medical insurance policy now covers benefits up to $ 136027.14. Ensure to make a note.,0.98,0.02,0.97,0.03,0.96,0.04,0.99,0.01,0.99,0.01,0.93,0.04,0.03
"Dear Mabel, we're reviewing mental health effects of prolonged screen time. Could you check if your MAC address ea:60:5b:55:2c:6b laptop is updated?.",0.97,0.03,0.12,0.88,0.99,0.01,0.99,0.01,0.030000000000000027,0.97,0.03,0.15,0.82
"Dear Alexandrine, there is a concern about your academic work. Suspicious log-ins have been detected from 7fe1:a7b7:8c8c:5707:ad3f:d550:3d3e:c362 and c7fd:00bf:3eae:e250:a1bd:eb39:77bf:d50a. We need to discuss this issue.",0.97,0.03,0.06999999999999995,0.93,0.98,0.02,0.98,0.02,0.030000000000000027,0.97,0.02,0.08,0.9
"At Skiles, Keeling and Beatty, uniforms should be purchased online via our website hosted at 59ec:d6d4:cc72:a6ed:0e6c:7ae7:ae83:dc3d. You can also visit our Naomie Road outlet for in-person payment.",0.92,0.08,0.94,0.06,0.98,0.02,0.99,0.01,0.050000000000000044,0.95,0.2,0.1,0.7
"Hey Marshall, this is your new IP dcdf:c450:5da8:59a3:598c:3524:eba9:8c82 for accessing the campus network. Ensure to keep your internet traffic within the mess area [68.25,121.9596].",0.97,0.03,0.15000000000000002,0.85,0.99,0.01,0.98,0.02,0.030000000000000027,0.97,0.02,0.08,0.9
Safety Alert: Unrecognized login attempts detected on 3cbe:3d9d:4efb:b75c:9eb9:18eb:53aa:bc3b for account associated with the supply chain. Please verify with account holder Credit Card Account immediately.,0.97,0.03,0.92,0.08,0.95,0.05,0.98,0.02,0.040000000000000036,0.96,0.05,0.08,0.87
"""The vehicle noted at the scene had the VRM ME37APS and VIN KC1VPTYMZ1U082263. As a Officer, could you provide your expertise on what this data could imply?""",0.98,0.02,0.97,0.03,0.98,0.02,0.99,0.01,0.020000000000000018,0.98,0.03,0.07,0.9
"Hello, Dusty Marlowe Grant. Regular checkups are a must in the early detection and treatment of health conditions. Book your appointment today!",0.98,0.02,0.030000000000000027,0.97,0.99,0.01,0.99,0.01,0.99,0.01,0.05,0.92,0.03
"""Dear Dr., We need a detailed report on the vendors providing us services in the Data.""",0.98,0.02,0.95,0.05,0.99,0.01,0.99,0.01,0.99,0.01,0.93,0.06,0.01
I'd like to discuss Lavonne's performance. Could someone from Toy - Boehm facilitate?,0.98,0.02,0.06999999999999995,0.93,0.99,0.01,0.99,0.01,0.99,0.01,0.1,0.88,0.02
Requesting assistance. Cannot access the shared Teacher Evaluation Reports using IPV6 7477:6dfe:ad8a:0acf:80db:f778:ae4c:8c4b. Is there an alternate login link or credentials I could use? Please revert on 00804 23313.,0.12,0.88,0.95,0.05,0.98,0.02,0.96,0.04,0.030000000000000027,0.97,0.03,0.15,0.82
Educational leaders possess a unique blend of abilities. Analysis of Mozilla/5.0 (Windows NT 6.0; WOW64; rv:10.4) Gecko/20100101 Firefox/10.4.2 and 8cd5:7c5f:7626:deab:f1bb:2cad:f257:d405 emphasizes on these qualities. This research was conducted between 7/43 and 14:45.,0.98,0.02,0.98,0.02,0.99,0.01,0.99,0.01,0.020000000000000018,0.98,0.05,0.03,0.92
A herbalist in Fort Dave has made a huge breakthrough. She's 4 years old and swears by alternative medicine.,0.98,0.02,0.95,0.05,0.99,0.01,0.99,0.01,0.99,0.01,0.92,0.07,0.01
"Allen, I've prepared a diet plan based on your height (5'7""). Let us know what are the foods you like and dislike so we can modify it according to your preference.",0.98,0.02,0.15000000000000002,0.85,0.99,0.01,0.99,0.01,0.99,0.01,0.2,0.78,0.02
Service access was attempted with the pin 4781 on the phone IMEI 53-650948-042103-4. Can you verify if this was a valid attempt?,0.98,0.02,0.97,0.03,0.98,0.02,0.030000000000000027,0.97,0.030000000000000027,0.97,0.01,0.02,0.97
"Hello Elfrieda13, per your request, we have prepared your legal documents. You can access them via the following https://suburban-acid.biz. Please ensure you do so in a secure and private network space with the assigned 0143 for your confidentiality.",0.96,0.04,0.4,0.6,0.98,0.02,0.25,0.75,0.97,0.03,0.1,0.3,0.6
"This is Daisy Rory, the new chair of school sports. Hoping to make a difference",0.98,0.02,0.030000000000000027,0.97,0.99,0.01,0.99,0.01,0.99,0.01,0.08,0.9,0.02
"Dear Global Mobility Technician, to conduct a fair and unbiased evaluation process, you are kindly requested not to reveal any personal identification such as SSN 183 31 8388 or credit card number 1313290326725651.",0.97,0.03,0.040000000000000036,0.96,0.030000000000000027,0.97,0.98,0.02,0.98,0.02,0.02,0.03,0.95
We would like to congratulate Remington from 81406-7812 for her immense contributions to our program. The difference she has made in her neighborhood is invaluable.,0.4,0.6,0.07999999999999996,0.92,0.98,0.02,0.99,0.01,0.98,0.02,0.1,0.85,0.05
"On your first day at Berge - Gutkowski, Opal, you'll find your workstation set up with IP 4b59:bafb:fc4a:f55b:cdee:aaa8:47fb:6fad and MAC address 98:d4:90:55:70:3e.",0.97,0.03,0.15000000000000002,0.85,0.98,0.02,0.98,0.02,0.020000000000000018,0.98,0.02,0.08,0.9
"All information is subject to patient Genderflux Hirthe. Mr. Carter has scheduled her surgery on 4/67 by 11:15 PM. Her SSN is 915-30-8610 and lives on The Willows, Lake County. Balance remains $941.132k on her Money Market Account with account number 50288056. She has health questions related to her 66 please contact 71-378799-017466-6.",0.25,0.75,0.020000000000000018,0.98,0.06999999999999995,0.93,0.97,0.03,0.97,0.03,0.01,0.03,0.96
"Reminder: Mr. Brown, our team has scheduled a campus tour to evaluate student resources on 01/09/1947. We would like to include you in the group. Please confirm. Regards, Senior Metrics Officer.",0.97,0.03,0.12,0.88,0.98,0.02,0.98,0.02,0.98,0.02,0.15,0.8,0.05
The art and culture trip Suite 219 has been finalized for the students. Details shared by 3ACL5yQENGioaySzEbuQrrw5W1XHahm79HQnwHj.,0.88,0.12,0.95,0.05,0.15000000000000002,0.85,0.97,0.03,0.97,0.03,0.12,0.06,0.82
"Dr. Klein, There is a new ADHD therapy group session. Consider joining us. We can talk through the logistics at length. Check out > https://vivacious-kinase.info for more details. Or call at (46) 0515-3480.",0.050000000000000044,0.95,0.12,0.88,0.98,0.02,0.98,0.02,0.97,0.03,0.08,0.88,0.04
Visit Alisa Passage between 9 AM and 1 o'clock to collect your child's annual progress report.,0.88,0.12,0.92,0.08,0.99,0.01,0.99,0.01,0.99,0.01,0.85,0.14,0.01
"Notice: Stiedemann, Hayley Male is due for a follow-up on current psychopharmacological treatment. Scheduled on 1982-09-27T17:49:57.292Z at 11 AM",0.97,0.03,0.030000000000000027,0.97,0.99,0.01,0.99,0.01,0.99,0.01,0.03,0.82,0.15
"Hey Roman, please purchase the new downtown parking pass (it's tax deductible). Use our company card number 8846179165137946.",0.97,0.03,0.15000000000000002,0.85,0.030000000000000027,0.97,0.98,0.02,0.98,0.02,0.02,0.05,0.93
"Good Day, Transgender female, we need to contact the teacher for Arvid, who is visually impaired with a Eye color: Brown, to discuss an IEP update.",0.98,0.02,0.06999999999999995,0.93,0.99,0.01,0.99,0.01,0.99,0.01,0.10000000000000002,0.8200000000000001,0.08000000000000002
Order confirmation from Orthopedics store: Your order for specialized orthopedic equipment has been placed successfully. Your credit card 7473377039885588 has been charged ƒ.,0.97,0.03,0.97,0.03,0.020000000000000018,0.98,0.98,0.02,0.98,0.02,0.01,0.02,0.97
"Dear Evan, our records show you missed your appointment yesterday. Kindly reschedule at your earliest convenience via email at Violet_Bernhard87@yahoo.com.",0.030000000000000027,0.97,0.06999999999999995,0.93,0.99,0.01,0.99,0.01,0.99,0.01,0.03,0.94,0.03
"The malpractice case file for Linnea lists an injury incurred during a medical procedure conducted at [-88.429,104.6842]. Compensation is being processed through an account with Kwacha. The associated 34R8Y15RARHLwgmuC8bZGHcVEg5bbZ has been identified for the same.",0.97,0.03,0.09999999999999998,0.9,0.19999999999999996,0.8,0.97,0.03,0.12,0.88,0.02,0.08,0.9
Your SSN (last 4 digits) (**-***-75677455880) has been updated for our vaccination drive. Use number 53-483143-844413-8 for further communications.,0.7,0.3,0.28,0.72,0.95,0.05,0.97,0.03,0.30000000000000004,0.7,0.05,0.15,0.8
Just had an update from Susanna: her recovery from the hamstring surgery is going well. She still maintains a disciplined diet and listens to her body. You can reach her at 002-3503-5666 to schedule the next visit.,0.030000000000000027,0.97,0.09999999999999998,0.9,0.98,0.02,0.98,0.02,0.98,0.02,0.03,0.9,0.07
"Once you have provided us with the necessary information, we will begin drafting the contract related to your car KU75ODL with Vehicle Identification Number (VIN) V0WUJGK8BDDA46000, which requires your SSN 878 69 5499 for identification purposes.",0.98,0.02,0.030000000000000027,0.97,0.97,0.03,0.98,0.02,0.020000000000000018,0.98,0.01,0.02,0.97
Your scheduled appointment with 4756310541977245 for consultation at 53136 has been confirmed.,0.6,0.4,0.95,0.05,0.25,0.75,0.97,0.03,0.97,0.03,0.15,0.12,0.73
Intensive Care Unit team meeting scheduled tomorrow at Runolfsson Mission main HQ. All members please be available online at 415d:40ce:acb2:4a13:40da:c8db:8b73:cdef.,0.97,0.03,0.96,0.04,0.99,0.01,0.99,0.01,0.040000000000000036,0.96,0.06,0.06,0.88
"At 2221, our team has the best Division professionals utilizing their tech and creative skills to advocate for alternative medicine. I want you to join our team. We pay around ₱646,902.54 for internships.",0.97,0.03,0.97,0.03,0.98,0.02,0.99,0.01,0.99,0.01,0.95,0.04,0.01
Sports psychology is essential for athletes of all 81 years old and isn't defined by physical characteristics like 118 cm or foot size.,0.98,0.02,0.97,0.03,0.99,0.01,0.99,0.01,0.99,0.01,0.95,0.04,0.01
"We have identified a potential issue with one of our automated payment process. The system flagged a suspicious transaction involving DKK, the Zambian Kwacha. Could you please check the transaction logs?",0.99,0.01,0.98,0.02,0.97,0.03,0.99,0.01,0.99,0.01,0.96,0.03,0.01
"Hi Bettye Kyle Durgan, here's a quick rundown of the financials concerning the Checking Account. Please access using the dedicated 0e0f:5b0a:9236:fffe:733a:a3ac:ccd5:fa5f IP, and your provided KGxkS3LsYcES.",0.97,0.03,0.020000000000000018,0.98,0.92,0.08,0.06999999999999995,0.93,0.030000000000000027,0.97,0.01,0.04,0.95
"Dear Ricky, the new classroom management strategy will be implemented on 1924-12-04T22:36:42.463Z, please ensure classrooms align with this strategy. For compliance, please login to 0xf4eec4ed85d4aabca82452b0e88939e49bd5be8d with password pdF1y22YNsfG.",,,,,,,,,,,,,
"Our occupational therapist specifically focusing on Functionality tasks, would like to have a conversation with you. You can contact them at +993-816-282-5114.",0.040000000000000036,0.96,0.95,0.05,0.99,0.01,0.99,0.01,0.99,0.01,0.08,0.88,0.04
"Hello, Emiliano. We've updated our terms of financial aid. Review them through the link sent to your email (Sally_Hettinger0@hotmail.com).",0.030000000000000027,0.97,0.050000000000000044,0.95,0.98,0.02,0.99,0.01,0.99,0.01,0.02,0.93,0.05
"Dear Cisgender female, we are pleased to inform you about our expanded palliative care services available in South Lisandrofort. For convenience, we've set up a webpage (https://well-off-condominium.biz) where you can make appointments. Feel free to contact us anytime.",0.97,0.03,0.95,0.05,0.99,0.01,0.99,0.01,0.99,0.01,0.9,0.08,0.02
"For the upcoming conference on Developmental Psychology, we'd like you to prepare a research paper on the impact of digital technology on early cognitive development. Please send your draft to the email General_Roob38@yahoo.com and make sure it's ready for review by 1922-03-08T05:44:15.469Z, 23:06.",0.040000000000000036,0.96,0.9,0.1,0.98,0.02,0.98,0.02,0.98,0.02,0.08,0.88,0.04
"We foresee a progressive academic year for your child. At any point if you require information, please contact our Senior Functionality Engineer via Jarvis.Tromp-Grant@hotmail.com and mention the last 4 digits of the card used for payment (2309324462496913).",0.030000000000000027,0.97,0.25,0.75,0.040000000000000036,0.96,0.97,0.03,0.98,0.02,0.01,0.05,0.94
"Sherwood, regarding your addiction treatment, we will need your phone IMEI: 99-295036-978941-3 for making necessary updates in the application.",0.97,0.03,0.12,0.88,0.98,0.02,0.98,0.02,0.030000000000000027,0.97,0.01,0.04,0.95
"Dear Demiflux, your DNA test results are ready. Download via our client with Mozilla/5.0 (X11; Linux x86_64 AppleWebKit/538.2.1 (KHTML, like Gecko) Chrome/33.0.825.0 Safari/538.2.1 on your 26-306262-643222-5 device. Purchase link is 3dzyicJgeg1y4K3D9p1QThXnew1WHzBYFp5. Total comes to ₡2852472133746746 on 2126804230620835. Need SSN 788 95 4054 to proceed.",0.96,0.04,0.030000000000000027,0.97,0.050000000000000044,0.95,0.97,0.03,0.020000000000000018,0.98,0.01,0.02,0.97
The Tyne and Wear Public Library will be under renovation from 1944-05-14T19:55:00.602Z. Details have been viewed and approved by Producer. Concerns are to be reported via 163.128.75.175. Reimbursements will be made to XK921214500500790905.,0.96,0.04,0.96,0.04,0.050000000000000044,0.95,0.98,0.02,0.050000000000000044,0.95,0.03,0.03,0.94
"Vacc stnd at 3833, Suite 93892441-1048 accepting PAB (Riel).",0.7,0.3,0.9,0.1,0.95,0.05,0.97,0.03,0.97,0.03,0.65,0.3,0.05
"Drew, we have allocated resources for your upcoming Arts in Education events in Dumfries and Galloway. For transaction confirmations, please call 28-666371-435913-0.",0.15000000000000002,0.85,0.12,0.88,0.85,0.15,0.98,0.02,0.98,0.02,0.08,0.78,0.14
"The clinical trial report has been uploaded securely, linked to 04851641. It also contains data on a 41 old participant.",0.88,0.12,0.8,0.2,0.97,0.03,0.98,0.02,0.98,0.02,0.65,0.18,0.17
"Attention, as International Branding Architect we are considering outsourcing some of our operations. Use your expertise to conduct a risk analysis, keeping an eye on our 1vkQ8r9M7reLnGJBxRcxVAdz9G27N and other assets. This information should help make a more informed decision. Use SFoT0ov9F_AR for accessing our proprietary information.",0.97,0.03,0.96,0.04,0.19999999999999996,0.8,0.15000000000000002,0.85,0.97,0.03,0.06,0.04,0.9
"In terms of funding, private schools often rely on tuition fees and private contributions, and some even accept Turkish Lira or 337BBrpjG1TRqKTZz6a48geyhcFi.",0.97,0.03,0.97,0.03,0.28,0.72,0.98,0.02,0.97,0.03,0.25,0.05,0.7
"As mentioned during our consultation, this payment is due $641548.27. Please send it to the banking address FO3945830600900393. The transaction should show up under your credit card 0359661333762537.",0.97,0.03,0.97,0.03,0.010000000000000009,0.99,0.98,0.02,0.98,0.02,0.01,0.02,0.97
"Robyn, we noticed unusual health data marked by 4b6d:fbd7:73ff:51aa:d389:578f:5e86:6bcf. Confirm your identity by entering 4812, and use 3JQKLXBayPa4 to secure your account. Your privacy is our utmost priority.",0.97,0.03,0.09999999999999998,0.9,0.97,0.03,0.040000000000000036,0.96,0.050000000000000044,0.95,0.01,0.03,0.96
"Mark 1913-11-01T07:09:51.021Z in your calendar! You're invited to our Annual Learning Disabilities Conference at [71.7792,-10.5362]. Payment on 1QmWCs6oyF6uYfBSu2V7apMXsvaAHBJnTu.",0.97,0.03,0.95,0.05,0.040000000000000036,0.96,0.98,0.02,0.06999999999999995,0.93,0.03,0.04,0.93
"Mr/Ms 4940760592594284, we observed unusual internet activity linked to 9b90:3aeb:3a82:5efe:bbe7:74cc:2e1f:a9ab. May we request to discuss this matter after class?",0.97,0.03,0.92,0.08,0.30000000000000004,0.7,0.98,0.02,0.040000000000000036,0.96,0.03,0.05,0.92
There's been a change in your Personal Loan Account details. Please confirm the amendments with our National Solutions Representative.,0.98,0.02,0.98,0.02,0.98,0.02,0.99,0.01,0.99,0.01,0.95,0.04,0.01
"Hello Camron, managed to secure a therapy appointment for you. You're required to make payments through Home Loan Account. Once done, please update me through Kendrick.Sawayn78@yahoo.com.",0.030000000000000027,0.97,0.050000000000000044,0.95,0.94,0.06,0.98,0.02,0.98,0.02,0.03,0.9,0.07
"Hello Brady, Vandervort - Tromp organizes Program internships tailored for Future Planner. Your Edwin.Ebert credentials are needed for application on https://truthful-chateau.net. Kindly apply before 04/12/1999.",0.95,0.05,0.06999999999999995,0.93,0.98,0.02,0.92,0.08,0.97,0.03,0.1,0.8,0.1
"Annetta, the fund for volunteering work has amount in Iranian Rial. Contribution accepted via BHD. VG2048890338560045200579 needed for transactions.",0.97,0.03,0.15000000000000002,0.85,0.040000000000000036,0.96,0.98,0.02,0.98,0.02,0.02,0.05,0.93
We are a mental health advocacy group from Emilia-Romagna. Our motto is to provide support and spread awareness about mental health. Kindly contact me via email Investment Account.,0.9299999999999999,0.07,0.95,0.05,0.95,0.05,0.98,0.02,0.98,0.02,0.85,0.11,0.04
"For easy access to your exam results, register your 175.53.233.208 with the campus network. Remember to use a secure VKIDmEwlkxgu though.",0.97,0.03,0.97,0.03,0.98,0.02,0.4,0.6,0.040000000000000036,0.96,0.04,0.06,0.9
"I got in touch with an expert in child psychology from Colin Shoal, she works with kids who are about 70.",0.97,0.03,0.55,0.45,0.99,0.01,0.99,0.01,0.99,0.01,0.55,0.43,0.02
"Currently treating Two-spirit, aged 34, coming off narcotics. Conducted several successful therapy sessions. Contact 00-677357-620128-5 for subsequent appointment. Report progress via IP 34cc:fbdd:1b5e:7edb:aaca:68bd:bd47:cefc. Reserve anonymity via Mozilla/5.0 (Macintosh; Intel Mac OS X 10_8_0 rv:4.0; CA) AppleWebKit/535.2.1 (KHTML, like Gecko) Version/7.1.2 Safari/535.2.1. Bill fees to 24024758.",,,,,,,,,,,,,
We have received an update regarding the current status of Desmond for our upcoming child custody case. Could you please provide us the necessary permissions to gain access to the username: Oswaldo.Franey and password: 77t8SlgY9OD_ following our usual security process?,,,,,,,,,,,,,
"As a medical Specialist, I am writing to discuss a case that occurred on 7:32 PM. The patient, whose SSN is 783 28 3413, did not give her consent for the proposed treatment.",0.98,0.02,0.030000000000000027,0.97,0.98,0.02,0.99,0.01,0.98,0.02,0.01,0.03,0.96
"Hello, looking for financial opportunities for my studies. I'm a Female aged 38 from State Prince Edward Island.",0.98,0.02,0.95,0.05,0.99,0.01,0.99,0.01,0.99,0.01,0.9,0.09,0.01
"To facilitate a room inquiry at 851 during our team learning session on educational leadership, connect with Trystan at 031.948 2634.",0.040000000000000036,0.96,0.09999999999999998,0.9,0.98,0.02,0.98,0.02,0.98,0.02,0.05,0.9,0.05
"Hello Sonya, our database of 61:c0:6e:82:89:cc generated from DEVICE_NAME_# shows occupation floors are not meeting safety standards. We'll need administration (Administrator) to look into this. Respond as soon as possible.",0.98,0.02,0.050000000000000044,0.95,0.99,0.01,0.99,0.01,0.040000000000000036,0.96,0.02,0.1,0.88
"Just a reminder Bertrand, the annual Healthcare Law Conference will be held at 9890 Trevor Pines, Liaville, Emilia-Romagna, 52906, at 15. RSVP by November 29, 1966.",0.4,0.6,0.09999999999999998,0.9,0.98,0.02,0.98,0.02,0.97,0.03,0.1,0.85,0.05
"This email sent from Mozilla/5.0 (Windows; U; Windows NT 5.1)AppleWebKit/531.2.0 (KHTML, like Gecko) Version/5.1.9 Safari/531.2.0 requires your attention. Bradley, as our Product Solutions Orchestrator could you provide a report on Personal Loan Account STEM education initiatives?",0.98,0.02,0.09999999999999998,0.9,0.97,0.03,0.99,0.01,0.050000000000000044,0.95,0.04,0.16,0.8
"Holden O'Reilly, I'm pleased to announce that Kessler - Okuneva has approved the education funding for this year. An amount of $0.2574m will be transferred to your account 98689057. For further queries, please email at Caleb90@gmail.com.",0.030000000000000027,0.97,0.020000000000000018,0.98,0.06999999999999995,0.93,0.98,0.02,0.98,0.02,0.01,0.08,0.91
"Dear Cleora with Grey eyes, a profile picture is needed for the course ID.",0.98,0.02,0.06999999999999995,0.93,0.99,0.01,0.99,0.01,0.99,0.01,0.08,0.88,0.04
Medical imaging orders have come from our branch at St. Cloud. The transactions are to be made in Rupiah to be transferred using the following IBAN VG687X3E0912007092082601.,0.97,0.03,0.97,0.03,0.030000000000000027,0.97,0.98,0.02,0.98,0.02,0.03,0.03,0.94
Contact ICU patient 770-97-4162's insurance at Checking Account for payment. Invoice to 85369-0651.,0.5,0.5,0.15000000000000002,0.85,0.75,0.25,0.97,0.03,0.97,0.03,0.05,0.15,0.8
The clinical trial data is encrypted and stored away securely. Use password Zzk3Wiojw9Du to access it later. Remember to use connected device c8:12:0e:50:ff:dd.,0.98,0.02,0.97,0.03,0.98,0.02,0.020000000000000018,0.98,0.040000000000000036,0.96,0.01,0.02,0.97
Has there been an update on the Clwyd area franchise? It's part of your Division department assignment.,0.98,0.02,0.97,0.03,0.99,0.01,0.99,0.01,0.99,0.01,0.95,0.04,0.01
Prosacco Drives zoning laws have recently changed. You may need to reconsider your development plans based on the new Brittany guidelines.,0.9,0.1,0.65,0.35,0.98,0.02,0.98,0.02,0.97,0.03,0.62,0.35,0.03
"Inventory alert: Low on essential ICU supplies at Apt. 675. Finance, please release ₺49636.49 for procurement.",0.8,0.2,0.97,0.03,0.96,0.04,0.99,0.01,0.98,0.02,0.78,0.19,0.03
"""Hello Mr. Labadie, we are preparing a case involving a client, Coby_Simonis76, and need you to research the current laws regarding intellectual property in North Rhine-Westphalia. Please email your findings to Bridie.Vandervort@gmail.com.""",0.030000000000000027,0.97,0.040000000000000036,0.96,0.98,0.02,0.98,0.02,0.98,0.02,0.03,0.92,0.05
"Hello Jabari, I need a home visit for my dad. He is 13 years and recently underwent a surgery. Our address is Parisian Throughway 76966 Suite 737. I look forward to hearing from you.",0.040000000000000036,0.96,0.09999999999999998,0.9,0.99,0.01,0.99,0.01,0.99,0.01,0.03,0.92,0.05
Hello Androgynous. Your Monty_OConner will be ready to check your Auto Loan Account with us for 530.5235k.,0.97,0.03,0.21999999999999997,0.78,0.92,0.08,0.98,0.02,0.98,0.02,0.25,0.65,0.1
3288 McClure Glens primary care unit is ready to receive Female patient by 6 PM. Confirmation via 57-120634-567540-1.,0.6,0.4,0.8,0.2,0.95,0.05,0.97,0.03,0.97,0.03,0.5,0.4,0.1
"Hi, Dakota. Please, confirm your participation in the parent-teacher meeting which is scheduled for today at 16:48. It is crucial to discuss Miguel's recent behavior in the classroom.",0.98,0.02,0.050000000000000044,0.95,0.99,0.01,0.99,0.01,0.99,0.01,0.1,0.87,0.03
What legal steps can Eleanora24 take with regards to Operations discrimination claim?,0.97,0.03,0.44999999999999996,0.55,0.98,0.02,0.98,0.02,0.98,0.02,0.45,0.52,0.03
"""Marlon, it has been reported that your mathematical model mirrors Magnolia's. As an Designer, you're aware of the consequences of plagiarism.""",0.98,0.02,0.06999999999999995,0.93,0.99,0.01,0.99,0.01,0.99,0.01,0.1,0.87,0.03
"We've noticed Bahringer, Casper and Bashirian has been aggressively pursuing the Northeast market. Do we need an aggressive response?",0.98,0.02,0.94,0.06,0.99,0.01,0.99,0.01,0.99,0.01,0.92,0.07,0.01
"Looking into the digital forensics of Arturo_Feil, we found that he was paid $836444.59 in cryptocurrency to 0x0b1a2def752abc64df3b0cd89fa5d29fdbf58cf6 from 137.198.24.216. We suspects he was involved in illicit activities on the website https://organic-regulator.info.",0.96,0.04,0.06999999999999995,0.93,0.020000000000000018,0.98,0.98,0.02,0.030000000000000027,0.97,0.01,0.02,0.97
5. Building insured under Jaydon Murphy's name (building number 836 on N Bridge Street) experienced fire damage. Claim of Solomon Islands Dollar110.4523k made.,0.19999999999999996,0.8,0.030000000000000027,0.97,0.97,0.03,0.99,0.01,0.98,0.02,0.05,0.85,0.1
Updates needed on 76-781897-294195-7 study material distribution on 22/10/1912. Send info to Urban.Bernhard-Strosin8@yahoo.com.,0.030000000000000027,0.97,0.5,0.5,0.8,0.2,0.97,0.03,0.97,0.03,0.04,0.6,0.36
"Contact 81 years Male patient, Nikita for the next stage of cognitive therapy",0.98,0.02,0.09999999999999998,0.9,0.99,0.01,0.99,0.01,0.99,0.01,0.1,0.85,0.05
Your recent transaction from 3dhh3jfzzTk97pHEMgYznWa3wXFPBs53aftiTn to purchase educational assessment tool has been noted. A confirmation email has been sent to Adam11@hotmail.com.,0.030000000000000027,0.97,0.7,0.3,0.06999999999999995,0.93,0.98,0.02,0.98,0.02,0.02,0.08,0.9
"""Due to a complaint on the fraudulent activity from the 3fL7NwyfSEQxkHimkwb7uq93wWNSeY9, an arbitration process is in progress and your Executive position is involved in it.""",0.97,0.03,0.96,0.04,0.09999999999999998,0.9,0.98,0.02,0.97,0.03,0.08,0.05,0.87
"Hello Team, please find attached a copy of the school behaviour policy. Note that the policy comes into effect from 1973-06-19T17:33:27.120Z. For more details, visit our website at https://cuddly-habitat.name/.",0.98,0.02,0.97,0.03,0.99,0.01,0.99,0.01,0.98,0.02,0.94,0.05,0.01
"Hi Oliver, I hope this message finds you well. In light of your mental health concerns, we'd like to offer specialized telehealth sessions starting from 1956-12-07T01:05:39.198Z. Your privacy during therapy is paramount and we will be using secure communication channels Mozilla/5.0 (Windows NT 6.1; Win64; x64; rv:13.0) Gecko/20100101 Firefox/13.0.7.",0.97,0.03,0.09999999999999998,0.9,0.98,0.02,0.98,0.02,0.050000000000000044,0.95,0.03,0.17,0.8
We have noticed unusually frequent transactions of amount MZN 2000 from your account number 70380838. Please verify the transactions.,0.97,0.03,0.97,0.03,0.040000000000000036,0.96,0.98,0.02,0.98,0.02,0.03,0.05,0.92
"Dear Mack, could you please confirm if your Litecoin address is LR6i4SmA1CAf3hj5bsAnfivNxR? It is needed for your incoming refund.",0.97,0.03,0.15000000000000002,0.85,0.030000000000000027,0.97,0.99,0.01,0.99,0.01,0.01,0.04,0.95
Scheduled meeting with General on 14th November to plan out their motor skill relearning process. Please call at 6321 921.1441 to confirm the appointment.,0.050000000000000044,0.95,0.6,0.4,0.98,0.02,0.98,0.02,0.98,0.02,0.07,0.86,0.07
I'm your new Forward Directives Executive in the Oncology department. Please use this IP 6f3a:1c3c:9bff:ec25:1b74:5dab:eb2f:f3bf to consult your upcoming appointment.,0.97,0.03,0.97,0.03,0.99,0.01,0.99,0.01,0.030000000000000027,0.97,0.03,0.04,0.93
"To Halle, our study support team has noticed unusual activity from 1f7e:abb2:15c8:03bf:ee87:c5b7:ccf0:7bbd on your account. Please confirm if it's you.",0.97,0.03,0.15000000000000002,0.85,0.98,0.02,0.98,0.02,0.030000000000000027,0.97,0.02,0.13,0.85
"Could you update patient information? Middle name: Hayden, SSN:756.4374.9434, Sex: Male DOB:1936-04-20T12:30:45.425Z.",0.98,0.02,0.020000000000000018,0.98,0.98,0.02,0.98,0.02,0.98,0.02,0.01,0.03,0.96
"Hello Donnell, For security purposes, this is a reminder that payments from Personal Loan Account to Sauer, Mayert and Bernhard is only possible via BIC FFSCMSUU.",0.97,0.03,0.12,0.88,0.06999999999999995,0.93,0.98,0.02,0.98,0.02,0.03,0.1,0.87
"Hello, you've been an amazing influence on your peers this past week Cassie. The Math tutoring scores especially have been exceptional. Keep the updates in your school account ending with 90954993.",0.97,0.03,0.09999999999999998,0.9,0.85,0.15,0.97,0.03,0.98,0.02,0.1,0.75,0.15
"Aubrey, it's only a few days until your test. I've noted that your payment has been made from the account 53539012 in the amount of Bs535875.34",0.97,0.03,0.09999999999999998,0.9,0.06999999999999995,0.93,0.98,0.02,0.98,0.02,0.03,0.07,0.9
"The board wants an immediate sales forecast for the next six months. Use this _113.153.190.15_ address to access the main data server. If you need access to the financial account, use the _Investment Account_ and the account number _79700455_.",0.97,0.03,0.96,0.04,0.06999999999999995,0.93,0.96,0.04,0.040000000000000036,0.96,0.02,0.04,0.94
"A successful transaction notice from your maestro to PS04153O500607532520019071005 has been notified for a value of FJD¥8273696025145460. This confirms your palliative care package purchased on June 8, 1903.",0.97,0.03,0.94,0.06,0.050000000000000044,0.95,0.98,0.02,0.98,0.02,0.04,0.04,0.92
"Hello Male, here are your mathematics results for roll number 1443057624100916.",0.97,0.03,0.55,0.45,0.97,0.03,0.98,0.02,0.98,0.02,0.5,0.4,0.1
"Congratulation Jayson, Your application to participate in our clinical trial in Identity has been accepted. Please report at 307, Schmidt Prairie on 1st July at 8:19 AM.",0.4,0.6,0.09999999999999998,0.9,0.98,0.02,0.98,0.02,0.97,0.03,0.12,0.83,0.05
"We're organising a conference for Infectious Diseases at Calhoun County. For those using satellite navigation to locate the venue, please use the following GPS coordinates: [61.6208,-42.5745].",0.95,0.05,0.96,0.04,0.98,0.02,0.98,0.02,0.35,0.65,0.4,0.1,0.5
Use updated SA65730C6526993296ZD5271 to refund patient 83225563 for cancelled check up.,0.98,0.02,0.7,0.3,0.06999999999999995,0.93,0.98,0.02,0.98,0.02,0.04,0.06,0.9
"Concerning the Maths study group of 76594, a reminder to submit all feedback at 0x74faf200ec986dfdce0dde9e429c58f5cc4cd31c using your Mozilla/5.0 (Macintosh; U; Intel Mac OS X 10_6_2 rv:2.0; FA) AppleWebKit/536.0.1 (KHTML, like Gecko) Version/5.0.10 Safari/536.0.1. This will help enhance our future online discussions.",0.65,0.35,0.95,0.05,0.050000000000000044,0.95,0.97,0.03,0.030000000000000027,0.97,0.02,0.03,0.95
"Hello everyone, I am currently facing certain challenges regarding my 63 years old old son's Learning Disabilities. I would like to share this through a blog post. If you are interested, connect with me at Stefanie.Kautzer36@yahoo.com.",0.020000000000000018,0.98,0.15000000000000002,0.85,0.99,0.01,0.99,0.01,0.99,0.01,0.03,0.93,0.04
"New admission alert - age 92 patient, male with SSN 708-45-9580. Records to be updated punctually.",0.98,0.02,0.030000000000000027,0.97,0.98,0.02,0.98,0.02,0.98,0.02,0.01,0.03,0.96
"2. Legal Complaint: Cora Stiedemann alleges discriminatory dismissal from Developer. Company info: Wilkinson Group, Mosciski Run, Port Antoinettefield. Allegation details: Rylee fired due to Male identity. Lawyer contact: 58-795802-901510-4.",0.38,0.62,0.030000000000000027,0.97,0.8200000000000001,0.18,0.97,0.03,0.97,0.03,0.03,0.72,0.25
"Epidemiology data from your geo-coordinates [30.3625,165.4179] are alarming, Kathryne. Review your details via Mozilla/5.0 (Macintosh; Intel Mac OS X 10_9_3)  AppleWebKit/537.2.0 (KHTML, like Gecko) Chrome/13.0.841.0 Safari/537.2.0 and contact us on 33-590431-581093-6. We suggest an immediate health check.",0.18000000000000005,0.82,0.15000000000000002,0.85,0.85,0.15,0.98,0.02,0.030000000000000027,0.97,0.02,0.08,0.9
"Hello, We are proud to host a 'Women in STEM' seminar in your county Warwickshire. Looking forward to your presence.Rachelle from our Erdman, Johnson and Renner should have emailed the passes to Vella_Pacocha@hotmail.com.",0.030000000000000027,0.97,0.09999999999999998,0.9,0.98,0.02,0.98,0.02,0.98,0.02,0.03,0.92,0.05
The Oncology appointment for Lorine needs to be rescheduled due to unforeseen circumstances. An additional email has been sent to the address linked with IP c16e:48d6:d840:bd1d:ff56:26e8:c9fd:baeb.,0.96,0.04,0.06999999999999995,0.93,0.99,0.01,0.99,0.01,0.030000000000000027,0.97,0.02,0.13,0.85
"Our hospital is located in Sunnyvale, Bavaria. We focus on offering the best care to our patients, ensuring their safety is paramount. Please contact Ms. Abbott-Quitzon for any queries at 0288.52726697. You can find us at Broadway Street 899",0.030000000000000027,0.97,0.09999999999999998,0.9,0.98,0.02,0.98,0.02,0.98,0.02,0.05,0.88,0.07
"As you suggested, Treva, we're starting special Chemistry tutorials. Expenses can be charged to your card 9077459730276717. Agreed?",0.97,0.03,0.09999999999999998,0.9,0.030000000000000027,0.97,0.98,0.02,0.98,0.02,0.02,0.05,0.93
Scheduled a call with Darlene to discuss the new business analytics report. Join us via the link sent to Makenna_Schneider@gmail.com.,0.030000000000000027,0.97,0.050000000000000044,0.95,0.99,0.01,0.99,0.01,0.99,0.01,0.03,0.94,0.03
"Hello Domingo, as a reminder, you have an appointment with us at 4:55pm on 04/12/1901. Please confirm your ability to attend by replying to this message or with a quick call to our office at 3979.901-4171.",0.30000000000000004,0.7,0.06999999999999995,0.93,0.98,0.02,0.98,0.02,0.98,0.02,0.05,0.9,0.05
"Dear Maddison, Your dental appointment is scheduled at McKenzie Brooks, building 698 facing Northwest on 14/10/2002. PLease carry policy 51684055 for smooth billing.",0.65,0.35,0.09999999999999998,0.9,0.9,0.1,0.97,0.03,0.97,0.03,0.1,0.7,0.2
"Based on our findings, our patients' height database (2.05 m range) is showing some significant trends. Let's analyze this data for the Health Informatics meeting, Edd.",0.98,0.02,0.30000000000000004,0.7,0.99,0.01,0.99,0.01,0.99,0.01,0.38,0.6,0.02
"Huels, we noticed a significant transaction in your account 64428333. As part of your estate planning, we would like to discuss how this might affect your current setup.",0.97,0.03,0.15000000000000002,0.85,0.09999999999999998,0.9,0.98,0.02,0.98,0.02,0.03,0.12,0.85
"""For your Value Proposition, consider insights gained from our user base located in Sengerstad, Grampian 81194-1926. Gather data from our server with IP Address 224.235.93.109.""",0.55,0.45,0.95,0.05,0.98,0.02,0.98,0.02,0.050000000000000044,0.95,0.1,0.2,0.7
"Hello Norberto, this is to confirm a payment receipt from the Money Market Account with 64272548 for the Swiss Franc94.9883k transaction executed at 17. Please, keep your transaction safe.",0.97,0.03,0.06999999999999995,0.93,0.09999999999999998,0.9,0.98,0.02,0.98,0.02,0.03,0.1,0.87
Our records indicate a missed appointment for Shaina Gray Bogan. Please contact our primary care unit to reschedule or confirm your next available date.,0.98,0.02,0.020000000000000018,0.98,0.99,0.01,0.99,0.01,0.99,0.01,0.03,0.92,0.05
"Ensure that your haven't missed any payment for your treatment in the Money Market Account. Like consistent surveillance of your d8db:b794:0abc:b6ab:e09d:6132:c2e8:4229 address adds to security, similar measures should be ensured in disease management.",0.98,0.02,0.98,0.02,0.96,0.04,0.99,0.01,0.030000000000000027,0.97,0.04,0.03,0.93
"The school library is offering a reward of S/. 5473958403471103 for the lost rare book. If found, please submit to the librarian or email Mozilla/5.0 (compatible; MSIE 7.0; Windows NT 6.2; Trident/3.1; .NET CLR 2.4.10465.3) for more information.",0.92,0.08,0.96,0.04,0.31999999999999995,0.68,0.97,0.03,0.050000000000000044,0.95,0.03,0.07,0.9
"A new insurance policy for employees aged 15 years old and above has been introduced. To know more, meet at our Apt. 194 branch",0.75,0.25,0.96,0.04,0.98,0.02,0.98,0.02,0.98,0.02,0.72,0.25,0.03
"""Dear Ocie, We're delighted to let you know that you've been selected for the regional debate competition. We will be contacting you shortly on 94-202591-469844-2. Sincerely, Representative - Wisoky, Jacobs and Swift""",0.15000000000000002,0.85,0.06999999999999995,0.93,0.97,0.03,0.99,0.01,0.98,0.02,0.05,0.85,0.1
"""Hi, as per our records, your meeting with your mentee (interested in Orchestrator) will be held soon. The mentoring program is organised by Welch Group and your session is on 22nd January. Please, confirm.""",0.98,0.02,0.97,0.03,0.99,0.01,0.99,0.01,0.99,0.01,0.93,0.06,0.01
There has been a minor change to your dental appointment. Your new appointment date is now 1987-07-18T17:31:20.783Z. Confirmation and other details have been forwarded to Luisa.Jacobson@hotmail.com,0.030000000000000027,0.97,0.15000000000000002,0.85,0.99,0.01,0.99,0.01,0.99,0.01,0.03,0.93,0.04
"Can you help in choosing a right therapy? Also, could you accept Bermudian Dollar (customarily known as Bermuda Dollar) as currency. Please send me the details through my associated email Matt_Borer@yahoo.com",0.030000000000000027,0.97,0.15000000000000002,0.85,0.97,0.03,0.98,0.02,0.98,0.02,0.04,0.9,0.06
"Access via Mozilla/5.0 (Windows; U; Windows NT 5.2)AppleWebKit/532.2.1 (KHTML, like Gecko) Version/7.0.1 Safari/532.2.1 to discuss matters of corporate governance will be on 16. For assistance connect via IP 135.191.94.208 and enter Password fXSYfrboCJN8.",,,,,,,,,,,,,
"Dear Female, this massage is to inform you that we have updated your account details with IP 02f1:a462:dff4:650a:dbe4:4efb:cac4:8206.",0.98,0.02,0.96,0.04,0.99,0.01,0.99,0.01,0.030000000000000027,0.97,0.03,0.05,0.92
There is an increase in chronic cases within 14911-9345 and 58843-3382. Francesco can you analyze the trends and provide a report on the impact and required steps for better management?,0.7,0.3,0.19999999999999996,0.8,0.97,0.03,0.98,0.02,0.97,0.03,0.35,0.6,0.05
"As a proud Cis female artist from Nidwalden, your contribution to the Arts in Education scheme has been commendable. Your piece has improved student learning and boosted creativity by 3feet4inches and beyond.",0.98,0.02,0.95,0.05,0.99,0.01,0.99,0.01,0.98,0.02,0.9,0.08,0.02
"As per the administrative law, it has come to notice that there are suspicious activities on cryptocurrency addresses, including bitcoin (38tto9p4DFGCDANSjPdjbLdyS3kWh) and litecoin (3kpgFHrtaoKqHkeynmqfpL2u7d). The activities occurred in the city of New Hunterboro, at the time 02.",0.97,0.03,0.96,0.04,0.040000000000000036,0.96,0.98,0.02,0.97,0.03,0.04,0.04,0.92
"Welcome Ena.Ritchie44! To secure your financial transactions during your internship, kindly provide your 4723133934671611 and 771 for our records.",0.96,0.04,0.21999999999999997,0.78,0.040000000000000036,0.96,0.92,0.08,0.98,0.02,0.02,0.04,0.94
Peer tutoring session with Arlie and Mavis is confirmed. Please check Roscoe_Feeney77@hotmail.com for details,0.030000000000000027,0.97,0.06999999999999995,0.93,0.99,0.01,0.99,0.01,0.99,0.01,0.03,0.93,0.04
"Dear Otha, please confirm that you have deposited the 977,015.01 Seychelles Rupee for your therapy session to our bank account with the BIC FCBMVEUI.",0.97,0.03,0.06999999999999995,0.93,0.040000000000000036,0.96,0.98,0.02,0.98,0.02,0.02,0.08,0.9
"Laurence Hoppe, our rehab specialist from Dicki - O'Conner will be at your secondary address Apt. 696 to start your physio sessions. Please have your diners_club card 1132551936355507 ready for timely payments.",0.4,0.6,0.020000000000000018,0.98,0.020000000000000018,0.98,0.98,0.02,0.98,0.02,0.01,0.03,0.96
"Dear Tito, don't forget the leadership workshop is scheduled for 1972-09-03T08:11:27.726Z. Hope to see you there, your rich experience would greatly contribute to the discussions. See you at the Marshall County venue.",0.97,0.03,0.15000000000000002,0.85,0.99,0.01,0.99,0.01,0.98,0.02,0.2,0.77,0.03
"Master class on identity development in adolescents by Hilda on https://alarmed-chocolate.biz/. For login issues, try with Camden74 and 2FPSPEAzL_NG.",0.95,0.05,0.15000000000000002,0.85,0.98,0.02,0.050000000000000044,0.95,0.97,0.03,0.03,0.07,0.9
"Fitness clearance needed for 47 years runner, send details to Suite 540.",0.85,0.15,0.95,0.05,0.99,0.01,0.99,0.01,0.99,0.01,0.82,0.16,0.02
"In regard to the Biodiversity Act, we have arranged a meeting at 20:46 tomorrow at 6239, Judy Glens. Please, confirm your attendance.",0.30000000000000004,0.7,0.85,0.15,0.98,0.02,0.99,0.01,0.98,0.02,0.37,0.6,0.03
"Hello Mr., during the last consultation, we diagnosed your child to grow at a rate that will reach a height of 3'4"" meters by adulthood. If there are any concerns, discuss with the dietician during the next appointment.",0.98,0.02,0.95,0.05,0.99,0.01,0.99,0.01,0.99,0.01,0.88,0.11,0.01
"Hello Ola, This is a reminder about your leadership coaching session scheduled at [-24.2214,-176.9407]. Please contact us if you have any queries.",0.96,0.04,0.15000000000000002,0.85,0.98,0.02,0.98,0.02,0.06999999999999995,0.93,0.03,0.12,0.85
"Local resident Brittany Bayer has asked for help on a Civil rights case involving McCullough, Weimann and Larkin. Look into this immediately.",0.98,0.02,0.030000000000000027,0.97,0.99,0.01,0.99,0.01,0.99,0.01,0.06,0.9,0.04
It's great news! Female in the demographic of 13 years old loved the trial version of the device.,0.99,0.01,0.97,0.03,0.99,0.01,0.99,0.01,0.99,0.01,0.95,0.04,0.01
"For device with IP 8d4d:f725:5810:7c9a:ebe5:f0d4:9c18:beed, please load surgical data of patient Two-spirit. Remember to apply patches for the upcoming operation.",0.98,0.02,0.8,0.2,0.98,0.02,0.98,0.02,0.040000000000000036,0.96,0.03,0.07,0.9
"Tyrese.Lynch12, we're pleased to inform you that we secured vaccine doses for 68 years old seniors, living in your area Sicily. To apply for our vaccination program, we need you to confirm your 07/07/1972 please.",0.94,0.06,0.040000000000000036,0.96,0.98,0.02,0.98,0.02,0.98,0.02,0.04,0.6,0.36
"Hello Orlo, the assessment you requested for 'Math in the Modern World' has been completed. For security, the results will be sent to your mail Morgan56@yahoo.com. Use OITz2rIqZnYw for accessing the mail on your device.",0.030000000000000027,0.97,0.15000000000000002,0.85,0.98,0.02,0.06999999999999995,0.93,0.98,0.02,0.02,0.08,0.9
Get our Executive on board to scrutinize animal law amendments crucial to our upcoming campaigns including the cases related to account 24945004.,0.98,0.02,0.97,0.03,0.55,0.45,0.98,0.02,0.98,0.02,0.5,0.08,0.42
"Dear Trigender, your participation for our Educational Leadership seminar in Configuration is confirmed. Please check your Personal Loan Account for the registration fee transaction.",0.98,0.02,0.5,0.5,0.95,0.05,0.99,0.01,0.99,0.01,0.5,0.45,0.05
"Leslie, your request for an extension on Marks Garden 14802 property tax will be discussed in the city council meeting on 1959-10-30T17:36:01.575Z. You can participate remotely via linking to 42.244.198.194.",0.4,0.6,0.19999999999999996,0.8,0.98,0.02,0.98,0.02,0.06999999999999995,0.93,0.03,0.22,0.75
Maiya has been appointed as the intervention lead for dealing with the current crisis at KHK8ZX6FA0AJ66924. You can reach him at 077-9600-0884.,0.030000000000000027,0.97,0.050000000000000044,0.95,0.97,0.03,0.98,0.02,0.19999999999999996,0.8,0.01,0.3,0.69
"We are hosting a tech event in New Janisstad on 21/03/1955 and we would like to welcome Alden, Forward Markets Technician from Champlin LLC. RSVP by 27th, and send any dietary requirements to Torrey_Kozey35@yahoo.com.",0.030000000000000027,0.97,0.09999999999999998,0.9,0.99,0.01,0.99,0.01,0.99,0.01,0.04,0.92,0.04
"I'm reaching out from Suffolk where we are organizing a student exchange program. For information, please contact our representative at 54.77.157.211.",0.8,0.2,0.96,0.04,0.98,0.02,0.98,0.02,0.09999999999999998,0.9,0.1,0.15,0.75
"Isle of Wight Trans Support Group for adults with learning disabilities: A platform to share and learn from different experiences. For registration, use Home Loan Account details along with 5006039168114486 for a fee of Trinidad and Tobago Dollar.",0.96,0.04,0.95,0.05,0.09999999999999998,0.9,0.97,0.03,0.98,0.02,0.08,0.05,0.87
"On 28/05/2015, we are planning to host a mathematics competition for students aged: 32 years.",0.98,0.02,0.97,0.03,0.99,0.01,0.99,0.01,0.99,0.01,0.95,0.04,0.01
"Good day Miss Stroman, your health policy having 08205951 is set to expire on 15/02/1913. Please check your Kirsten_Romaguera@yahoo.com for renewal instructions.",0.030000000000000027,0.97,0.050000000000000044,0.95,0.95,0.05,0.98,0.02,0.98,0.02,0.02,0.85,0.13
"I confirm I received the bank account information of Curt.Goodwin. For confirmation, his account number finishes with XXXXXX07133007 and his employment as Human Program Executive is noted. Please confirm the details.",0.97,0.03,0.050000000000000044,0.95,0.31999999999999995,0.68,0.98,0.02,0.98,0.02,0.02,0.38,0.6
"Kindly make sure to settle all dues of ﷼94847 related to your property at Edd Fort, 916. The property falls under account number 26435660.",0.31999999999999995,0.68,0.88,0.12,0.5,0.5,0.98,0.02,0.98,0.02,0.1,0.45,0.45
"Good day Kole, I encountered a technical issue while uploading our math curriculum to our school website. Could you please check the IP bf69:0344:b9d8:cc7a:b4fe:183d:08e5:df2b and figure out what could be the cause?",0.97,0.03,0.06999999999999995,0.93,0.99,0.01,0.99,0.01,0.030000000000000027,0.97,0.03,0.12,0.85
"Cordially invited to the inauguration of our Gifted Education Program in Ofeliaside. The events are organized outdoors in the Northeast part of the city. For information, follow https://pristine-nit.com.",0.97,0.03,0.97,0.03,0.99,0.01,0.99,0.01,0.98,0.02,0.94,0.05,0.01
"Parents, we have a need for volunteers. Anyone with skills in Director looking to give back, please come to our meeting or contact us at 53-422564-889303-8. We appreciate every parent's time and skillset.",0.4,0.6,0.97,0.03,0.88,0.12,0.98,0.02,0.98,0.02,0.4,0.52,0.08
"Dear Estell, to secure your PT sessions through the month of March 12, 1959, we added Ethereum as a payment option 0x7ff8cc7fbfebaa8806146d921adc6beb245c7fa1. We hope this provides more convenience.",0.97,0.03,0.06999999999999995,0.93,0.030000000000000027,0.97,0.98,0.02,0.98,0.02,0.01,0.05,0.94
"Haskell, received your recent global health report. There was an unusual login attempt from IP 163.23.56.130. Please verify.",0.97,0.03,0.31999999999999995,0.68,0.98,0.02,0.98,0.02,0.030000000000000027,0.97,0.03,0.12,0.85
"I am writing to confirm our appointment woman 30 years. Please contact me only at 66-898981-631807-2 for any necessary details prior to the session. If you have difficulty finding the building (89065, E 11th Street, 91947-0203), please use these coordinates for guidance: [23.0404,168.9381].",0.050000000000000044,0.95,0.92,0.08,0.97,0.03,0.98,0.02,0.06999999999999995,0.93,0.02,0.15,0.83
"Dear Ms., as a Developer at Sawayn - Bins, we would appreciate your insights on steering our focus towards psycho-oncology.",0.98,0.02,0.94,0.06,0.99,0.01,0.99,0.01,0.99,0.01,0.9,0.09,0.01
Great leadership in education often entails keeping track of all school's transactions. The account Investment Account has shown strange activity linked to FO1136670697354857. This needs to be assessed actively.,0.97,0.03,0.95,0.05,0.07999999999999996,0.92,0.98,0.02,0.98,0.02,0.06,0.04,0.9
"The latest higher education policy focuses on confidentiality. The policy primarily addresses cases involving sensitive information such as misuse of IP addresses like 75.108.50.194. Madyson, could you review this section with the team?",0.97,0.03,0.15000000000000002,0.85,0.98,0.02,0.98,0.02,0.050000000000000044,0.95,0.03,0.25,0.72
"Hello, Dr. Davis. Can you review this Cardiology research: https://uniform-courthouse.net/ ? Input needed by June 28, 1976. You can contact me on +51 49-407 5121 or alternately by email at Columbus25@yahoo.com.",0.020000000000000018,0.98,0.15000000000000002,0.85,0.98,0.02,0.98,0.02,0.97,0.03,0.03,0.9,0.07
"Please confirm the subscription of multivitamins for weightlifters. NZD has been transferred to LB4320071E53329954OBI7799282. Also, check out the data uploaded on our IP 59.26.185.229.",0.97,0.03,0.96,0.04,0.040000000000000036,0.96,0.98,0.02,0.040000000000000036,0.96,0.02,0.03,0.95
"To register for our program 'Tactics Towards Healing', you're kindly requested to complete the payment of 477923.44 Armenian Dram to our bank account CR60991121309691043089.",0.97,0.03,0.97,0.03,0.040000000000000036,0.96,0.99,0.01,0.99,0.01,0.04,0.04,0.92
"""We have received a notice of shipment that will be arriving at our Rosario Mall location. Please liaise with management and make the necessary arrangements for checking of goods against the bill of lading using the provided TWEHMZ3U and IL956468900051470091041 information.""",0.97,0.03,0.96,0.04,0.15000000000000002,0.85,0.6,0.4,0.97,0.03,0.1,0.05,0.85
"Dear parents, as a follow up to Metropolitan School Uniform Policy, we're conducting a survey. A vote transpired and the 'no uniform' policy is now up Southeast. More details in our latest browser Mozilla/5.0 (compatible; MSIE 7.0; Windows NT 5.3; Trident/3.0; .NET CLR 2.7.88186.2).",0.98,0.02,0.97,0.03,0.99,0.01,0.99,0.01,0.040000000000000036,0.96,0.08,0.04,0.88
"Hi Mr. Magali, your surgery scheduled for 12/08/2021 is now confirmed. The location will be 34853 Fisher Fords, Lake Veldacester. Please contact us on +375-350 764.9475 if you have further queries.",0.030000000000000027,0.97,0.06999999999999995,0.93,0.99,0.01,0.99,0.01,0.99,0.01,0.02,0.9,0.08
"Greetings, we're hosting an oncology seminar in Perth Amboy. Register using link sent to 41-540685-258202-0. Add the credential ytkuJfHwuMfP, and use diners_club card: num - 5358503942372248, CVV - 271.",0.4,0.6,0.8,0.2,0.020000000000000018,0.98,0.09999999999999998,0.9,0.97,0.03,0.01,0.02,0.97
"Dear Electa, this is a gentle reminder for your upcoming dermatology visit. We request your presence at [-35.5168,-119.0254].",0.94,0.06,0.15000000000000002,0.85,0.98,0.02,0.98,0.02,0.06999999999999995,0.93,0.03,0.12,0.85
"Hi Ole, just sending a quick reminder about the time management session scheduled tomorrow at 1. Looking forward to seeing you there!",0.98,0.02,0.09999999999999998,0.9,0.99,0.01,0.99,0.01,0.99,0.01,0.2,0.78,0.02
"In a recent medical breakthrough, the team led by Kenny Finley Stark, a Intranet specialist, discovered a direct correlation between height, with a specific focus on those about 3'3"", and health consequences. Please connect with him at Micheal.Nicolas70@hotmail.com.",0.020000000000000018,0.98,0.030000000000000027,0.97,0.99,0.01,0.99,0.01,0.99,0.01,0.03,0.93,0.04
"As per our discussion, the campaign will target Mecklenburg-Vorpommern and will utilise data from user 698b:1ff8:71f2:bf79:d1f7:634e:0bb2:ca56 for tailoring ads. For further details, reach out to Morton90@gmail.com.",0.040000000000000036,0.96,0.75,0.25,0.98,0.02,0.98,0.02,0.050000000000000044,0.95,0.03,0.2,0.77
Payment from 3671755443114085 was not successful on 2:45am. Privacy practices strictly adhered.,0.97,0.03,0.96,0.04,0.19999999999999996,0.8,0.98,0.02,0.98,0.02,0.17,0.05,0.78
"Dear Madeline, I'd like to see your proposed structure for the Mobility department. Draw from successful models in the industry and deliver the models via my email at Hoyt9@gmail.com.",0.030000000000000027,0.97,0.09999999999999998,0.9,0.99,0.01,0.99,0.01,0.99,0.01,0.04,0.93,0.03
"Hello Parents, we are donating books to the school library on September 24, 1936. Let's meet by [75.0705,-139.7597]. Thank you for your generosity.",0.97,0.03,0.88,0.12,0.98,0.02,0.98,0.02,0.050000000000000044,0.95,0.06,0.06,0.88
"The patient 75650683858, of Transexual woman gender, aged 32 came in for consultation on 1983-04-28T12:53:22.277Z. Complaints include high fever and severe fatigue. Preliminary tests scheduled.",0.97,0.03,0.5,0.5,0.97,0.03,0.98,0.02,0.98,0.02,0.25,0.3,0.45
Our Neuropsychology web portal is catered to professionals such as 78 years old old Austin Lockman. Do give online seminars using 2e:24:77:8a:8f:f8 equipment and provide user feedback.,0.97,0.03,0.040000000000000036,0.96,0.98,0.02,0.98,0.02,0.050000000000000044,0.95,0.02,0.13,0.85
Pending health issues at 78694-4161 are being monitored. Deviation from trends reported at 211.12.164.154 signified alarming health deterioration.,0.44999999999999996,0.55,0.96,0.04,0.98,0.02,0.98,0.02,0.040000000000000036,0.96,0.04,0.1,0.86
"Hello, This is Sedrick from Kling, Kuvalis and Herman. Just a reminder for your mental health assessment on 1999-03-15T23:01:39.417Z. In case of queries, please contact our office at 234.120.80.66.",0.6,0.4,0.15000000000000002,0.85,0.98,0.02,0.98,0.02,0.30000000000000004,0.7,0.05,0.4,0.55
"Hello Kelton, I need clarification regarding the legal implications of real estate transactions on 10/16 which will be conducted via Bitcoin. Please provide an advisory on this, considering the transaction will occur through the Bitcoin address 3QdaCwr51q8kriwmuGDyTHX1tm9oiXhDdriA.",0.97,0.03,0.15000000000000002,0.85,0.040000000000000036,0.96,0.99,0.01,0.98,0.02,0.02,0.05,0.93
Discovered suspicious activity on healthcare portal linked to 98:1e:14:4b:1f:94. Factors must initiate stringent cybersecurity measures. Additional funds allocated to Credit Card Account (00074609). Confidentiality of our Male members' records utmost priority. Tasks coordinated via 47-902385-127072-2 only.,0.96,0.04,0.8,0.2,0.19999999999999996,0.8,0.96,0.04,0.06999999999999995,0.93,0.03,0.05,0.92
"Hi Joany, logged my calorie intake in my Money Market Account, it’s going pretty well.",0.98,0.02,0.06999999999999995,0.93,0.97,0.03,0.99,0.01,0.99,0.01,0.1,0.85,0.05
"Greetings, I'm Dr. Dakota from Helencester. I'd like to share my thoughts on your new workbook. Can I email my feedback? Contact me at 61639076.",0.19999999999999996,0.8,0.12,0.88,0.98,0.02,0.98,0.02,0.98,0.02,0.1,0.86,0.04
Hi Reign. Thank you for being a part of our mindfulness therapy sessions. See you in Warwick!,0.98,0.02,0.09999999999999998,0.9,0.99,0.01,0.99,0.01,0.99,0.01,0.12,0.85,0.03
"We're organizing an occupational therapy seminar in O'Harastad, expected participants are Developer. Please confirm your attendance via this https://early-level.com. It will be helpful for your current role as Senior Directives Planner.",0.97,0.03,0.98,0.02,0.99,0.01,0.99,0.01,0.98,0.02,0.95,0.04,0.01
"I need a written report comparing our 5ZTMX5N8UBJ895880 and JQ35FIX models with those of our competitors in Washington County. Ensure the report is comprehensive and covers various aspects like design, efficiency, cost and customer feedback.",0.97,0.03,0.96,0.04,0.98,0.02,0.99,0.01,0.31999999999999995,0.68,0.32,0.06,0.62
"Llewellyn,  Padberg, Osinski and Christiansen offered to donate $532450.00 for mental health resources in Lueview schools. As Corporate Interactions Planner, can you manage? Reach out at +60 895 387-9353 or Leonard58@gmail.com by 1916-11-14T18:28:26.014Z. Best, Administrator Jonatan",0.020000000000000018,0.98,0.06999999999999995,0.93,0.97,0.03,0.98,0.02,0.98,0.02,0.03,0.9,0.07
"Pleasant days, dearest Marks. Psycho-oncology unit at Dicki, Schulist and Jakubowski invites you to our next meeting on 25/06/1990 at 2 o'clock. Please confirm your attendance by returning call at 04 08 00.87.59. Looking forward to seeing you. Best wishes, Lorenz.",0.040000000000000036,0.96,0.06999999999999995,0.93,0.98,0.02,0.98,0.02,0.98,0.02,0.05,0.9,0.05
"Hey Lina, I will be attending the seminar on learning disabilities in our city of North Marcelina. Would you like to join? I believe it'll be extremely useful for us to gather insights for our Product Identity Technician roles.",0.98,0.02,0.09999999999999998,0.9,0.99,0.01,0.99,0.01,0.99,0.01,0.25,0.73,0.02
"Dear Non-binary Ford, message from Boyer Group about your next geriatric check-up on 1947-12-28T12:21:10.530Z. Please bring along IBAN AT582898609220295565 for copay.",0.97,0.03,0.30000000000000004,0.7,0.020000000000000018,0.98,0.98,0.02,0.98,0.02,0.02,0.05,0.93
"Meeting regarding new testing norms is scheduled on 08/09/1907. Ensure presence. If unable to attend, email us via our website https://jittery-console.info. Don't forget to mention your 72882681!",0.94,0.06,0.85,0.15,0.96,0.04,0.9,0.1,0.97,0.03,0.72,0.15,0.13
"Interested in our mentorship program? For payment, use IE14833183238661838036, and for any queries, contact our District Accounts Engineer Kara Drew Feeney, she will guide you accordingly.",0.97,0.03,0.030000000000000027,0.97,0.030000000000000027,0.97,0.99,0.01,0.99,0.01,0.01,0.04,0.95
"Dear Muriel, Your request for educational funding has been approved. We will deposit €40,282.8 in your Investment Account number 53865950.",0.97,0.03,0.06999999999999995,0.93,0.06999999999999995,0.93,0.98,0.02,0.98,0.02,0.02,0.08,0.9
"All the employees in our Assurance department including Declan, are requested to join us for a conference call regarding an important update in our supply chain management. Kindly note that the call will take place at 04:28.",0.98,0.02,0.15000000000000002,0.85,0.99,0.01,0.99,0.01,0.99,0.01,0.2,0.78,0.02
You may pay for the personalized geriatric care from your account AT020801414070090451 through WMGDCVYZXXX banking system.,0.98,0.02,0.97,0.03,0.030000000000000027,0.97,0.99,0.01,0.99,0.01,0.02,0.03,0.95
"As per latest records, the credit card 7263443458660048 was last used at 19 for teacher training material purchase. Please note down it for bookkeeping, Eva.",0.97,0.03,0.15000000000000002,0.85,0.020000000000000018,0.98,0.98,0.02,0.98,0.02,0.01,0.03,0.96
"Greetings from our Admin Team. The payment process for education assessment tool has been initiated on your account Savings Account with CVV 705. For more information, check Dejon_Bashirian@gmail.com.",0.030000000000000027,0.97,0.15000000000000002,0.85,0.06999999999999995,0.93,0.97,0.03,0.98,0.02,0.01,0.06,0.93
"We have recently discovered several cases where certain digital properties of patients have been unethically exploited in the West Genoveva clinic. LbEiHRMySjjfGpGiNBWfz9bSyvtg details have been observed to be consistently targeted, leading to a breach in medical ethics.",0.97,0.03,0.95,0.05,0.30000000000000004,0.7,0.97,0.03,0.97,0.03,0.25,0.07,0.68
"Notice of Academic Dishonesty issued to Dejuan, SSN 786 15 5896. The IP address 7c0c:7bbd:aabc:cfee:bc07:43ae:caea:a876 was traced sharing test answers.",0.97,0.03,0.020000000000000018,0.98,0.98,0.02,0.98,0.02,0.030000000000000027,0.97,0.01,0.03,0.96
"Assistant, arbitration proceedings on account of account number 5751377555206444 have begun. We need your presence in court.",0.98,0.02,0.96,0.04,0.050000000000000044,0.95,0.99,0.01,0.99,0.01,0.03,0.03,0.94
"Mentioned Highlands and Islands-based patient, Lucy, made considerable progress in memory training session held on 1998-09-10T14:46:07.536Z. Recorded it under 64-821123-609347-3.",0.96,0.04,0.15000000000000002,0.85,0.9,0.1,0.98,0.02,0.97,0.03,0.05,0.6,0.35
"Brian, there was an unsuccessful login attempt with the password '0StLqZyYouE3' on your account at 14 from the IP address e1f2:254e:2547:a877:ddaa:f2ce:8c05:aefa. Could you please confirm that this action was done by you?",0.97,0.03,0.15000000000000002,0.85,0.98,0.02,0.030000000000000027,0.97,0.030000000000000027,0.97,0.01,0.03,0.96
"Hello Louie, your addiction therapy schedule for 11/91 is ready. Kindly confirm your attendance by sending a reply email.",0.97,0.03,0.06999999999999995,0.93,0.99,0.01,0.99,0.01,0.99,0.01,0.08000000000000002,0.8200000000000001,0.10000000000000002
Good News! Finance course fees dropped to $360185. Pay via Bitcoin at 3rBPHuzyQVJMLGqqWiFqLgpJCJHZWPXcsGr5GFEZ at the eaiest. Visit our site at https://sentimental-icing.net for more info.,0.97,0.03,0.97,0.03,0.040000000000000036,0.96,0.98,0.02,0.98,0.02,0.04,0.03,0.93
"Hello Helene, schedule your upcoming physical therapy sessions by logging in with Opera/12.32 (X11; Linux i686; U; PL Presto/2.9.183 Version/10.00). Complete the process using 3115476202224400 on our secured portal.",0.97,0.03,0.09999999999999998,0.9,0.30000000000000004,0.7,0.96,0.04,0.040000000000000036,0.96,0.01,0.09,0.9
"As part of Psycho-Oncology research, we would like to invite Male to female-identifying individuals aged 15 years old to participate. The research focuses on the impact of cancer on mental health. Meet us at 376 Rice Loop, New Treva, Valais, 64144.",0.30000000000000004,0.7,0.95,0.05,0.98,0.02,0.98,0.02,0.97,0.03,0.35,0.6,0.05
Syble Greer has been doing exceptionally well in all subjects. Keep encouraging him.,0.98,0.02,0.030000000000000027,0.97,0.99,0.01,0.99,0.01,0.99,0.01,0.05,0.92,0.03
"We have scheduled Two-spirit person patient Mitchell's operation on 19/01/1905. To discuss medical issues related to Brown, please call +76.984.787.5187. Trantow is required to settle her Credit Card Account account balance of R741,612.65",0.040000000000000036,0.96,0.050000000000000044,0.95,0.88,0.12,0.98,0.02,0.98,0.02,0.03,0.82,0.15
"Gage Alex Hodkiewicz, from Isle of Wight, identified by SSN: 953 88 7108, was involved in buying assignments via transactions from 1516708920797904. This is a severe violation of academic integrity.",0.97,0.03,0.010000000000000009,0.99,0.25,0.75,0.98,0.02,0.98,0.02,0.005,0.015,0.98
Reminder: A health check-up has been scheduled for all students residing in 111 Oak Lane. All 30 years years old students please take note.,0.4,0.6,0.94,0.06,0.99,0.01,0.99,0.01,0.98,0.02,0.42,0.55,0.03
The palliative care for Male patients in the Southwest wing begins today. Training is mandatory for all staff.,0.99,0.01,0.98,0.02,0.99,0.01,0.99,0.01,0.99,0.01,0.96,0.03,0.01
"Dear residents of N Monroe Street, please use your 8e:ab:bd:1b:44:a9 when registering for a vaccination appointment. Thank you.",0.88,0.12,0.96,0.04,0.98,0.02,0.97,0.03,0.050000000000000044,0.95,0.07,0.1,0.83
"Dear Trycia, congratulations, your progress through our Life Skills Course has been exemplary. For completion, please make the final payment to our account using 1648967265644695.",0.97,0.03,0.09999999999999998,0.9,0.06999999999999995,0.93,0.97,0.03,0.98,0.02,0.03,0.08,0.89
Child lost in our Early Childhood event found near the Northwest side area. Can anyone recognize him/her by Eye color: Brown?,0.98,0.02,0.97,0.03,0.99,0.01,0.99,0.01,0.98,0.02,0.9,0.08,0.02
"It is our responsibility to mold Nelda into a responsible individual with an understanding of emotions and relationships. For verification, please provide your 0264020580039396 and GEB4LVD70XRN55373 during the next parent-teacher meeting.",0.97,0.03,0.09999999999999998,0.9,0.15000000000000002,0.85,0.97,0.03,0.18000000000000005,0.82,0.02,0.06,0.92
"All students who are 26 years years of age, please attend the student engagement forum on PlayStation. The event will be held on the online platform Apt. 259.",0.88,0.12,0.95,0.05,0.98,0.02,0.98,0.02,0.97,0.03,0.85,0.12,0.03
"Here's the wifi MAC address for the life skills class 01:dd:27:9c:82:af. Male Gustave, can you note it in our online directory?",0.97,0.03,0.15000000000000002,0.85,0.98,0.02,0.98,0.02,0.040000000000000036,0.96,0.03,0.12,0.85
"Welcome, Intersex person participant! We’re excited to start the Wellness Journey to the NorthEast Northeast. Keep your 36-433964-318655-6 handy for the QR scans at each checkpoint.",0.97,0.03,0.5800000000000001,0.42,0.96,0.04,0.97,0.03,0.97,0.03,0.5,0.1,0.4
"Directives curriculum update meeting is tomorrow. Access via https://strict-loggia.net at 14:56. If network issues, please use IP d4fc:a0f0:c5da:63d1:c70d:5b2f:c81c:53a9. Efrain, share your inputs during the session.",0.95,0.05,0.15000000000000002,0.85,0.98,0.02,0.98,0.02,0.15000000000000002,0.85,0.04,0.36,0.6
"Dear Parent, if you support our STEM initiative, please donate in Chilean Peso to our Litecoin wallet at 311qCfvepogGxhNURhp6mtT9mRKAZMQun",0.97,0.03,0.97,0.03,0.030000000000000027,0.97,0.99,0.01,0.99,0.01,0.03,0.03,0.94
"Margret, your next appointment is on 20/12/1962 at our clinic near [67.3884,-155.786]. Please confirm by texting to 2685013911011443.",0.55,0.45,0.030000000000000027,0.97,0.44999999999999996,0.55,0.97,0.03,0.050000000000000044,0.95,0.02,0.08,0.9
"Ever tried flashcards, Wilfrid? They're great for memorizing. Use different cards for different topics. You can color code them for tracking. Print them at our college library located at Apt. 394.",0.7,0.3,0.15000000000000002,0.85,0.98,0.02,0.98,0.02,0.98,0.02,0.22,0.75,0.03
Could you please visit the URL https://funny-adapter.info and provide your perspective on the arguments presented on Human Rights laws and their implications on the judiciary system of the state of Jura? We would appreciate it if you could submit your findings by 23.,0.97,0.03,0.97,0.03,0.99,0.01,0.99,0.01,0.98,0.02,0.95,0.04,0.01
"Kellen from Northamptonshire, your informatics session is about to begin at 88.112.232.43.",0.97,0.03,0.12,0.88,0.98,0.02,0.98,0.02,0.040000000000000036,0.96,0.03,0.12,0.85
We've organised a virtual meet-and-greet for all franchisees on 14/10/1915. This will be an excellent opportunity to network and share your experiences. Please confirm your participation by sending an email to Grayce.Sipes-Hickle97@gmail.com.,0.030000000000000027,0.97,0.55,0.45,0.98,0.02,0.98,0.02,0.98,0.02,0.05,0.9,0.05
"Antone, kindly verify your identity via SSN 756.5696.3398. To continue the telemedicine services, please adhere to the telemedicine rules and regulations of your city Fort Dimitri.",0.97,0.03,0.020000000000000018,0.98,0.98,0.02,0.98,0.02,0.98,0.02,0.01,0.04,0.95
"Hello. The remedial classes will be starting on 27th November. For more details, please contact me via my email Armand26@gmail.com or call me at (16).1615 0663.",0.020000000000000018,0.98,0.25,0.75,0.99,0.01,0.99,0.01,0.99,0.01,0.03,0.94,0.03
"Policy update for handling risk due to IP location [0.0325,-154.101]. An employee (Tactics) of Kshlerin and Sons detected strange activity from bcrypt hashed passwords. Do not share your password, yvOq25PMVLJa.",0.97,0.03,0.92,0.08,0.98,0.02,0.040000000000000036,0.96,0.09999999999999998,0.9,0.02,0.03,0.95
"Dear 04/01/1968, Managing your career is a life-long process. We are here to support you at every stage of your career. Don't worry about e6f3:95c8:ffa6:1fbf:3ae6:ff2d:acf1:0bb7 and other technical things, that's our job.",0.97,0.03,0.25,0.75,0.98,0.02,0.98,0.02,0.040000000000000036,0.96,0.03,0.07,0.9
"""Dear Miss Waters, we received your inquiry about the newly implemented labor laws. To assist you better, could you please provide information about your current Engineer , and state Alabama? You can reply to this message or send an email to Jo.Dickinson@yahoo.com""",0.030000000000000027,0.97,0.09999999999999998,0.9,0.98,0.02,0.99,0.01,0.99,0.01,0.04,0.92,0.04
"We'd like to invite you to a law seminar in Fort Griffinworth. This event is hosted by Bailey, Smith and Konopelski and led by Miss Marlowe, a respected Central Intranet Assistant. Register at https://bountiful-c-clamp.info/.",0.95,0.05,0.09999999999999998,0.9,0.99,0.01,0.99,0.01,0.98,0.02,0.15,0.83,0.02
"Hello Isobel, please don't forget your upcoming treatment session scheduled on 25/11/1996. Please let us know if there are any changes.",0.98,0.02,0.06999999999999995,0.93,0.99,0.01,0.99,0.01,0.99,0.01,0.1,0.85,0.05
Miss Harris I wanted to draw your attention to a new tool that has proven quite effective in managing ADHD. Check it out on https://complex-bathrobe.name/. I will get in touch via the 06898-66188 on file.,0.050000000000000044,0.95,0.09999999999999998,0.9,0.98,0.02,0.98,0.02,0.98,0.02,0.04,0.9,0.06
"Dear Deondre, I'd be grateful if you could make the payment for Jarred's school trip. Please use our account number AT637604820080060273",0.97,0.03,0.030000000000000027,0.97,0.030000000000000027,0.97,0.98,0.02,0.98,0.02,0.01,0.04,0.95
"In an effort to standardize the higher education policy on financial aids, we have now extended the acceptable payment to include cryptocurrencies. Addresses that we are considering for the beginning include 3J2cY96iZWKmESmhc3FSBAFganGTv and 0x96e3bfeba43d6ab71653cec205a92aaff5fe0c09.",0.98,0.02,0.97,0.03,0.050000000000000044,0.95,0.98,0.02,0.98,0.02,0.06,0.04,0.9
Male with 5 feet 10 inches & Eye color: Green has shown considerable changes in their health upon using our newly recommended health protocol.,0.99,0.01,0.97,0.03,0.99,0.01,0.99,0.01,0.99,0.01,0.93,0.05,0.02
There's a credit card from issuer visa with number 9836797152485893 and CVV 226 for organizational expenses. It has ample limit for purchases so no further personal credit cards need to be used.,0.98,0.02,0.97,0.03,0.020000000000000018,0.98,0.97,0.03,0.98,0.02,0.02,0.03,0.95
Kathryne was awarded ﷼274017.12 worth of scholarship.,0.98,0.02,0.09999999999999998,0.9,0.97,0.03,0.99,0.01,0.99,0.01,0.12,0.84,0.04
"Albin we are hosting a webinar on Chronic Disease Management trends, the Mozilla/5.0 (Macintosh; U; PPC Mac OS X 10_10_6 rv:2.0; CO) AppleWebKit/531.0.0 (KHTML, like Gecko) Version/7.1.10 Safari/531.0.0 link for it will be sent to your 28687 office soon.",0.6,0.4,0.15000000000000002,0.85,0.98,0.02,0.98,0.02,0.050000000000000044,0.95,0.03,0.3,0.67
4. Be sure to set aside time to review your online courses. Remember to log in using your Donnell97 and pDX0Zdj0aEQg for the student portal at https://aching-maniac.com,,,,,,,,,,,,,
Payment from Checking Account of amount 417.8995k was confirmed for the stress management course. The transaction details were sent to Silas.Lockman@yahoo.com for Clarissa.Cartwright85.,0.040000000000000036,0.96,0.15000000000000002,0.85,0.92,0.08,0.98,0.02,0.98,0.02,0.05,0.82,0.13
"We found discrepancies with the claim number 1828041017972008 raised on September 20, 1985. Contact our customer service for more information.",0.97,0.03,0.9299999999999999,0.07,0.92,0.08,0.99,0.01,0.99,0.01,0.8,0.1,0.1
"Dear parent, send 0.67m overdue transport fee to 3MMMYmhv5QM5jkvwiVwPF84mz4qb48VjUp4Cbs.",0.97,0.03,0.97,0.03,0.06999999999999995,0.93,0.98,0.02,0.98,0.02,0.05,0.04,0.91
